# Resource object code (Python 3)
# Created by: object code
# Created by: The Resource Compiler for Qt version 6.11.0
# WARNING! All changes made in this file will be lost!

from PySide6 import QtCore

qt_resource_data = b"\
\x00\x00\x068\
\x00\
\x00\x177x\xda\xb5XKo\x1b7\x10\xbe\xebW\x10\
\x1b \x90\xd1d-\xc9\xb2\x9c.\xd0\x87\xa2\x04p\xd0\
\xb8uj'\x01z\xa3v\xb9\x12+.\xb9\xe1r\xed\
8\xb5\x8f9\xf4\x92K\x0fE\xd1S\x0f=\xb6@\xeb\
S[\xb4\xbf\xa6\xa9\x9b\x7f\xd1!\xf7\xa1}Jr\x91\
l\x80X;\x9c\x07\xe7\x9b\x19\xcepi\x10\x0a\xa9\xd0\
#\xf5(\xa6\xee\xa2CK\xaf\xf6Dp%\x05\x8b\xaa\
\xf4\x87\xf8L\xc4\xaaF~J\xb9'N;\xf0$\xbf\
\xd0W\x1d\x04\x0f\xf5\x1c\x84\xa7 \x90\xaek\xda)\xf5\
\xd4\xdcA\xc3A\xcf\xbc\xce\x09\x9d\xcd\x15\xbc\x0f{ \
\xad)\x8a*F\x1cd\xbd~y\xf9\xf7\xef\xaf\xac\x84\
\x18\x08\x0f3\xaa\xce\x1c0i\x8f\xc3\x90Q\x17+*\
\xf8\x81\xa6\x1b\x0e\x9f\xe1Yd\x96\xefQ\xcc\xc4\x0c\x9d\
\xeb\xdf\x89\xe1\x09\x13\x11\xb9\x1b+%\xf8>\xe5\xaa\xb8\
t\xac\xadibbg{\x1b}\x90?\xe8xN\x02\
\x82\x8e\xce\x22E\x82\x02=\xe3\xbc\x87\xe5\x02)\xc3\xe3\
\x0a&d\x84\xba\xae\xe0\x11\x05v0rJ\xd5\x1c\x05\
\x98r\xfbY\xc0\xb6\x8c\x8c$\xd8\x13\x9c\x9d\xa1P\x8a\
\x90Hu\x96\xc8!\x0f\x14\xdd\x9dM\xf4op\xfcF\
\x9f\xf4\xc9\x80XkE\x8eb\xe9c\x97\xe4r\x03<\
\xc0;\x1b\xc8\x8d]\x176\x98\x8b\xddy\x7f:\xf4\xf1\
z\xb1c\xf2|)\xe4z\xde\xc8\x1fn\xb2\xc7iI\
\x0e\x8f\xb0\xe7\xdeY/wWH\x8f\xc8\x5cl\xb8;\
\xdc\xdb\xc5V\x1e\xa4\x87:k*\xd8_\xfdry\xf5\
\xdd\x9f\xff~\xfd\xeb\xd5\xe5\x1f\xab\xf1fZ\xba\x00\xb8\
\xbf\xeb\xf7\xc8\xd4Z/SE\xdc\xc7\xfe\x9e?\xd8@\
\xb0\x02\xf9\xd0\x1f\x11\x7fo\x03\xb9\x12v\x03W\xff\xdb\
h\x9be\xd0\xf7\xee\xec\xf5G\x9b\x08VP\xf7F^\
O\x07+C}\x12K\xa9S\xbb\x8c;ht\x15=\
!H\x89d\xe5\x00s<#\xd2\xa6\x91\xae\x90$\x14\
\x15k\xd3\x0c\xfc\xa2\x00\xbay\xb3I\x01\xfa\xa8X \
\xc8)\x85\xafIyT\x8a\xd2\xe6\x16\x8a\xd1\xcd\xcc\x14\
iM\xb6p1\xb0\x9b\x9b*\xe4Cf\xa9@j2\
\xa4\x96\x01\xdd\xdcL\x9e\x05\x99\x91\x9c\xd0\x8c[1m\
\xae\x83\xdb\xb4f\xa8HkL\x80b\xa6]#\x09\x96\
by\x22,Iy\xa2>\x0e=\xac\xf2\x0c=\x9d\x13\
\x9e\xe5\xec\x1c\xf3\x19\x89\x0c\x1f\xf48N\x5c\xddE\xa2\
\xb4_\x99\xf6\x83\xe5\x8c\xa8\xf2\x9e\xf2E?\xe6F\x00\
\x09nz\xc3\xc4\xa8\xf3\xba[\x05\x05\xfa\xd1m@0\
bC\x1f\xeaZc\xdd\x01\x91g\xba\x92S\xda\x87\x07\
%\xe3X\xb7Z\xfc\xb5\xb4\xc3\x16\xb8i\x19?\xad\xad\
\xdc\xc4E'\xf9\xbf\x93\xd82\x18\xa6\x15\x95\xd0>\x07\
\xbf\xc0\x00#\x85}a\xee\xce\x01\x0d\xdb\xa7\x8c9(\
\xc4\xba\x92;\xcb\x0d\xd7\x95$\x18\xb18\xe0I\xd7\xaf\
\xf8\x98\xe9\xd3YK\xe4\x03^\xd3\xa9\x9f(\xc4.\xe5\
\xe0v\x7fT\xa2\xa7S@\x22a\x9b7t\x1b\xe9\x19\
\xa0\xc8\x05\x91\x1c\xc7\x0a\xac\xa0\xf1\x09\x86\xc0\x94\x16\x1f\
\x04\x00WeO\xfaI6k\xc3\xb80\xe3\x01hO\
F\x06\xfd\xb6?1[\xadID\x22\x96\xae\x1e9\xb0\
\xb1b\x87|f\xb50\x1d\xd1\x17\xc4N7\xdf\xef\xf5\
Vqe\x93M\x13\x9b\x8e\x01\x8c.`\xd3xa\x1f\
J\x12\x11yB\xc6Q\x08\x91\x9b@\xa9\x94D.:\
\xf9\xd3\x0c\xcf\xa78 \xa5%]{o\x05\x1b}\xec\
\x002\xfb\xf1L|\xbcX\xb0:.i\xe6\xa8R\xb1\
\x97|\x85Q\xd2\x9e\x0a\x06\xb3\xa0\x921i^\x0f\xe9\
s\xc24l\x0e\x1a\x0c\xaa\xbeW|>\x22\x906X\
UL5\xa5|\xc5m\x8d\xfa\xd3$v\x8d;I\xd9\
BI|\x02\x8d\xce\xdb\xcf\x22\xd8\xe6t\xe1\x10[\xb3\
\xe7C)\xbe\x84\x0d\xc2\xdc\xc2\x17\xef4Po~\xf8\
\xed\xea\xfb\x9f\xdf|\xf3\xd7?\xaf~l\x0dVT=\
\x9cW\xc5\xa3\xbf\xb3\xc6\xb7\x09\x0c\xe3\x0b<\x05\xe4k\
\xdem\x10\x94k\xb8X\x8dO\x1aK\x06V\xb5;6\
\x5cJ`+T\x19:z\x0f\x0dz\x1b\x87x\xa7\xd7\
\x86\x95uc\x07\xef\xe0!\xa9\x83)\xb1Gc\xb8r\
\x0ck+I^\xd8k\xb2\xa4\xc0\x99\x9d(\x9d\x1aC\
K~d\xb7\xab\xcc\xf7F\x86\x8dN\xe8J\xfe|\xa1\
\x1b\xd3'\xe4!\x85?\xbd\xd1`o{\xff\xb3\xc3\xfb\
\xb7u`oC\x9cA\xd8j\x94N]\xc5\x95\x19f\
mn\x0d\xda\xd9b\x0e\xc8\x80\x7f$\xf1\xf2@\xc4\x11\
\x01H\xb9\x82+Ud\xdej\xb2\x17u\xfc\x0c\xe3\x18\
F\xd45 6+\x5c\xdb7\x8b\xcf\x5c\x9c\x10y\x9f\
\xebJh;\xeb\x0cT\xb1\x8c\x84<\x9a\xe3\x90\x98\x94\
?\x14p\xfb\x84\x1e\xb9\x8f\xb971k\x8db\x82\x9b\
:\xd3\xaa\x9b=\xd1\x0f\xa8\x83)\x8b?\x96\xec\xfes\
\x089\xc7\x8c\x9du\xad\xb9Ra\xe4lo\xcf\xe0F\
\x1aO\x01\xc3`{}\x98\xb7\x1a\x8d\x5ctVS\xea\
\xa7\xc3\x13\x22#=1Q\xee\x8bw\xdb\xa22\x0fP\
\xe2\x01:\xe9\xdb\xbd\xb7t\x04V\x0a\xb3\xe9\x0c\x14\x11\
AS\xf3\x89\xa1\xb46\x89#%\x82\xe4\xdb\xc3\xbb<\
\x04\xfb\xd79\xec\x06m\x18\xbe~y\xf9\xe6\xdb\x9f\xea\
\xa0M\x15\x9f\xac\xaf\xf0B\x8a\x16\xbe\xfa\xd8\xae\xc6\xa6\
\xbb\xd5i\xce\x9a\xd2,k\xee\x98\x1a0\x94\x226\x11\
A(\xb8\x8e&\x5c3\xa1B=\xe4KX-\x7fV\
qs\xa6\x12\xda\x0e\xaa\xc1^\xbd\x84\xact+g\x8e\
\x94\x84\xfa\x84Y]0EC\x80\xc9Z\xc6\x7f\x8a\xdd\
\xc5L\x0a8\xac\x9c\xd6n\x97\xa6\x5c:\xec\x92\xe4\x84\
\x80\x01\xbf\x9bR @Qd(\x10|=\xf4\x13\xd9\
\xcd\xb6v\x0b\xf5\xed\x9d-\xe4\xb4\x96|\xe9I\x15\x9a\
\x93(Sh.\x0f\x15\x8d}\xd0\x98{\xaf\x7f7w\
\xb9\xe6\x0e'\xf4L\xaf?\xc5\xd5\x1c\x82\x82\x03]=\
{\xb7S\x8f\xb3>\xb9\x81\xfb\x81\x22\x81\xd3T\xfbI\
\x06\xa6*U\xb5\xa5\xb5A\x98\x7f,C+Jz\xd5\
\x04Z-\xf5\xd4B\x99\x8c\xce\xcf\xabc\x10\xb4\x04\xfa\
B7#6^\xd6\xae\x99BZ\xab\x17b\xa2\xa8\xdb\
\x22\xf0\xa4\x22\xb0\x04\xee\x18\xd2\xee\x98\x86\x15\xb8Nh\
D\xa7l\xb9\xe1,\xe4\xfa\xf6\x9c\xe4\xa9\xcd\x08\x9f\xc1\
\x1c\xf4!\xea5\x00\x9d2\x95V<\xc20\x84u\xb7\
ra\xd9$\xc5K'k\xe5\x8b\xc9\xff\x9b\x8c\x9as\
\xef\xa2z\xcd^\x99S\xab\xdd]{{\xa9\x1fR\x17\
\x9d\xff\x00\x0f\xe2\x9c\x11\
\x00\x00\x05`\
\x00\
\x00\x13\xa7x\xda\xcdX_k\x1bG\x10\x7f\xbfO\xb1\
\x5c \xc8\x10.\x92,\xff\xe9A\x1bl\xe5\xc1\x81\x04\
\x9a\xdam\x9eWw{\xd2\xe2\xd5\xaez\xb7\xb2\xa3\xd4\
\x86\xd2\x92B[ZSH))\x94\xd2\xd2\x87\xbc8\
\xa45\x85\xe0\xd6\xfd0%\x8a\xec\xa7~\x85\xce\xee\xfd\
\xd1\xed\xe9N\x96)\xa5=\x83}7;\xb33\xf3\x9b\
\x99\x9dY\xd3\xfe@\x84\x12\xdd\x97\xf7\x87\xd4\xdb\xb5\xa8\
\xf1\xe9\xb4\x05\x97\xa1`Q\x91~\x17\x8f\xc4P\xce\x90\
\x1fP\xee\x8b}\xcb\x8a\xff\xa2\x0f,\x04\x0f\xf5]\x14\
\x11))\xefF\x09\x83\x22\xefS_\xf6\x5c\xb4R\xaf\
\xeb\xcf\x1e\xa1\xdd\x9etQ+\xf9\x96T2\xe2\x22\xfb\
\xfc\xf9\x1f\x93\xb3\xe7\xb6\xa6\xf5\x85\x8f\x19\x95#\x17\x14\
:\x1b\x83\x01\xa3\x1e\x96T\xf0{\x8a\xae9\x02\x86\xbb\
\x91^\xbeM1\x13]t\xa0\xdec\xadm&\x22\xb2\
9\x94R\xf0-\xcae~iG)SDK\xefr\
\xf3&z3{\xd0N\x8f\xf4\x09\xda\x1eE\x92\xf4s\
\xf4\x94\xf36\x0ew\x91\xd4<\x9e`\x22\x8cP\xcd\x13\
<\xa2\xc0\x0eJ\xf6\xa9\xec\xa1>\xa6\xdcy\xbf\xcf\x96\
\xb4LH\xb0/8\x1b\xa1A(\x06$\x94\xa3X\x0e\
\xf9\xb0\xd1f\xb7\xad\xde\xc1\xefk\x0d\xd2 Mb_\
*\xb2=\x0c\x03\xec\x91L\xae\x89\x9bxy\x01\xb9\x0d\
\xcf\x03\x033\xb1\xf57:\xad\x00_.\xb6C\x1eN\
\x85<\xdf_\x0dZ\x8b\xd8\xd81\xe4\xf0*\xf6\xbd\xf5\
\xcb\xe56E\xe8\x930\x13k\xad\xb4\xd6V\xc0\xc6\x14\
\xfa\xbb*e\x0a\xd8O~>\x99<=;\xff\xf4\x97\
\xc9\xc9o\xf3\xf1fJ:\x07x\xb0\x12\xd4I\xc7\xbe\
\x5c\xa6\x88x\x80\x83\xb5\xa0\xb9\x80`\x01\xf2V\xb0J\
\x82\xb5\x05\xe4\x0c\xec\x9a\x9e\xfaY\xc8L\x13\xf4\xb5\xf5\
\xb5\xc6\xea\x22\x82\x05\xd4\xfdU\xbf\xae\x82\x95\xa2\xde\x1e\
\x86\xa1Jm\x13w\xd8\xd1\x93t\x8f )\xe2\x95{\
\x98\xe3.\x09\x1d\x1a\xa9\x0a\x89CQ\xd0\xd6I\xc1\xcf\
\x0b\xa0\xeb\xd7\xcb6@\xb7\xf2\x05\x82\x5c#|e\x9b\
GF\x94\x16\xd7\x90\x8fn\xaa&O+\xd3\x85\xf3\x81\
]\x5cU.\x1fRM9R\x99\x229\x0d\xe8\xe2j\
\xb2,H\x95d\x84r\xdc\xf2is\x15\xdc:3\x8a\
\xf2\xb4\xd2\x04\xc8g\xda\x15\x92`*\x96%\xc2\x94\x94\
%\xea\xbb\x03\x1f\xcb,C\xf7{\x84\xa79\xdb\xc3\xbc\
K\x22\xcd\x07\x1d\x8e\x13Ou\x91(\xe9W\xba\xfb\xe0\
\xb0K\xa4iS\xb6\x18\x0c\xb9\x16@\x82\xeb\xde\xd0\xd6\
\xdb\xf9\xb5\xa5\xdc\x06\xeaQm@0\xe2@\x1f\xaa\xd9\
\xdbI\x07D\xbenL\xaea\x8a\x0fU\xe3\xda7*\
\x5c\xb6\x95\xcf6xjkW\xed\xa5L\xcb\xa1\x15\xff\
\xb6bu\x1a\xc6\xa4\xa8b\xda;\xe0\x1a(`$g\
\x1a\xe6^\x0f\x00q\x02\xca\x98\x8b\x06X\x15\xb35\xb5\
yv\x93\x18&6\xec\xf3\xb8\xed\x17\xdc\x9c\xbb_\x9e\
\xa1\x0f\xa0R\x0e\xed\xb9\xd92\xd6\xa3\x01\xf6\x00\x1a\x17\
5V-c\x01b\xb8\x05\x07U\x0ez\xf5\xa8\x8c*\
\x98\xa0C\x06\xe4\xc2\xbc`\x06C;\x86\x0b\xf5\x95\x7f\
\x02\x18v\x9c\x8e`0\xaf\xc8pH\xca\xd7\x07\xf4!\
a\xdb\xf4\x11\xcc&\xcd\xba\xc1rh\x1a_\x06}\xfa\
\xc48j\xc4\x1e\xc4cP\xa9\xc2\x84m\x10\x92\x80\xc0\
\x99\xebo%3R\xa3\xca\xbb\x5c=\xcd3\x0dp}\
\x9b\xc1y\xd6\x03_\xa1\xd6 Oe1fw\xd4\xb0\
\xf3O\x0dWl\xa9\xcd\x9ao\x86qNZ\x15\xb3G\
\xc5\x8d\x84wxi\x8a\xcd\xa6R\xd3*e\xa8H\x9e\
\x82\xe10evy\x1f\x94\xc4\x93\xa6\xfa\xdajk\xfd\
\x95\x92I\xfa\xfd\xf9\xed\xd3\xbf^\x1e\xd9\x95l\xc5\x1c\
j\xad\x97\xb2\x1e\xfe7\xd6\xc7\xc53\xfe\xec\xfb\xf3\x8f\
\xcf\xc6\xbf\x7f8>\xfa\xea\xd5\xcbc\xc7q\xaa\xfdI\
\x12/*\x1e\xf4\x8b\xf8\x0e\xe5\xfe?\xf2\xfd\xf5\xf1O\
\x17?\xfcz\xf1\xdd\x8f\xe3\x17\x9fL\x9e<{u\xfa\
\xe5\xc5\xe3/\x14\x1a\xa7O\xe0s\xf2\xec\xf3\xf1\xe9\xd1\
\xf8\xe8\xa3\xd7_\xbf\xf8\x97\xd0hV\xa01\x9f2[\
\xda\xfa\x9e\x83:\xfa\xa2c\xac\xb5\x87\x91\x14\xfd\xf8\x06\
T]\xdbW@\xb0x>%GB\xa3p0\xce;\
\xca\x96\x9bU\x07\xf9\xf8\xf1\xc9\xc57\xc7\xb3Xw$\
o_~\x96\x0b\xde\x86\xdb\xe1.\x99\xb9{:\x9e\x82\
\xa7\xb6d\x95CjtT=\xec*\xccP\x02Z[\
\xc0}\x97\xa7\x87\x8f\x97~\x99\xc8\xbah\x06\xe2\xe2\xd8\
3\xd7\x85\x8c9\x92!\xd8\x0d\xa3\x81`\x92\x0e\x00\x12\
{\x1a\xeb\x0e\xf6v\xbb\xa1\x18rp\xb0\xaa\xd3$\xd9\
\x18\x1f\x97\x0e\xe1\xb8\xc3`\xd2\xb8\x85j\x09\x05\x82\x11\
E\x9a\x02\x81V3\x06\x09k\xa9i7P\xc3Y^\
Bne\xfa\x1aO\xb2aO\xec\x910\xddP\xcf*\
\x85\x1d\x1b\xb0c\xe6\xbdz\xb7\xaf-\xe3e\xdc\x22f\
\x98C\xec\xd3!\xcc\x09\xe6\x98 \xd4\xd9\xae.\xff3\
\x0e5\x9c:\xecUwV\xac\xd9\x80&\xcdM\xf53\
\xb7\xec\x0c\x89\xb3-\xd9R},\x04av=Gs\
\xaa}\xde<Q\xac\xfeD\x83IF\x07\x07\xa8\xb1l\
\xc8A+\xa4\x8f\x80\x09\xb3\x8di\x9d*\xf5\xd5\x95\x0a\
1\x91\xd4\xab\x10x\xaf 0\x05n\x07\xd2n\x87\x0e\
\x0ap\xed\xd1\x88v\xd8\xd4\xe04\xe4j^\x8f\xf3\xd4\
a\x84we\x0f\xbd\x85\xea%@'L\xc6\x8aO\x18\
\x1eM\xff\x13t\x95\x147\x0e\xdd\xc2\x1d\xcd\xd8K\x0f\
F\xce%cRu\xee\x1d\x16\x07\xfb\xb995\xdf\xdd\
\x9c\xcd\xb24ofO\xa3C\xebo\x87,\xbe\x06\
\x00\x00\x05U\
\x00\
\x00\x13\xa2x\xda\xcdX\xedk\x1cE\x18\xff\xbe\x7f\xc5\
\xb0\x85r\x81\xb2\xbd\xbb\x5c^<\xd0\x92\x5c\x84\x14R\
\xb4&\xda\xcfs\xbb\xb3wC\xe6f\xce\xdd\xb9\xa6W\
\x13\x10\xa4E\xfd\x10\x11\x04\xf5\x83\x14\xa5\xa0_R\xd4\
\xa0h\xb5\xfe5\xbd\xa6\xf9\xe6\x9f\xe03\xb3/\xb73\
\xb7{\xb9PD7\x90\xec>\xf3\xbc\xfe\x9eg\x9ey\
&t0\x14\x91D\xb7\xe5\xed\x11\xf5\xf7\x1dj|z\
\x1d\xc1e$Xl\xd3w\xf0X\x8c\xe4\x0c\xf9\x0e\xe5\
\x818p\x9c\xe4/\xfa\xc0A\xf0\xd0\xa0\x8d\xfcDO\
\xba\xae\xa8\x074\x90\xfd6Z\xa9\xd7\xf5g\x9f\xd0^\
_\xb6Q+\xfd\x96T2\xd2F\xee\x8b\xe3\xef'\x1f\
\xff\xeaj\xda@\x04\x98Q9n\x83=oc8d\
\xd4\xc7\x92\x0a~K\xd15G\xc8p/\xd6\xcb[\x14\
3\xd1C\x87\xea=\xb1\xdaa\x22&\x9b#)\x05\xdf\
\xa6\x5c\x16\x97\xf6\x941Et\xb4\x96\xeb\xd7\xd1\xeb\xf9\
\x83\xf6\xfad@\xd0\xee8\x96dP\xa0g\x9c[8\
\xdaGR\xf3\xf8\x82\x89(F5\x086\xa6\xc0\x0eF\
\x0e\xa8\xec\xa3\x01\xa6\xdc{\x7f\xc0\x96\xb4LDp \
8\x1b\xa3a$\x86$\x92\xe3D\x0e\x05\xa0h\xb3\xd7\
Q\xef\x10\xf7\x95\x06i\x90&q/\x14\xd9\x1dE!\
\xf6I.\xd7\xc4M\xbc\xbc\x80\xdc\x86\xef\x83\x83\xb9\xd8\
\xfak\xddV\x88/\x16\xdb#\xf7\xa6B~\x10\xac\x86\
\xadE|\xec\x1arx\x15\x07\xfe\xfa\xc5r\x9b\x22\x0a\
H\x94\x8b\xb5VZk+\xe0c\x06\xfd\x8e*\x19\x0b\
\xfb\xb3\x9fN\xcf\xbe~\xf6\xf2\x93\x9f\xcfN\xff\x98\x8f\
7S\xd2\x05\xc0\xc3\x95\xb0N\xba\xee\xc526\xe2!\
\x0e\xd7\xc2\xe6\x02\x82\x16\xe4\xadp\x95\x84k\x0b\xc8\x19\
\xd85}\xf5\xb3\x90\x9b&\xe8k\xebk\x8d\xd5E\x04\
-\xd4\x83\xd5\xa0\xae\x92\x95\xa1\xde\x19E\x91*m\x13\
w\xd0\xe8Kz\x97 )\x92\x95[\x98\xe3\x1e\x89<\
\x1a\xab\x1d\x92\xa4\xc2\xb2\xd6\xcd\xc0/\x0a\xa0\xabW\xcb\
\x14\xa0\x1b\xc5\x0d\x82\xdaF\xfa\xca\x94\xc7F\x96\x16\xb7\
P\xccnf\xa6H+\xb3\x85\x8b\x89]\xdcT\xa1\x1e\
2K\x05R\x99!9M\xe8\xe2f\xf2*\xc8\x8c\xe4\
\x84r\xdc\x8aes\x19\xdc\xba3\x86\x8a\xb4\xd2\x02(\
V\xda%\x8a`*\x96\x17\xc2\x94\x94\x17\xea\xbb\xc3\x00\
\xcb\xbcB\x0f\xfa\x84g5\xdb\xc7\xbcGb\xcd\x07\x07\
\x1c'\xbe:E\xe2\xf4\xb8\xd2\xa7\x0f\x8ezD\x9a>\
\xe5\x8b\xe1\x88k\x01$\xb8>\x1b:Z]P[*\
(P\x8f:\x06\x04#\x1e\x9cC57=HQ\xa0\
\xcf\xa5\xb6\xe1I\x00\x9b\xa6\xed^\xab\x88\xd8U!\xbb\
\x10\xa8\xab#u\x97r#GN\xf2\xdbI\xaci\x14\
\xd3=\x95\xd0\xde\x81\xc8\xc0\x00#\x05\xcf0\xf7\xfb\x80\
\x87\x17R\xc6\xdah\x88\xd5^v\xa6.\xcf*IP\
b\xa3\x01O\x0e}+\xca\xb9\xfa\x8a\x0c\x03\xc0\x94r\
8\x9d\x9b-c=\x1eb\x9fr\x80\xa4\xb1\xea\x18\x0b\
\x90\xc2m\xe8S\x05\xe4\xd5\xa3\x0a\xcarAg\x0c\xc8\
\xd6\xb8`\xe6B\x07\x86\xad\xedU|B\xc8\x90\xd7\x15\
\x0c\xa6\x15\x19\x8dH\xf9\xfa\x90\xde#l\x97\xde\x87\xd1\
\xa4Y7X\x8eL\xe7\xcb\xa0\xcf\x9e\x04G\x8d\xd8\x9d\
d\x0a*5\x98\xb2\x0d#\x12\x12h\xb9\xc1v:\x22\
5\xaa\xa2+l\xa7y\xae\x01\xaeo3hg}\x88\
\x15\xb6\x9a\x1a\xcd\xec\x9c\xddT\xb3\xce\xab:\xae\xd82\
\x9f5\xdf\x0c\xe3\x9c\xb2\xb2\xabG\xe5\x8dD7yi\
\x89\xcd\x96R\xd3)e\xa8(\x1e\xcbq\x182{|\
\x00F\x92AS}mw\xb4\xfdJ\xc9\xb4\xfc\xfe~\
t\xfc\xc4\xadd\xb2+\xa8\xb5^\xcaz\xf4\xdf\xf8\x9e\
l\x9d\xc9\xa7\x8f^~\xf4l\xf2\xe7\x87\x93\xcf>\x7f\
\xfe\xdb\x89\xe7y\xd5\xf1\xa4e\x17\xdb]~\x91\xd8a\
\xb3\xff\x9fb?y|\xfe\xed/\xe7\xdf|7\xf9\xf1\
\xe1\xd9\x17?<\x7fz\x9c\xa0\x81\xde\xdays\x0b\xbd\
\xf8\xea\xaf\xb3\xc7O'\x0f\x1fL\x9e\xfc\xfe/\xa1\xd1\
\xac@c>evc\xebK\x0e\xea\xea[\x8e\xb1\xd6\
\x19\xc5R\x0c\x92\xebO\xf5\xce\xbe\x04\x82vwJ\x1b\
B\xc3j\x8b\xf3\x1a\xd9r\xb3\xaa\x8dO\x1e\x9c\x9e\x7f\
y2\x8buW\xf2\xce\xc5\x9d\x5c\xf0\x0e\x5c\x0d\xf7\x89\
}\xef\xf4|\x85Nm\xc9)G\xd48N\xf5\xa0\xab\
 C)f\x1d\x01W]\x9eu\x1e?\xfb2\x81m\
\xa3\x19\x84\xed\x91gn\x049s,#hd0\x17\
\x08&\xe9\x10\x10q\xa7\xa9\xeeb\x7f\xbf\x17\x89\x11\x87\
\xf8\xaa\x8e\x99\xb4\x18\x93^\xe9\x11\x8e\xbb\x0c\xc6\x8c\x1b\
\xa8\x96R \x17q\xac)\x90g5`\x90\xa8\x96\xb9\
v\x0d5\xbc\xe5%\xd4\xae\xac^\xe3I\x15\xf6\xc5]\
\x12e\x0a\xf5\xa0bil\x80\xc6<z\xf5\xee^Y\
\xc6\xcb\xb8E\xcc,G8\xa0#\x18\x12\xcc\x19A\xa8\
\xc6\xae.\xfe3\x015\xbc:\xe8\xaa{+\xcelB\
\xd3\x93M\x1df\xed\xb2\x16\x92\x14[\xaaR},\x04\
a~5Gs6\xfb\xbca\xc2\xde\xfc\xa9\x05\x93\x8c\
\x0e\x0fQc\xd9\x90\x83s\x90\xde\x07&\xcc6\xa6\xdb\
T\x99\xaf\xde\xa8\x90\x13I\xfd\x0a\x81\xf7,\x81)p\
{Pv{th\xc1u\x97\xc6\xb4\xcb\xa6\x0eg)\
W\xb3zR\xa7\x1e#\xbc'\xfb\xe8\x0dT/\x01:\
e2V\x02\xc2\xf0x\xfa_\xa0\xcb\x94\xb8\xd1s\xad\
\xfb\x99\xa1KOE\xde\x053Ru\xed\x1d\xd9C\xfd\
\xdc\x9a\x9a\x1fn\xc1gYZ7\xb3\xdd\xe8\xc8\xf9\x07\
i\xf1\xb7Q\
\x00\x003r\
\x00\
\x01b\xa5x\xda\xed}mw\xd3V\xb6\xf0\xf7\xfc\x0a\
\xd5]k\xc6.\xc1\xd8\xceK\xd3\xb4\xcc\xac$\x85\xa1\
\xeb\x96\x96\x02\x9d\x99\xb5(O\x97l\xcb\x89\x8a-\xf9\
\xda2$\xd3f\xad\xd0\x16H !P^\x02\x14Z\
\xe0\xd2Bi\x09\x94RH\x93\x00\x1f\xee?\xe9\x8ad\
\xfb\x13\xf7'<\xe7E\x92\x8f\xa4#\xe9\x1c\xc5\x09\xd0\
&\xf7\x0e\xb5\xa4\xf3\xba\xcf>\xfb\xed\xec\xbd\x8f\x5c*\
\xab\x15M\xf8@\xfb\xa0&\xe7\x0et\xc8\x8e\xc7\xe4\x90\
\xaah\x15\xb5Xu\xbf\x7fW\x1cSk\x9a\xe7\xf5\xbf\
d%\xaf\x1e\xea\xe8\x18(\x97\x8brN\xd4dU\xc1\
\xaf\x84O;\x04\xf0'\xe7\xfb\x85\x8a\xaaj\xe8\xe1\x90\
\x9c\xd7F\xfa\x85\xbe\x9e\x14z\x1c\x91\xe4\xe1\x11\xad_\
\xe8M\xe1\xe7\x92\xac\xc8\xa5Z\xe9_\xceR\xe6\xdb\x1d\
f\xe1\x1e\xb3\xb0&kE\xa9_\x88\xedx\x7f\xd7\xb6\
\xcd\xef\xca\xca\x01a\xa8(K\x8a\x16C_\x0f\xcaU\
9\x0b\xbfk\x95\x9a\xd4\x81^m\xd9\x22l\xb5\xff\x84\
\xbd#RI\x12\xf6\x8cU5\xa9D\xbc\xb7J\xbe-\
V\x0e\x08\x1a*\x93S\x8bj\xa5*\xc4\xf3RA\xac\
\x15\xb5\x04*R\x91\xc4\xbc\xaa\x14\xc7\x84rE-K\
\x15m\x0c\x17\x13\xf2\xa0\xde\xe0\xf0\x10\xfc\x0d\xc6\xf6j\
ZJK\x19)\x16ZeO\xadR\x10s\x92]/\
#f\xc4.\x86z\x03\xb9\x1c\x98\xb2]\xad\xef\x8dl\
wA\x0c\xaf\xb6W\x1amU\xca\xe5\xf3\xbd\x85n\x96\
1f\x1d\xf5\xc4^1\x9f\xeb\x0b\xaf\xb7\xadRQ+\
v\xadBW_V\xecc\xe9\x0dL\xadZ%z\x93\
\xba\xc4tx\xbdA\xb5\x92\x97Z\xddu\xf7t\xbf\xde\
\xc3\x00\x91w\x94rM#\x16\xaeK\xec\x12\xbb\x19\x16\
`\xa7\xaa\xc8\x9aZ!\x97\x5cL\x8bp\xc9-Lz\
\x17\xa2\xad\x0b\x95\x1a'\x7f\xd4\x8f\xdck<\xbd\xdd\x98\
\xba_\xffe)\x18\xa5\x8a\xb0\x01\xa2\x83BJ\xcaJ\
]\xb1\xf0:n\xa4*\xf4\x80\xaa}\x0c\x15]X\xf5\
\xba\xd8W\x10{\x19\xea9\xd0\xa3+\x07`\xd8\xcb4\
L'^\xf5\x89}=})\x86\x8aN\xc4\xcau\xbf\
.\xbe.2\xf5\xe7\xc4\xac\xd7\xc57$\xa6\x8a.\xd4\
\xcaw\xe7\xf2\xb9n\x86zn\xdc\x92\xfa\xa4L\x9e\xa5\
C/r\x15\xc4Bo!\xd5B\xae\xa1Z\xa5\x02\x96\
\xca\x85^\xa0\xd1\x9c&\x1f\x94\x04M\xc5_v\x8a\x8a\
8,U\x92r\x15\xd25\x8cn\xae\x0e\xb3V'd\
\x05\xe1/\x7f\xa15 \xfc\x9d\xa4sB\xbf\x03Ei\
\x8dW\x1d\x98\xc8\xde\x03\x89\xc1V7\xe4;Z_\x22\
\x89\xbc\xec]\x118o\xf5D\xbc\xa2u\xa4\xb5\x90\x96\
\xbd\x1b\x1b\xd3\xadN\xec\x17t\xb8\x91[\x83\x07nY\
OG\xe4;Z_\x12\xb1\x9b\xd8{j\xedA\xab\x9f\
\xd6\x1b\xfa\x8c\xc8\xcd\xc73\xa3V\xbd\xd6\x8cZ\xef\xa8\
(M\xeeW\x0e\xb4nU\xb3Q\xbb\xf5\x8a\xd6\x91\xec\
\xd8\xe0\xec=\x91\x84\xc1\xea\x8a|G\xeb\xab\xe4\xa2\x09\
\xec\xbd9\xa9\x89\xd5\x9f\xf3\xadMX>,\xe7E\xcd\
\xa6(\x87F$\xc5\xa21#\xa22,UQ9 \
**R\x0e\x8a|US\xdaC\x82\x99X\x19\x964\
\xe7\xc8\xec\x8f\x85\x9a\x82*\x08\xaa\x82$\xb0!\xd4\x5c\
>\x9e \x1a0\x87\xb0]\xad\xe4\xa4\xd6\xf4+\xd2f\
\xe9\xa0X\xac!\x11S\xc8\x8e\x01\xe26<\x5c\x94\x95\
aA\x14\xf2\xb5R\xa9EB\xdd\x0d\x81\x8eZ\xcdd\
\x81p\x0a*U\x051\xab\x02\x0ayH.\x16\x05\xb1\
\xa6\xa9%\xd0nN,\x02J\x5cCSw4\x92\x03\
3T\x8bR\xb2\xa8\x0e\xc7c{\x098\xe4\xc1(\xfa\
c\x9d>P\x8fA\xb0\xc7\x00\xa4c\x08\xd4\xb1\x84\xdd\
\xe8x\x07\xfe\xd7\x02\xf7\xfb\xefn{[\xd0g?7\
\xce\xdd\xf3a\x0b2\xa0\xf2`\x08yS8Ng\xfa\
B\x0aZ\xf2rowH\xc1]`\xd0U n\xbb\
\x06\xf3\xc5l\xfd\xc1U0\x1ecf^\x88\xa7S\x99\
n\x00sM\xaav\x0a\xcd\x0b\x0f\xeaW\x0f\x0b\xfa\xe4\
\x5c\xe3\xda\xb4\xbe<+4'\x8e\xea\xa7N7\x9e\x9c\
\xd1\x8f-\xbax\xcbA\xb1\x82\xfa\x18\xac\x15\x0a\x12\xc0\
\xd6}\xfb\xed^p\x07\xcd\xeb\x97\x81\x0c\xf4ly\xb2\
\xb9t\xa11\x7fceq\xbe\xbe\xf4\x14\xbd\x996n\
]3N|\x8bF\xf3ly\x8a\xb6\x17\xca\xf2\xa8T\
\xa4J\x88\xb4\x82\xef\x17\x0av\xd9\x14\xfa\x8b\x050\xc2\
\xa1Z\x15 \x05Y\xd6\x1ax}\xf9\x07\xe3\xec\x13\xe3\
\xee\xd9\x95''\x02@\x8b\xfa\xdc\x03P\x0a(!A\
K\x90\x97\xab\xe5\xa28f\xae\xab\xbd\xc4\xc2kD\x0b\
\xe1\xd5\xad\xd5n\xad\xbc\xb3\x01\x1b\xeaGn\xe9?\xcf\
\x02\xd0\x82\x85s\xce>\xab\xaaE\xb0=\x8b\xa0BE\
\x92\x94\x9dj\x1e\x0c\xbc \x16\xabD\xe5\x85\x9b\x8d\xf9\
k\x16\x8e:\x86Q\xa8\x88`3\xab5\x05\x8c!\xd5\
\xaa\xf0\xf8\x8c>5c\x5c=V\xbf\xf3\xa4y\xed\xd7\
\xfa\x83\xeb\xfa\xf29!\x9e\x12\xb6\xa2e5.<\xa9\
\xdfX\xec\x14\xd2\xe0ye\xe1\xbe>\xfb?\xf5\xafO\
7n\x1e\xd5/\xdeJx\xbb\xc8aYg\xaf\x98%\
\xbb\xb0k\xe8\xf3\x97\x8c\xb9\x87\xc6\xc2\x91\xfa\xa9\xa3\xf8\
7x\x09\x10\xcb\xb8;\xdb\x95\xaa\xdf\xfc\x0a\x7fYY\
\x980~\xba\xe6\xc1'\x88\xa7&e\x1d*J\xa2R\
+\xef\x95K\x10a\x15\x00\x10o_\xc6\xe5\x09\xfd\xc6\
M\xe3\xca\xb5\xfa\xd7\xf3\x00\x1c\xa0\x97\xc6\xc3#\x8d\xa7\
\xc7\x8c;7\xc0c\xe3\xd8m\xfd\xf8-\xbb?}\xe6\
\xb8\xd5\x1f}\x09K\xe2\xa8I\x85\x81\x1a\x0b\xb7\x22T\
qi*\xabZ\x06\xffS\x8bY0XBcE%\
w\x03:\x0c\x08RQ\x22\xe8(T\xbd5\x5c\xde~\
'*\xb9\x11@\xd1\x93\x9aZ\xee\x17\xca\x22\x04(\xfc\
\xed\xf9^\x94\x0a\x9a]\x00>xJT0\xc2\x99E\
\xd0\x93]\xc6R\xec\x9d\xe8\x04(bJ\x80\xb3\xb3\xcb\
\xe5\x8ar\xd9T\xd1[\xa4\x16mQRb\xec\xb0?\
\xeeV\x0fa3\x84\x8b[Xc*\x00jn\x0d\x89\
Z\xa0\x04x\x93\xac jG~\xae\x96\xc5\x1c`\x0a\
6\x11$\x98\xc7.h\xec\xa8JE\x00_\xb5\xe2\xf8\
8\xa4\x96\xb2\xea\xa0:\xea\x1a\x8b\x05yh%AE\
<_\xf1\x14\x92\xe5\x8a\x04hb\xc5&\xe9\x99L\xca\
\xaf(\x9c\x97\xb5\xc3\x1d\xd0\xb2\xfeJ\x00\xbc`\xe6U\
\xa9\x22\x8b\xc5\xc1\x8a\x9c\x1f\x86\xd0&\x1f\x93p<U\
\x01\x91`wmsg\xbd\xa3\xe4\xa5\xd1~as\xda\
S\xc0$2P~\xecw\x94\x16\xfe\xb6\x15\xac\xe9\xdf\
\xed\xbd\x09\x0a@v\xd7\x9c\x982N\xfc\x80\xb7t2\
\x99\x8cy\x1a\xcc\x8a\xb9\x03\xc3\x15@.\x00\xa0h\xa8\
\xebd\xbe\x08#LD\x93\x141\x0bh\x1c\xe8Sv\
JOU\xb7^\xe0\xfe\xab\x88y\xb9V\xb5\x88\xb1g\
DH\xc4K\x9a\x9de]\x02\x9fOi\xd3\x9e\xe5\x05\
\xd8\xb8\x17\xc6\xaa\xa2A\xa8i\x12`*\x08N\xf4\xd9\
j\x08\xc6\xe6d\x09\xb8\x07\x81Fs\xc8\xf5\xee\xbf\x83\
\x80\xd0@\xd1f\x00\x08!JI\x82\x14\x1a6\x98D\
\xcf\xff\x1c\x02/$zE\xb8\xedw\x89\xf9\xbc\xb93\
hE\xa4\xa2\x0c\xd9\x04jo\x1b\xfc\xbd\xdbA\x07\xfc\
\xc1\x01\xa5\xb0\x9c\xa8\xc1\xd1\x87\xad\xff\xa8\x0d\x0e\x04n\
a36#R\xcb\x9a\x0b\xd2\x9d\xa2~\xb5\xc8\x92\xd9\
\x1c~\x0c\xc49\xb0g\xde\xb1F\xbaS\xadU\xa5\x01\
@\xc2\x93p-E@F\xd0\x1b(\xe7\xbd\xda-v\
\x8b=\x12\x12\xf5\xb4\x8a\xa8Tq\x0f\xb1\x10<\xa4~\
\x1e\x12\x95\x83b\xd5\x07\x16$-\xcb\xa1\x95{G\xa1\
\x12<\x0aP\xd2)\xdf\x12\xb6!\xd6\xb7\x84\xaa\xec\x02\
3\x06E\xfc\xc7\x85p\x0d\xb0\xa6\x9c6\x0a\xf89P\
\x01\xa0%\x19 F<\x96\xc9\x13\xa2/\x15\xdc\xda(\
\xa2q{\xb41\x80\x06[\x1dzoh\xc5\xac\x04H\
\xfa.Q\x1b\x89\x87wR\x022\xff^5\x9e\xea\x14\
R\xe1\x85\x81r\x01\x0b#\xf0qW\x10\xb6\x08\x99N\
\x13\xb0\xe15sE\xb5*1\xce\x01\x02*\xa0\xd8x\
\x07\xfd-\xf5\xb5\x8d\xd3\x01\xebj13\xefF\x08E\
Q_~\xec@>\xb0&\x95m\x98\xac\xfb\xb07\x82\
QU\xd5\xca\x9e\x11\xb1\x0c\x88\xce\x07Zr\x97\x0ap\
\x12\x90\xa7\x1d\xa2\x92\x1fB\xdf\x02\x10x\xa8(\xe7\x0e\
\xc0.\x82Q\xd8\xe6\xdb\x80c\x96k\xe5$\x10\xd4\x94\
\x08\xe0\x0e\x7f\x83\x9a\xef\x07\x02\x06\xf8\x8f\xcf\x98\xc6X\
h\x95\xb9\xbdI\x1aI-'\x97\xe0\x09\x8d\xacY\x82\
\x04\xc1\x91\x92\xceo\xd4\xeae\x8b\x13\xa4\xe9\x1c\x91\x83\
\xa3\xfb\xc9y~e\xf9xs8\xaf\x1f\xf7\xa1\xf9\x04\
\x87~W\xaej\xff\x94\xa5CA3\xf0\x0a\xaf\x8c \
\x0f\x802!\xcc\xb5\x10\x11\xbd\xf0-\x0e\xbeI\xc3\xa2\
\x06v\x04\x1c\xfa\xdb\xe6S\x08\x96\xb3\x22\x8d\x9bCt\
e\x82\xe9\x13\xa3\x94\xe3\x95x\xd0\x1c\xdf\x1651\xb4\
<\x93\xd0\xd3\x16\x01\x88S\x18\x0aF\xaf\xa8\x1b\xc55\
mD-\x91\xfck\x1fR1I\x1dl\x83c\xa6\x92\
NJ\xe9P\x09\xb6B\xe1N\x1a\xe5\xa8\x8e\x09-\xe2\
\x81!\xfco\xbc\xcdtx\xdc\xa3\xef\x0d\x8a\xb5< \
\x1f`\x03YJ\x9f\x10\xd7g\xef\xd6\x97\xcf7\x9e\x9c\
\x86V\xa9\xb3w\x8d\xe9\xc3+\x0b'\x8c\x13SX\xcd\
\xd1\xbf\x9a6\xa6N\x00\x8d\x1fZ\xc0\x8e|\x97\xe0Q\
\x12\xb3\xa07.%1\xbd\xb6J\x22\x1c\xcfn0y\
&E\xb1\x1b\x01,\x9d\xee\xc9\xa4\xbc\x83\x92\xf2\xb2&\
\xb6N\xe0\xbd\x82\x22\xd0\x16\xb0\xfc\xff\x8e\xa2\xfd\xd3z\
\xf2\xc1\xba\xac\xaa!c\x1c\x9d\xf5 [\xc6\x1b\xf8/\
\x8a&\x86L\xee\x81\xea\x98\xbdL\xa1\x1aYAU\x1c\
\xe5\xe1\xf3\x8b\xa9\xba!\x8b\x8d]\xa6\x8b\xce)U\x05\
\x1e\x82\x95\xb5`\x82\xd0\x9a\xae\x8b\x10lN3\xd4\x81\
\x98\x82X\xc5V\x04\x8d\xc8\xf2T\x04\x9b\x82\xec>l\
y\xb1l\x06/\xb8\x92\xfc\x9f~!\x13\x0c\xdd\x0d\xcd\
yCs\xfe\x93k\xce\xf2\x9fCkn\x91\xf3\x0d\xad\
yCk~\x8eZs\x0b\x117\xb4\xe6\xe7\xaf5\x03\
z&\xff\x07\xf2|z3;\x18\x9a\xf9\xb3h\xd3\xbe\
B4\x9b6M\x95\xa7\xd9\xd1\xc3M\xbf_\x0ce|\
\xb7T\xa8H\xd5\x11![\x03\xfa\x9f\xe2T\xac\x91\x7f\
\xc6 \xfa\xe0\xa3\x5cWp\xedAM\x89\xac2\xfbh\
\xe1]^q\x0f\xef\xc7\xd8\xefG\x97\xbc\x18\x03\x0f\xe1\
5H\xf6b\xfa\xe4#\xe3\xfc=|0\x8a\x1chn\
yK\x93X#\xc8\x05!Nj\xe8\x09\xa7\xbenN\
\xf1ct\xb8\x1bO\x84\x02t\x8f\xa4i\xc8\xfb)\x1a\
D\xabf\xf55\x00iO\xca\x0f\xa4\x8d\xf9'\xf5\xc7\
\xf3^8A\xd5:\x89]\x5c\xe4\xff\x00:\x9eN\x07\
\x00\xde\x98:\xa3/O\xf85\x95\xd5\x94!\x8b\xb3\x06\
\xc8\xcf\xc4\xcaX\x90x\x1b\xac\x85:\x9c\xac\x8e\xa8\x87\
\x5c\xbb\xc5\x0b|3\xb2\x22\x22\xecs\xb8\xf6\xba\x82\xde\
8yS\x9f|\xd8\x16\xd0\xe3\xa6\x9aW\xae\x1bW\x9e\
\xb6c\x01Lp\xf0\xc0\x7f \x0b=G\xa2A_\x84\
u\xd7\x15\xf6\xfa\x91_V\x16O\xae\x12\xf6\xb8\x11\x81\
\x1e#\xb3\xba\x05@\x10\xe1\x01?\xf6\x9bD^\x9b\x92\
P=$k\xb9\x11!^\xbf\xf8X\xbf\xf1\xc3\x96\xe6\
\xd2i\xfd\xc6e\xec\x96\xe6l'\x88\xa9\xaf\x12\xf6o\
\xa4:|\xc4\x02\xa7\x00\xe0)\x05\x055\x1f\x8e\xcee\
b0\xc5\xc9\xd73\x1d!\xc2#\xf5;\xf4\xaf[\x9e\
\x00+\xdc\xf8b\xda\xb8x\xb7\xf1\xf8V\xf3\xf0\x19j\
I\x16\xc1\x089\x8b\xc1\x15\xda\x83V\xa6\xed6\x94\x9e\
L\xa8\x0d%\xd3\x17\xaa\x99\xa4\xbb\xc3T#6\x7fh\
hw\xea\xcd\x15^G\xd2\xde\xab\xb9\xeel>\xdb\x13\
c\xd4\xa4\xd8z\x00z6r\xfa\x95*q\xbb\xb3N\
!\x9d\xcc$P\x97\xd9\xbel\xca\x0a\x83b1\x16\xfa\
\x16\x1c\x94F\xc4\x83\xb2Z\x01[\xd3t`\x0d\x165\
\xd1\xbe\x1eP\xe4\x12\xf6\xa3\xfeT\xc8\xd7*\xe8'\x80\
\x7f*\xc5-\xd3\xb9\x87@\x82j\xedF\xe2\xfb\x09:\
i^|\xdc\x98\xba\xaf_>\xaa?\xben\x00\xb2r\
e\xee\xd9\xf2\xa4\xbe\xf0\xbd\xfe\xf5\x13\xe3\xea1\xcb\x13\
3\xea6\xa1l\x95\xffR\xd4l`yk\xcbX\x1a\
\x15Vzl5\xd2\xf9:\xb0\xa5QV\xec\xcb\xf4\x0a\
~\xc6Y\xd7\xbe\xcct3i\xb0!\xc5\xec\xfd\x19\xa6\
\xe8ZqL\xe8/\xd6\x11X\x9a\xc4\xabQ\x06\x0d\xea\
\xbdZ)+\xf9c\xd4\x9b\x82$V\x81\xcc\x96\xd4\xc6\
\xa0!l\x1b~x\xbf\xa6\x0d\xd5\xb2r.D\x95\x1b\
\x0f\x1e*\xc0;\x8ck+\x0b\xc7\xeb\x97\xbe\xc4\xb8\x16\
X\x83Q\xcd\xe7&\xb7N)\x82\x91\x1a\xfe\xdf\xb7\xd3\
\x17\x11)\xfc\xfd\xc2\xc4\xb3\x85\xd9Xh\xeb\x1e!\xa4\
+\xb2\xa6\xe8\xfb\x89\xc5\xc2\xcam6]\xa5=\x94[\
\xab\x87\xfa\x1b\x09\xf4\x04C\x1d\xb4|\xe4Ba\x99)\
D\x1b\x0f7G\x8c\xb7\xc7\xf2\x0d]\xd0\xf7\xca\xe5\x80\
\x89p\xe1\x9e>y\xcc\x98\xb9\xaeO\xde\xc3\xa2 \x96\
\x01\x112\xda_H\xe90\x16d\xd1\x13\xc7Z\xf1\xe1\
T\x9b\x96\x1d\x15\xde\x22\xdf>\x87S\x1d\xed\xb48\xf1\
\x98m\xa3\x99n\xc3\xcd\xb7\xc1\x18\xc0k\x82|>K\
\xcce\xc8\x5c\x93\xe3\x1c\x1a\xe2\xac\xfb\x81\x8eh\x9e\xc9\
c\x8d\xb5\x8a\x88\xd8{\xea\xa0W\xb1\x8dhy\xc3\xfa\
\x0d\xa9^\x99\x1a\x13\x1c\x15\xdd\xb0\x01\xe3\x00\x85-\xc2\
\xdbr5g>D\xb6r\xc0\xdak\xa0i\xa7S~\
\xaa\xb6\xc3!\x06`\xb1\xc3\xc2f\x0e\x08\xdb\x88\x8d\xf3\
w\xa0\x15\xe9\xe97\xc6\xc9\xef\x10\xfeb\xdb\x06\xb6\xe7\
\x05*\xd5\xac]Hd<m\xd5\x1d\xe0J\xfeI\x16\
\xaa\xc4\xd9\x1aO\x08\x9f}F\xbal\xc1X-\xe1o\
B\xaa\x83\x9b\xbfA\x9e\xf6\x8a\xd3(Y\x91\xb4ZE\
\xf1-\xed7\x22\xff\xbd\xe6\xa8\x91\xb7\xb1\x0a\x19:}\
\x18\xe1\xb8 \x15\xab\x81*.\x18\x89\x8f\xcf\xda[B\
*\x8c3\x07L1\x98\xb4\xc2\x93}\xcb\xafJ\xd8J\
1\xd4'\xb5\x8a\x5c\x0a\xe0\xeep\xdc\xad\x06\xb6n\x15\
b\xb1\x04\xc3q\xac\xa7?\x22H'\xc24hk\x88\
\x97\xc3\x03S\xd8C\xa7=\x86DD\x92\xe4\xfc5N\
\x8d\x88\x13\xb3\xc2\xa03\x1a\xceO\x91C\xc4[\xcc\x0e\
\xfa\xc5\xc2\x99\x81rI\xecj\xb6\x9e\xf1p\xc4a\x02\
\xe5p\xd4\x16Y^qV^\xa7\x8098\xd5\x9d(\
h\xce\xedG\xe6\x987\xbd\x88\x1dV\x97\xf1\x1a\x03a\
\x14g+\x06\x94\xd9\xe4g.\xe3\xfb\x80\xf2\xad\x87\xcb\
\xa4\x09\xdcV\xe8)\xda\x7f0\xe2-\xcb\x16xf\xc9\
d\xde\x03#h\xbe[<\xd7\xfc\xe2\x96~\xf9h\xe3\
\xe6W\xcd\xc3\xf3\xf5\xc7?t\xf0\xda$\xacU\xb0<\
$M\xf4sa\xb1\xdf\xca\xd21\xdaw\x95}\xb0\x9b\
f/\xe8e\x08\xe5\xcbQ!F\x11\xd0\x02\xe4Q.\
\xfd\xd8\xb4\xac\xff\xdf\xb7\xe7\xbf#p/\x164T\xca\
\xca\x8b\x8eL!\xa1\x0eW\x1eU9\xe3_,\xab\x16\
\xf3\xde>Y@\x14&\xbf2\x8b\xa2\x11\x95c\xf2d\
\x86\x18>u\xf0!\xc7\x04\x902\xb8\xa2\xc1y\xc9\x83\
\x19N\xfd\xfc(D\xba\x1d\x14bc\xef\xaf\xc5\xde?\
\xf3\xad\x1b\xbbx\x08@\xfa9\x10\x80\xf4\xcbL\x00\xd2\
\xedU=\x19\x84\xc2\x9d\xa2\xac\xa0\xb3v\x98\x18\x0bA\
\x84A<t\xca\x82HN\x5c\x1bQ\xd0\xbdi\xab\x9a\
\xa8\xd5\xaa\xb0;2\x0d\x83e\xf9\x19v\xc9s\xf6L\
\x91\xe8\x9b\xc2\x22\x14\xd4\xbaaP\x82@\xcc\xb1-\xc2\
\x9f\x9d-\x81*\xb7v\xd3e=jY\xa7\x5ch\xcb\
\xb4\x1eN\xe7f\x06\xe6d\x1d\xb3$\x964\xcaI1\
\x81O\xab%\xfaLt\x9d\x0a\x0f/\x89t\x9a\xfc<\
\x95\x1c'\xd2B\xb0M\xd0yvH\xed\x9fr\xa0\x08\
\xda\xaa\x95\x14*\xc2p\xd3\x90(\x08\xc4\x86H\xdd\xbe\
g\xe1;$\x11\xccZ\x88\x9b\x19n\xe6\x1e6/\x9d\
j\xcc\xcd\xd2\xb5O\xbf\xad\x11\x01g\xfcd\x8b\x1dA\
:\x1f\x83\xe7\xb0\x8f>\xe8k\xd2\xf6\xd3\x0f#\x1c<\
\x99\xbc\x12\xed:\xdc\xa2\xb5\xf9\x98L\xb3\xa2+o^\
\xe0!\x12\xe6x\x81S\xa42\xd1\x9e\x08&\x0cV\xe6\
\x12\x19d\xec\x96\xc4\xdf\xe7f\x05\xfd\xd1}\xc2\x94\xf8\
\xfb\xdc\x09\xc1\xb8|\xdb|\xc3t\x9c\xc0\xda[\xd5\x99\
<Orf\xe8c\x06y\xa6=\xa6v+\xc3\x18\xc6\
\xacU9\xac\xc0lW\x01\xcdD\xdf\xc5\xa1\x1c\xc0U\
>\x0a\xa1\xf3\xf2yl\x1f\x0fu\x82a\xe0\xb0k\xc4\
Y88L&\xd0I\x83H1W?\xbb\xa4/|\
\xe1[84\xa8\x8b\xc4\x05\x5c\x98\xe9\xb4\xd8\xa34\x84\
\x18\x7f\xdd\x89\xbb\xc0\x9b\xa2P\x85\xb9\xd5\xb6\x8b9\x8d\
\x06\xd9\xd0\xd3\xda\x9d\xa26\x92,\xc9J\xdc\x11\xb9\xb7\
\xc5\x91\x11\xae\xd3\x19\xca\xd2\xfa\x8a\xb1\x13:\x13\xa5\x93\
\xa9\x0e\x16O\x0f\xb2Y\xe15r\xecL\x1e \x8e~\
]\xf5C\xce\xcb\x99\x02\xe0,Sy\x84 8\xfbP\
\x02\xd4\xb5\xcf\x22\xc2C\x00\x5c\xa1s\x8e$\x81\xcc\xb5\
!\xa9BQq\x9d\x82\x19\xeefE\xae1\x0d\xb9\x95\
\x1c\x11\xa8\x12\xca0X\x99W\xa0\xc6\x97\xcat\xb3z\
\x0a\xb8\xa7\x11{\xb5\xaf\xcfr\xafa\xae\x0f@\x0d\xab\
Bf,\xc4\x84MB<\xdd\xe7\x5c\xe2\x04x\x19+\
\x8f\xc2$y*\x94\xd0$\xf6\xc6\xe1\x22\xa2h\x0f\xd8\
\x03\xdev|\x95\x07\xc5\xaa\x04\x03\x04a\xfd\x92\x9c\xcf\
\x179:\x87\x90\xd9\x8b\xb0\xa8~gJ\x7fr\x04'\
\xb4\x849\xc9\xcc\xf5\x22\xa3\x0d\xe1o\x86u\xa3C\xbd\
\xa7'\x22\xd4\xe3\xe9L\xdb`\xdd\x9an\xe3\xee\xa3\xfa\
\xb5\xf9\x95\xa7W\x84\x9dC\x1fBQC\x9f=\xdd\x9c\
8lR\xde\x85\x9b\x18\x10~P\x00#\xc8\xb8G\xc5\
4\x88\x90S2Fw*\xdf\xed\xc9\x18\xba\x04\xc8H\
\xb5\x00\xa3aYi\x14\x96w\x80\xf6\x00\xab\x96\xc5a\
\xd8a\xeaM\xfc\xeb-\xa1\x0f\xff\xda\xb4\x89uO\xda\
M\x01\xa6\x8b[\x82?\xde\x82Y[\xd1O\xf6\x96\xec\
\x03\xc41M\xfa\xa7\x08\x1bkQ\x8c}hx\xaf\xc1\
V\xc1z\x81f\xf737\x89\x8e\x14\xad&\x01\xc1\xa9\
)y\xa9\x00\xb6X>\x81<Ad\xc5\xba4\x81k\
\xb6YY\xc3\xb3\x85?\x10\xd8\xc0\x0f\xbe\xb9\xba\x07\xf7\
\x17\xb0=\x84\xb7\xde\x82\x0d%x\xdb\xb1`W\x86\x0c\
\x05.\x00\x99\x11\x15\x22w!Zscp\xd3\x9a\xb0\
\x87\x90\x87ckC\xdb\x0e\x8eR\x1e\x05\x9c\x7f\xac\xd3\
\xdd\xa8\xe7E\x82\xab\x9b\xf1\x8e\xf6\x96\x1c_\xb5GZ\
\x88\x870-\xbf\xb4\xaf\x0af\xe6\x9d&\xd5\xa0\xf0M\
\xdf\xcaG\x0d\xcf\x14\xb7\xc34\xb6\xbb\x81\xb07\x16\xcf\
\x8b\x9a\xc8\x8aq\xad=\x09P#\xcf\x12o\x87\xfa\xb6\
s\xe6n\xda\xc4\xdc\x0d\x16q\x93\x15\xe9\xbfkRU\
C\x92\xd5\x9a:\x06\x06I\xf1d2\xe1\x95\x85\x13\xf5\
K_\x1a\x9f\xffd\xfc:\xdfxzA?\xf9\xad1\
=\xd5\xfcj\xbe-\xde\xd6\xd2\xa8\xacm\x07\xe25\xcd\
-\x88&\xdc\xfbe\xb7m\xc7)\x87\xaf\x8d+8)\
\x94e\xf11\x95PbF\xc8\x05\xc4\xf1\x19\xd0\x94t\
/Sk;\xc2C'H\xcd\xb1\x9b\xc5\xac@\x0c\x0d\
\x1d*P\x92v\xbc\x91\xed{=\xd3\x9d7\xc3'R\
)2\x9dv\xa8\xa1\xcae\xa7j\x87\x97\xb4\x0bG\x02\
=\x5c\x22\x9d\x1eQ\xacc\x18\xc9c\xac\x91\xc6\xa1P\
\xd5\x88\x0b\x1b\xd8\x03\x90\xa9\x86\x9a\xae\xd5\x10]V\xb7\
k\x0a\xdc\x83\x1dg\xb9\xad\xc8\x0e-\x94\xdd;\x92r\
\x22\xe5R\xcd\xb7\x9ay\xcd\xd7\x82&6\xaf|\xe3%\
\x8b\xe6\x9b`\x82\x18\xe2\x1d\xe9\x86{kN/4U\
\xec\xe5\xa1\x8a=\xa9v\x04\xa3\xd8\x01\x94\x10\xe81>\
\x1bg:\xb8e\x22\xb0\x12\xadh\x80\x03Id\x03=\
2\xb0\xd9\x9e\xa3\xac\xc6\xf4 l\x0f\xdc.\xbc\xb6\xdb\
\xfa\xf1\x87\xc6\xc4\xe1\x95\xa7\xd7\x8c\xc3wad\x95\xf3\
\xb8\xc5/\xbe\xeaO|\xe0b\x1fh\xa5\x03l\xa2\xec\
\xa72\xfa\xe4\xd1\xc6\x93[\xf5\x93\xc7\xd0% \xff;\
\xd7\xdb\xcdvX\xc0\x9a\x18\x8acK\x8c\xb7e>\xc8\
\x0a\xdc\x8f\xcdN^s\xd8\xdf\x90\xcf\x95\xf7\xfd&P\
\x01]H\x82\xfd\xb0\xe7\xcc\xabJ\xc2\xd2e=\x17`\
p\xf9\xd3Gd\x09V\xc4\xfe\xc2\x91\xfa\x0f\x8b,t\
\xc9o\xfb\x84\x10W\x1f\x17\xaa\xbeT;\xe9,W\x88\
\x95C\xf9\xda\xb7\x9f\xa9|4-*$\x19G\xae(\
\x89\x95\x8f\xb3h(\xcf=u\x8a\xe99\xa1\xcf\xfe\xb2\
\xf2\xe4&\xa6\xd68\xf9\x02\x95fG\xf2\xa6p\xe3\x00\
\xfd\x1ch5\xbeu\xfe\xd4\x98\x99\x0a\xf3\xb8j\x84y\
e\xb0;]\xac\xb7\x7fE_\xb0+E_\x88\xd7D\
G\x04\x12n\x91\xef\x99\xd9\xc6\xfc<F\xb0X\xd89\
'\x8b0\xc3\xea\x15\xe0!)\xdd<\x82\x0c\x8b\xf5a\
\x8d\x8f\x8eM\x988/t\x8b\x98\x9b\x8d\x0fW\x99q\
\xd6\xfa\xdb\x0e\xa91\xd4\xbd\x18\xf4\x12Y)\xa8\xa8|\
{\x83v9\x15\x0b3\x9e\xd1\x5c78&\xd3#\x90\
!k\x9b#\xdf\x9c\xb3\xf2\x88\x14\xaa\x01eahh\
\xd5\x8a]\xefo\xc1.\xb9\x07(]\x03\xda \xfa\x1e\
<\x80p)\x14\xfe\x01\xaa\xa7\x02\xbd[\xac\xd8)\x04\
\xfa[\xef\x98\xf2w\x83\xa1\x8d\x11u\x92\x03\xd5\xf7$\
)O\x09\xad\xf0L\x92\x1e\x04K\xcd\x9f\xc2`%v\
D\x9f\xf2\xa4q#\xf6\x11k\x94\xac{Ce\xd6\xda\
\x86\x1dJ\xf6i;\xc8D\xb8\xd0\xf2\xbc\x19\x09\x1dl\
\xa1;\xfc\x8c\x07Zy\x11\x85o\xdc}`\x5c8i\
\x5c=\xd6\xbc~!\xb4\x16\xa3\xd9\xce\xc3Fp'1\
\x9eeg\xd5\x8fy\xd9\xcb*\x0cl\x8c\x07\x9c\x10\xb4\
\xd3G\xf4\x1b\x0f\xb6`\xd5e\x0b|\xba\xf7D0n\
\xdd\xd6O\x9d6N~\xa5O\xce\x856\xc2\x89^\x11\
\xd8\x1a\x15s2l\xa7\x83\xf6\x14\x1b\xd7\xa6\x858\xbc\
\x14o\xe20\xd6M\xd8\xce\xadX\xac\x06m\x9c\x9ek\
s\xb0V\xc1\xd8nc2\x9ap\xecM\x9a\xae\xf9&\
E\x11z\xd3\x8d\x92\x1c\xa7t\xce\x9e\xfb\xd9;\xe5\xee\
\x83\xeb\x98\x11\x8f'\xdaa\xed\x08<\xb6\x0f\xba\xc6\xee\
\xc0\xb0\xe9\xe9\x0bf<\xd03\xd0\x13\xe3\xee\x06\xaaq\
#\xd0ar\xc42&@M\xa9;\xca\xf12b$\
\xc8\xe5A\x88\xa5F\xa1\x09c$\x09`_\xd5*\x00\
\x87\xa0[P\x069s\x08\xdeo\x99N\xd0#w\x7f\
\xe3\x1d\xd1G7\xd0#\xc0\x7fb\x1dk\xd7a\x8ev\
\x17+\xeb\x1f\xa7\x8d\x80Z\xbd \x96\xe4\x22\x10ib\
\x9c\xbe3|S\x8d\xeaG\xcc\xc9 L\x0a\x8a\xb9\x03\
\xa0\xa0\x7fX\x92i\x9a\xee\xfe`$\xd3\xea\xa3uw\
\xb2\x10\xef\xfb\xdf\xb9t\xa6/\xd1\xeaUkS\x97\xeb\
\x8b\x92XR\xf9\x931\xf5{O6\x98zD\xa6^\
\x08g\xea\xdbUU\xc3L\x1d\xf0\xf4\x81hL\xbd\x00\
\x99za\x0d\x98z!\x80\xa9\x17\x9e+S\xef\x19\x10\
\xe0?\xeb\xc2\xd4\x0b]}\xd9\xa0\x9c\x95\x1bL}\xbc\
\x1dz\xa1s \x9e\xf3\x99nF\xdd\xd2<\x00\x80\x97\
\x91\xcf_Z\xf9m\x0a\xeb%\xa6\x8eI\x09\x9fl\x8f\
\x1e\xdf\xea\x0e)\xf4/\xbe*\x9fi\xab*\x8f\xaf\x80\
\x0b-\xcf\xcb\x02\xdb\xa1\xb2w\xb3qwN\xce\xe0T\
z;8i\x0a\xf39l\x9bHJ\x14\x8cA<\xac\
\x1dwap\x88X\xb0\xf1\xed\xb2T\xccs\xac\x04\xb4\
\x1c\x8e \xcd\x18\xddg\xb7^\xa2U\xc4cd/\x0e\
\xad\x91\xd2\xcf}\xefI\xdbX\xcf*\xf0\xb4\x5c\x04=\
\x8d\x00<\x95*{\xf1\x06\xe3\x9b\xb4\xab\xfe\xd0*v\
[I\x1c\x95K\xb5\xd2\xbbH\xa6\xe2\x11\xa0\xa3\xde\xcc\
BY\xbc\xd0k\xfa\xc2l\xfc]\x5c\xb5\xa2e\xdf\xf4\
i\xc5\xf7\xba\xbf\xd5K,\xc4\x1d\x9a\xbb\xa5\xe1ZQ\
\xacl\x1b\x05\xfb\xb0Z\x95U%\xecFM\x7f\xc9\xd2\
\xd5P\xbf\xb0e_j\xf3\x1b\xe2\xe6\xc2\xc0\xe6\xed\xfb\
?Muv\x8foY\x83\xb9\xa8\xca\xb6\xbc\x0c\xd3\x8c\
l\x97\x15\xb9:\xc2\xe6\xf9\xe1\x96\xff\xd9\x93\x12\x06)\
+\x07Q\x98\x8d\xd6J\xcc\x97\xd4\xd4\x0f\xcbe\x80\x03\
b\x95%\x09\xaf{T\xa0\xbdU\xab$>\xd4p+\
\x1c\xecs\x8e\x00a*\xc6\xe1\xc8\x14\xc4\x5c\xfc\xaf\xdf\
Ys\xf6\x14\xfb\xfd\xf2\x99u\xa1\xfd\x84\x8f\xe9\xe2\xd9\
\xfa\xd9[\xbc\xa2\x15\x97\xef\xd4Z\xee B\x18In\
\xec\xa6\xf5\xd3\x1f[\xf6\xb9?\xb12r\xef\xc9\x862\
\xf2\x9c\x95\x91\x02\xb2\xe8\xfd!\x95\x91\xa8\xc6\xca?\x88\
2\xc27\xe9\x0dedC\x19\xd9PF\xfe\xc0\xca\x88\
I\x0d7\x94\x91?\x872\xc2#Z\xbd0\xca\x08!\
\x8c$7v\xd3\xba*#\xcdc3\xf5\xc7\xf3\xcd\xa5\
\x0b\x8d\xf9\x1b!!\xb0/\x81J\x129\x96k\x0d(\
P\x04\xfa\xe1\x97\x01;$\xf2\x96B\x82\x8c\xc3\xd7\xf5\
\x1b3xYWA\x8b\xd8\xfbe\xbc\xa2\xb4\xed\xa4\xc8\
\xd7Z\x10\xc1\xfd\xd0w\xb3s\xca\xd4/\xdfq4\xf6\
\xf12\xae.\xeb\xcb\xb3\x8c\xe7\xceN\xf70\x5c\xb5\xe5\
\x0dC\x9c\x16{\xbcm(\xde1\x19\x06h8\xbb\xfd\
}\xe2\xba\xd0\xbc\xf0\xa0~\xf5\xb0\x10\xaf\x7f\xfe\xdb\xca\
\xe2\xfc\xca\xc2b\x9a\xd5w\xebM\x01\xa6\x86\xde%\xe6\
\xf38\x02+R\xf7\xe8\x8a\xf0i0m\x9coH?\
2\x09\x1fO\x9d\x04\xef\xd7u\x1c\xcd\x89\xa3\xfa\xa9\xd3\
\xd0\x9etlQ\x88\xaf<>\xb9\xf2xF\xbf|K\
\x9f\x9aY\xc50\xd6\x0b\xf3p\xc0:\xe7\xacq\xa5u\
\xc06\x1e\xe7\x0a\x84\x12(u\x1b\x0e\x97n%\x10\xe2\
q\xb3\xe0Z\xa7\x8e\xd5\xd3\x98h\xf3\xac/\x9f\xd1\x8f\
\xde\xd7\xa7\x17\xf1T\x83\x02\xc0\xffx\x93\xc7\x17\x14\x98\
1\xf1\xecI\x85\x9d\x09\x85[\xc9\x84\x13<\x10b\xef\
\xce\xf2\xf2\x16x\x9d\xc3\xda\x02yN\xf2\xe1\x0e\xcb\x5c\
\x9f\xbb2\xa1-\x1e\xe57h^\xbf\xdc\x98\xba\xdf\x9c\
\x982N\xfc\xe0\xbe\xd0\x84\x11W\x1c\xf9\x12p{\xa1\
\x01\xb7L\x92\x12\x87O\x14\x8b\xcd\xda\x1f\x14\xcd\xeb_\
6\xe6\x9f\xe0\xa1\x07h\x02\xdb\x8b\xea\xa1\xf6\x85\xe5\xb2\
\x08\xf8\xde\xf4\xbef\xf2F\xb5R\xed\x17\xf6\x05b\xca\
\xa7\x82\x02\xa8\xb0\x99.\xbd\xbe\xf44\xd6\xe9\x09\x83\x10\
\xc6;\xd9\x9a\xc0wW\x93-\x989E\x99[h\x9c\
\xb9\xe2j\xa1\xef\x8dlwA\xe4\x18\xc3\xe2u\xf7\x18\
\xf0\xd6fn\xa1\xb9\xf4\xa5\xbb\x857\xa4\x8c\xc81\x8b\
\xfa\x83\x1f]-\xe4\xb2b/\xbc\xae\xdd\x7f_\xee\xef\
\x08H5W\x96D(g\x07\x13\xe2\x92\x9a\x97\x8a\xce\
\x1bj\x82\xe3tAqi\x184\xccgS\xc6\xd7\x5c\
\x82\xc6a%\xd6\x00\xcfL8I\x1ca\xcb\x05G\x9a\
\xa2\xbbY\xb3\x97!\xd0\xbc-j\xa2\xcf\xc5=\xc1\xf6\
\xe6V\xeaVd&q5\x06\xaf+\x07,$\xc5\xda\
\xa8\x85\x13\x87FdM\x8a\x85\xf3\x01\x9e\x84f\x8e\xf5\
\x09\xbf\xe0\x95\xfc\x8b\x94\xd6\x0c\xad\x1b\x7fj\xb3\xc8\xfa\
,\xb9\x12\xdc\x8bj\xf7\x1c9\x81J\xdb\x94\xd2\xf0;\
\xa8\xbd\x9c\xb35]He\x98*2\x5c)\xed07\
\xda\xf7\xda8\xd0\x87\xf1b\xe9v\x9eW\xf1^8\xdd\
\xde\x13'v\xf2\xc2n\xcb\xe0\xbd\xa0\xba-\xebOS\
\x1c\xd6)1n\xbb\xc4O\xdb!\x9fE\x02]\x83,\
m,\xe2\x17+\x86\xfb\x18/93V1ZM\xb9\
r\xa62&'\x8f\xb6\xb5X\x0foC\xd2\xb1\xb1\xf8\
p\xd8\xbc/\xdcm#\x82\xcd=\xe2J\xe0\xed\xcb\x08\
b\xae\xed\x1a\xc9\xad\x82\xf38\xcd\xeb>\xf1\xea\xee\xdd\
\xff\xf8\xc7\xe0`\x8c\xa7\x1a\xaf\xe5;*\x03\x89\xe2\xe4\
\xc0\xee\xd8\x10\x9d\xb5\xf080\x8c\x87\xe4\x96\x8bp\xb8\
\x8f\xd4A\x9cE^\xf5\x9e\x222%\x8e\xcb\x91'\x85\
\xafC\xcbJn_j?z\xfa\xeb\xab\x7fe=9\
t\x08p\xb9\x176k8'\x8f\xfab\xda\xb8x\xb7\
}&\x12\xb2\xbd\x97\xd2DBN\xe0%0\x94\x98\xd7\
W\xb1\x9bJ\x8cKs\xcd\xa5\xd3\xa4~\x9f\x12\xe1\xff\
\xb1[\x08\x8cG?7\xce\x5cq\xb7\x90\xe6k\xc1e\
\xad\x81\xf59\xc7P_\xbcN\xb6\x90\xe6\x9fE\xfd\xc1\
\x8f\xee\x16xgq\xf8\x9e\xb3\x854na\xdd,%\
\xd6\xf2\xaf\x91\xad\xc4l\xfeOc-q\x5c\x06\xf7\xb2\
\x18L\xccA\xff\x01M&\xae\xe5\x88l5q\x5c/\
\xb6a}YC\xeb\x8b\x1b\x177\xec/\x1b\xf6\x97\xe7\
o\x7f!e\xba\x0d\xe3K;\x8d/l\xb7\xa7\xbe4\
\xf6\x17s:/\x9e\x05\x86\x1d\xce\x1bF\x98\x0d#\xcc\
\xda\x19a\xc8\x0d\xf2\x9c\xcc0n\xa10\xc7n\xbc!\
D\xc0\x97\xcd~\x13\xfc\xa6\xf5D\x10\xc2V\x22\xa2\xbd\
bVH\xf7\x9b\xaeM\xf5\xafO7n\x1e\xd5/\xde\
rg\x22\xf2\xdb&\xa1\xaa\x82'?\xb8\x93\xa2\xb5\x8e\
\xe6j\x15X\x17\x8e\x06\x8e\xca\x89\xc4ab\x1b\xfd\xa2\
\x00\xb6\x0d\x15\x98l=$\x8d/\x93\xa2\x14\x02\x810\
y\x00zJZ\xab\xa2\xdfx\xd0\xfc\xc2k\x81\x0b\x93\
P8\x18R\xd8\xd5\x04l\x86>\x172=\xdf\xfb\x07\
zx$\xc3Ha\x04\xd0\x8d\x1a%Z\xc4w\x8b\xe9\
\x93\xc7\x8c\x99\xeb\xab\x00\x1fn\xac\x7f\x8dL\xa4\xfe\xfc\
!r\x04\xb3\x0f\x5c\x18\xc3)p\x86\xa4QxMH\
\xd0\x95i\x11d$\x1f\xd98 \xa8\xc2\x5c\x81\x1d\xdb\
\xfe\x1dk\x07D[\xb1\x11\xe6u\x12;\xf0<\x85\xbf\
\x938/0.%a'q5\xb7\x95\xdb\xa6\xcd\xb1\
6\x10&/\xd2\xe2\x18\xe7\x8f\x19\x97\x7fZ\xeb\xf5!\
WD`#QA\xeb\xe3\x7f\xb3a\xb0\x8ez\xfc\x96\
\xb1t\x09\xfc\xbb\x9ac\x17\xa2\x99?\x15Q\x11k\x9a\
j^\xa2\xf1b\xa0\xae\x89\x15\x03\xf6\xb8\x90w\xf8\xf2\
\x04r\xd5\xd6\x8f\xfc\xb268\xed\xe8\xaeZ\x03\x88\x5c\
\xadZh\x0d\x86\xafVx\xb1\x9ahp\xab\xf0\x8a\xe7\
%\xaf#\xf6\x8d\x19}\xf2\xa1~\xe4\x16\x10m\x02\x0e\
\xd5\x18\xd7\xbd}\xab\xd9\x1bJ\x88\xf0\xc8\xdb\xbch\x9c\
\x84&X/\x82\xe0\xbdw\xd4\x98\x9a0.O\x19W\
\xae\xd5\xbf6\xc3\xb5\xf4\xe9\xf3+\x0b\x8b\xfa\xec\xdd\xc6\
\xdd%LN\xf5\xdf\x1e\x9a\x0b1yO\x9f\xba\xddx\
\xf0\xc0\xb8\xf2\xb4#L\xed\x13\x8bED\x83\xb6\x0a\xb1\
0\xbb\x80y\x17\xbd$\xe3\xab\xe8\xc1\x7f\xdf\xb2\xf0i\
\x9b\x02\x14E\xa9jj\x80\xf0\x1b\xdb\xe5\xf4\xa8=d\
\xb2'\x9b\xd9'\xc9\xfb\x99TN)\xa9\x8d\x95%\xa4\
n\xc4*\xa3\x1f\xc3E\xfd\xb8,)0\xd4!\x96@\
\x86UY\x01B\x1f\xa2\xc4\x8f~i<\x05`\xba\xad\
\xcfO\x1b\x93\xa7\xea\x97\xbed\xc9\xfb\x0e;1!D\
\x5c\x9b\x98\xb0\xa1\xb6\x09t\xfc\x91\x12\x1e\x9bA\x96\xdf\
\x07cO\xc0\xc8\xe5\x12P8\xc5R\x19\xc6\xdb\xec\x17\
\xf0\xcb\x1c\xc3\xe54\xc1\xba\xa7\xdf\x88?e\x09\xe8Z\
y\xfc\xb4~\xf6\x16\xa2\xee\xd0\x8a\x00\x9e/C$\xb3\
\x90ie\xe1\xce\xca\xd2\x096kBQ.\xef\x90\x8a\
e\x14\x82\xf9\x81\x96\xccU\xe0\xe9\xe7\x07\xa5\xe2\xfb\xd9\
O\x80\x22\x1ag\xd2\xcf\xff*\x97\xcajE\x03\xf5?\
\xa8\x81\xcd\x22d\x92\x00\xed\xec\xc1\xd9\x11e1a\xfc\
\xaf\x9dl7\x13\xa9j\xf81X\xb8\xf6\xdf\x9a\x1c2\
\x92\x80\x19\x9a\x10\xe7\xa9Y\x95\x8a\x00\x10\x03\xc5b\x9c\
\xab\xc3\x9cZ\x1e\xe3\xab\x91\x07hVQ\xc7\xda~o\
\xa2\xaf\x22\x85/\xca|\xa9\xf8\x00\x1es\x9b\xf9\x00\xaf\
F\x10\xe6\x19\x80H\xe4\xbb\xeap8\xadv\x92\xd3\xf0\
\xcb;\x99\xae\xdf4\x1b\x0d\xc0#v\xeb\x16\xcdFb\
Z\xb3\xcc\x98d\xa4@\xeb\xd3\x8b\xfa\xb7\xdf\xfa\xe5\xd4\
\x0e3\xfcr\x18Mxn\x18d\xbf]0\xf8\xac\x85\
\xcfZ\xccb!&n\xb7\xa3\xcfR\xaej\xff\x94\xa5\
C!B\xb7\x85ifi\xdf\xb2\x5cN\x06\x0c6\xb4\
\x16\xf6\x22\x1f\x18'\x12\x87\x9f\xc4eVs\xf7\xf4*\
\xef\x16\x5c\xcd\x85\x81\x11/\x0bl\xe3E\x81\x91/\x09\
\x8cp\xd2\xc1v9 /72))y\xbd\xe4\xd0\
\x08\x98E8Y\x85\xa4\xcf\xa3\xff\xb0\x88K\xae]\x92\
,\xabUY\x83)\xb9\xc0\xc3\x80\xb6M\xc9\xaf\x82\xe1\
\xfa~j\xf9za3g\xe8\x91'\x00Ge\xecm\
\xb3V`i\x93\xb2\xb8\xa7\x85^\x0b\x9bC\x02\x87-\
\x9f/[\xa8E\xf2'~\x0b\x04[\x13\xc1\x9c/C\
\xd2\xc2@Ib\xeeas\xee\x811\xf9\x0b\xe8_\xbf\
7\xab\xdf\x99\xd3g\x1f=[\x9e^Y\x98\xd1OM\
\xe3\x03\xffg\xcb\x93\xf0q\xf6nsb\x0a\xc8\xa7\xcf\
\x96\xa7\x02[e\xf4\xaf@F3r.\xe1\x12\xbeI\
\xdf\x00\xb5\xb0\xdd\xf7\xc0o\xe6z0J\xdb\xae\x08\x1f\
\x98kV0\xe8\xcd\xaa\x95\xd0kT\x09\xb1\x07\xa9\x22\
-\xef\x11\xa7J\x12c\xdd\xfel\x07{P+\xd0\x1c\
\xdeYPwcs\x83\x03{T\xc3Z\x9e\x86\xb5\xbc\
\x98\xf0\xd9gB\xeb\xd5\x884\x1aK\xd8w\xb7\xd8\x81\
\xb9H\xefCa\xbb\x10\x81fO7\x19\x92U\xb8\xfa\
\xabx\x1a\xb7\x22\x8f\xfd\x90\xb6\xbe\xf4\x14wh\x9c\xfc\
\xce8\xfbp\xc7\xb6\x7fG\xe8\xd3\xa5\xc9\xda\x9d[\xe1\
\xbe\xae>q\x5c\xb0\xdd'\xb6\x07\x80\x9d\xd1x\xfa5\
\xd0r\x19\xb6\x85M\x9d\x83:\x0aU\x1f\xa9\xc3hC\
\xaa\x87\xc89:#\xe4D\x22\x0e\xa9\x9c\x98J_\x9b\
\xd0\xf6T(\x9ehcl\xad\xc1\x9b\xdd\x93\xbd\xd0\x03\
5\xd9\xb7\x9a\xabq\xa1\xd1\xe8\xe8\x11}\xfe7\xb0\x16\
n\x9d^\x9f\xff\xa6~\xf2\x1e&\x98\xc6\x89\x1f\xb6`\
\x9bQ(\xd1\xc4*7c\x08\xb6M\xed\xf9\xc8\xa6\x93\
{dU-\xcc\x1b\xe6y\x13P\xc65%\x1dR\x11\
hP\x8a\x95\xdf\xcf\xcfB\xab\xb1\xe7#\xbf/t`\
\xe7\x90b\x89\xf9\x5c\x1f\xec\x8b\xdd\xd5\xaf}[.\xc3\
VE\xd6D \x06\xb7i\xd3\x1d\xaa\x88exj\xd3\
o\xa3n\xf2_\xe0\xd5\x802vhD\xaa\x843\x1d\
\x18\x8c\xf1\xbe\x02\xa7\xce\xe4\x01\x8dM9\x83c\xc8\x0b\
\x96\xab\x8e\xacZ\xc6\x82\xd8\xab]b\x97\xd8\xc3\x00a\
\x5cS\xca\x13~Sl~\xce\x90*\xcc\xfe\xd2<;\
\xdf\x98\xbd\xac\xcf\x9c3\xce\xde5\xa6\x0f3l\x7f\xf8\
\xc7\xeb\xb9\x1e\xd9\x01\x1d\x1a\xcf\xcb\x1aLI\x04\xcdC\
@Q\xf8@K\xee\x86[\x12\xbf`\xf3\xa8\xadU\xaa\
je\xcf\x88X\x96P\xfdw\x06%\xb14\x84^\xf2\
z\xb3\x17j\x0aZ%\xa0#\x00\x00\xf0d\xa1\xc4\x8a\
\x05\xa8\x94\xccbK\x17De\xe7d\x12\xdcy\x92[\
b4\x8f\xf9\xd0\xaf\x0dF[\xa2_\xf5\xbc\x84\x07\xc1\
\xd1\xc4\xf8K\xe6cl\x1a\xa3\xb083}\x0c\x9a\xa4\
\xfc\x02\xbc\x19\xd4f^\x1d!\x0a\x83\xe2\xb0\xb3\x98\x1a\
\x9f\xbf\xa4aiu\xfe%\xc2\xbd\x89]\xd6\xb2\xa2\xac\
\x1c\xf0\x9ea:\x8c\x15\xbeMY\xd6\x19\xb0?q\xb3\
\xc2\xa7\x02ja@\x91K\x22\xdc\xa5\xe0E\xbeVA\
?\xa1\xb0\x97\x12\xc6\xdbc\x93\xc4\xba\xc3z[#=\
\x96\xef\xb4O\xbc\xc6\x8ba\x91\xa4\xdb\xfa\x83\xdd\xef\xda\
cJ\xec\x0d7\x0e\xf6\xfa\x0b\xcc\x88-\xc2\xf5\x0d\xf5\
\xfdB\xcb\xcc\x98@7\x82\x0by\x98\xe7\x1e\xa7\x0d\xc3\
:\xe2Fs\xebg\xd6\xe6\xb9R\xc0FH\x80\xbd\xea\
K6Bt\x1f\xce\x0c\xc0Pa\xa9\x02\xb9r\xa0\x9a\
\x93\xe5 '\x93\xd0c\xa9\x0cw\xd5p\xa7\x13\xd7Z\
\x0e\xec\x19z\xe7\x9d5Q{\x89S+\x00\x8cU\xf9\
PQ\xa4(\xb2\xcd G\xaa\xb5]b0\x82\x17}\
\x81\x03\xbd\x16\xd7`y#\xb80\x86.o(\x9d\x0b\
Y\xddU\xe5\x01\x87\x16\xbf\xa7\x8f\xf5\xe3W\x01\x0dG\
\xa6\xaf\x13\xc6\x89)\xe3\xda\xd16\x12T\xb2\xfd?\x11\
YUKYuP\x1de\xdcob\x19*\xeb\xefI\
\x87\x80\xc0'\xa1\xba\xcfa\xdf\xf5\xa5\x18Nq\xd0Y\
\xa3c\xb8\xef\x97\xa1\x00Y\x0d_Y\x1c\xf0\xf0\x8e\x92\
\x97F]M\xa0wk\xb2\x91W\x11>\x1b\xf5\x9a\x1d\
\xbe\xa0\xd7\xd5\x05\xd9\xf2^\xa73\xce\xb0\xff\xa2\x85\xd7\
\xe2\xdd\xee\xc5\xe3\xa4\x15\xe7\xc2b\xde$\xc0\xce\x17f\
\xdb\xb6\xab\xc8\x80\xa4,\xff\x07Fi\xd3\x9b\xda\xc1\xd1\
T\x04t\x0d_\x1eY\xc9\x83y\x9a\xb7\x1b\xf1\xe1\xf3\
\xa8\xad\x12[\x87\x94\xe8\xbfLu\xadt\x16l\x01\xf0\
\x96\x22lv\x87\x1fy\x16\x9fM\xc1u\xd0[\x14\x97\
\xc6a \xb2\xb4\xa2\x1cZ\xd0w\x14.\xab\x1b\x939\
\xc0\x0f*=\x1c7E\xa0\x00;\xde{\x22\x90C\xa1\
6\x0ad\x8baIC\x87\xfc\xa3Z<\x96\xc9\xc78\
mW\xda(\x12'\xf6hcE(\xa8D\xba\xec\xc2\
j(+\x01\xdds\x97\xa8\x8d\xc4\xf9\x07QR\x0fJ\
{\xd5x\xaaSH\xf1W\x86\x84\x08TF\xab\xb5\xea\
\x06\x84-B\xa6\xd3\x5cH\xfe\x96rE\xb5*E\x84\
\x01\x5c\x88\x17\xcep\x08\xff\xcaj\xb9V\xee\x17v\xc1\
\xff0\xe2\xe9X\x14\xca`e\xf0%(\x18\xdbAq\
\xa9\x0c\xe4nY\xb3\xc4#\x82\xbf%\x9d\xdf\xd8\x22g\
\xad\xcc\xf0\xe9\x8d\xf4\x1d\x91p\xce!_0x\xd8y\
\xea\x87;\xa71\xa2\x00\xc7\xaa\xfb\x89\xbeX\xc2A_\
\x98\xdbq\xfa$Y\xbeF\x9c$>\xeanp\xf3\xa2\
Lo\x94\xe3\x8cH\xb9W\x9c\x82\xa2}n\xc9]?\
\xf2\xd5\xa5m\x97\x15\xd7Hn\x5c\xa5\x0c\xc9\xbf%\xdb\
E\xac\x5c+\x84rc\x99\x17t\xc0\xc3\xdan)&\
D\x11\xed\xa2M&\xf2-[H8\xf4Uc\x90\xa6\
\x0a\x84!\x99Iceh\x17\xf1O,\x1ap\x8a\x05\
\xa6\xfd\xc6\xf8\xfa\x81q\xfe\x1eie\xa9\xff\xbc\xa4\x7f\
s\x82\x7f_\x00\xb1\xd1:,\x871\x1a\x14\x1d\x7f\x1f\
\x9a\xf6~\xee\xa6\xb1\xc3\xbc\xd54\xf4Q0\xe6\xae\xc6\
\xa2\x5cR\x88)1\xf6?%\x07\x18\xee\xe4OE)\
A*V%\xca\xf0>\xfaHi\xfb\xf0X\x02\x9f8\
\x06XY\x931V\x22\x8dru\x1b!\xfa\x9e\x1a\x7f\
\x89N\xd2\xc3\x0f\xd4\xe0\xb5fG\xbe\x0b\xb2\xbe\xae\xc7\
iZo\xf8i\x1a\xeb%\xec\xd6I\x02\xdb\xd5\xeb\x11\
\xef\xce\xe4\x89EY\x95\x1c\xb1\x9e>^\x9e4Q\xce\
s\x88\x18F\x15}\xe6\xb0~\xe4N\xe3\xe9\xd7\xfa\xe4\
C\xecz\xf1lyZ\xff\xfe\xf3~!\x95\x16R\x19\
a\xfbv\xc4qq\xe1\xc6\xf7\x871\x9a\xd5/}\x89\
]M\x93\xc9d\x8cw$Q.\xbe\xdc0\xc2\xf2R\
\x19\xc8\xd6\xa7\xa7\x84mPfd\xf5\xc4\xfe/i\xac\
\x9aT\x95\xdd\xc8%y\x17\xbc\xa7\x9c]\xf6\x81\xd8\xb5\
\x13\xb3\x04(\x93\xaf:\xa3\x131\x1e4\x87\x17`8\
\x10\xa4\xe7\x7f\xd3O\x9dn\x9e\x9d_Y8\x0e=\xdc\
O\x1e\xd5g\xef\x83\xdf+\x0b\x13\xc6\x95k\xac\x13\xfa\
\xb0\xcc9\x1b\x94\xecK-\x95D\xb0\x83\x81\xbe\xabV\
\xc6\xc8\xcc_)\xae\xfb\xa4\xbdma\xe6\xc9\x18\xb3\xdc\
\xdaU\x9e&6of\xaem\x93t+\x9c\xd7\xd9\xdc\
>J\xeb\xfb\xd7\xcd\x1e\xe5\x5c\xe7\x13\xc4:\x9f\xe0[\
\xe7\xb7\xd5C\xca\x0b\xb8\xd2o\x09\xf4\x1e6\x0b\xe9U\
b\xc0\xa6M/\x00\x06`y\x97}\x1ePx\xfa\xfe\
s\xe3\x9b\xcb\xfa\xa3\xfb\xf5\xa5Y\xfd\xf2-\xe3\xf2\x84\
~\xea$^k\xc8\x0e\x8f\xce\x00R\x0a\xf0\x01 \x80\
>y\x11G.\x87KZ\x0c\xf0\xf2L\xdb\x5c\x8a\xe8\
Pd\xd4`V/\xa5\x86FC`\x07\xaf\xf0;\xd2\
9]K\xa2\xcaj\xd1\x0f\xac\x1d^]k\x22\xaa\xf1\
%2\xb1\xfe$+g8\xe3-\xa7\xe8\x0b\x89.f\
\xaaI\x22i\x05\xaf\x0b\x0a;\x87]\xcb\x04\x8d\x04B\
\xda\x0e\xa4\xc8\x89t\x8f&j\xb5\xaa\x00\x03\x82[o\
Q9\x9a\x0c\x89T\x0dT\x03T\xb0\xdfZ\x87|8\
6\xa6uO\x803T&<$\x86\xc5\xb3\xd82\xa9\
\x16j\xc5\xe2\x9e\x5cE\x92\x14SXO\x09\x8e\xe4\xfe\
\x14\x036\xcd\xca\xdf\x11\xa6\xf31'\xa2\x843\xd9\x89\
|?=\xf8\xec\x98\x97O\x19?7\xcb I\xde\xf7\
l\xd4\xdfE\xda_`\xe7\xbd\x0e\x98-\xe1\x93\x8b\x08\
\xfa\x18\xb35S\xf9\x0a\xe8\x1ac\xddN\xd0\xa38\x8c\
\x5c\x00\xfd?BBt\xef\xe7\xfa\xd2\xed\x98\xef$\x83\
\xf4*\x06\xe2\xc4m\xdbv\x81\x81\xcb\x99,:\xcc\x98\
.\x8b^'D`\x84lP6N&z\xd6\xcai\
\xfa\xf37\xc6\xc4M7Q\x03\x85wl\xfb\xf7\x16\xac\
\x99\x93\xc95\xd1W\xfb\x96\x9b\xac\xaa\x16]\xb9\xf6\xfa\
\x09\x0fQZ\x0e=j\xddV\xf0>1\x1f\x97k\xb7\
\x10\x87_\xb6\x82au\xe2.\xb6\x22\x87\xda\x04\xa5U\
\xc2<\xe1\x1e\x0ea\x98nNL5\xaf\xfd\xd6\x8f\xad\
\xbf\x9d\xc8\x22\xdaI\xda\x1c\xed6\xab\x80\xb9)\xc3T\
+e\x7f\xcb\x90\xea\xe7\xbc\x88\xbb\xd1'\xe7\x1a\xd7\x5c\
\x10@\x19\xbc(v\xed~a\x9f=&sP\xd8\xbe\
\xba?\xb0#\xfd\xf1\x19}j\xa6\xfe\xe0\xba\xbe|\xce\
\xd9\x91\xach\x14\x1b\xa7e\x1c 3\xdc\x1as\xdf\xe9\
O\xe7\xf0\xb2\x0b\xf1rQ\x94\x15\xb4\x83 \x14\x8b\xd0\
r\x92\x08\x02\xcd\xbb\xeap\xbf%6\xc2\x88\xe2\xb9\xdb\
\xf5/\x0e;#o\xa8\xcb\x8f\x02K\xac\x95\xf2\x1b\x13\
J\x9f\x86\xc1(\xc4\x8d\xbb\xb3+\x0b\xb7\xcdw\xd3G\
\xf4S?\x0a0\xe2\xb0\xb3\x15\x85\xdai\x1d\x0f&\xbc\
@w&'\xe9\x87\x09vl\x8c;\xfdxe\xe9\x06\
V\xd2\xbc\x15\x9d\x12v\xbf\x95\x99\xc7\x01h\x8al\xde\
/lN\xdb=\x98{\x0aE%\xd5\x97\xcf\xe8G\xef\
\xeb\xd3\x8b@a\xaa\x9f\xbd\xb5\xb2x\xb2\xfe\xe0n\xfd\
\xe6]@v\x9a\x87\x8f\xe9\x93\xf7\xcc#\x94\x9f\xbe\xaf\
_\xfaR?\xf9\xad~\xf3\x84Y\x1d\xd9\xd7\xa8k\x01\
\x97k\xb0V\x00\xa2)\xb9\x16\xd4^a\x1e\xb5_\x1f\
\xc1F\xad\x5c\x0d!-\xee\xb5\xa0\x8b\x9a\xf6\xae\x14\x1a\
U\xe3\xf8\xe7\xc6\xaf\x87\xf5\xf9K\xa0U\xf0\xf2\xd9\xf2\
$X\xadL*U\xaa\x1aS\xbf5\x8f\xcd\xea7\xbe\
\xac\x9f:\x0aU\xa2\x9f\xae\xe1\x01\x81\x89B3\xa0i\
3\x9c\xf2]\xb0\xbd#\x15 +\x15%8\x0c0;\
\xa5f&;\x84;\x02uj\xcf\xec\xd9\xf2%\x0cI\
\xfd\xc9\x11\xdc_\x0b\x80f7\x93+O\xaf\xe9\xb3\x8f\
\xf0WH\x08go\xeb\x87/\xe1\x16\xcc4\x15\x87/\
\xe1\xaf\x9e1\x99\x801CZ\x01\xa9\x81b\xab\x0dn\
\x9fb\x90A\xd9\xe5\xecuy\xb4\x04w2\x81\xe20\
\xf2\xff\xf1\x12\x80S}j\x12\x8ec\xe9\x08\xde\xed\x10\
\x1b\xce\xdd\xab/}\x89\x07\xd7\xb8\xf9=\xa4\x8e\xc7f\
\xeaK\x17\xac\xf1Y\xf1\x8e\x82\x98\xb7\xe4i\x88\xe3c\
\xefB1'\x8e7\x88\xb5+\x08V\x89\x92;\xc0D\
S\x8atH\x00#\x94\x80 \xaf\xa9\xef\xaa\x80s#\
P\xefA\xd3 \xa4r\x94\xf8\x0f6\x0c\xea89n\
\x0cv\x12\xeb\xc7\x9b\xd1\xf5\xc5\xc2\x1d\xf8\xb9\xea\xfah\
\x8e*f\xbbCtx\xb9\x99+[a\xb9V\x1d\x89\
\xa3Q$\xc8\xb4\xea\xcd\x8b\xa7\xa0\xfd\x19'[<w\
\x0fl\xac\xc6C\x00\xc1c+\x0b\xc7\xc1'\x80\x92+\
\x0b\x80@~\x01\xd0O\x9f9n\xcc\xdd$v\x92e\
\xe8\xa0\xa6E\x04:MI\x1c\xddi%XQ\xa4\xaa\
\xf0\x9a\x90q\x1b9<\xb9\xbb\x5cmU\x81\xca#\xf9\
t\xb0\xd9\xddA\xc2\x1f\x088\x91\x18\xf1\xb0\x092\x22\
\x94\x11\x04\xac\xa4\x9d\x93\xd0\x0dL\xa8\xa5\xed\xb4+\x99\
+\xda\x92\x0f\xc8\xfd\x897\x02\x86\x0eLN9\xf9\xc8\
8\x7f\x0fK\x02\x00C\xebg\x7fvms\x8c\x8f\x1e\
L,\x14\xc12Y\xba\x9d\x5c\x05\x1ce,N\x02\x0d\
\xf4\x9aN\x0a\xb8K(r\x08d\xbf\x8eUqn6\
B\xd3\x84R\x97S\x06q\xaf\x0a\xc4\xd7\x11i\x14\xe0\
1\x00\x9a\xb3\x1dG9\xe7'\xaf\x09\x04\x82\xc8\xca\xdf\
\x89\x06k\xc1c\x1aP8@\xa7\xf1\xa3\x90\xee\x15\xf4\
;s\x00>\x9eA\x14\xd4JI\xd4\xf0\x89\xb6\xabm\
;C\xa7\x99\xa0\x13\xe6\xe7\xc4c\xb6\xf3r\xca0\x03\
eW\x86fXC\xcci\xa4\xa6\x1c\x00\x95\xcdZ@\
x\xc7\xf4'.w\x0a;Em$Y\x92\x958h\
\x034\xd1\xe9l:\x91\xa06\x88\x0e\x94\xf2tK\x90\
=\xdcO\xf0p?\x81\xa6@8\x00{\xb4\x9f\xc0\xd1\
f\xfc\xac\x80f\xdb\xa0\x08\xae\xd5\x1a\xed'\x9d\xb0*\
\xac\x09\xf3,\xc4:\xc2\xd5y\x88\x1d\xb2e\xd4\xa4w\
G\x02\x1ew\xedw9F\xa0\xcd\xaf\xd5\x8c\x99;\x14\
\x8f1YA\xf7\x03\xc6\xd3h\xd0!\xedw\xf8?Q\
\xc9\xb6\x95\xc5\xa6\xb3\xd5{\xc2\xe7J\x89\x8c\xb5\x930\
\xb7\x0f\xdbJ\x16Cr\xed\xa5W\xc27SE<d\
\xe6\x9du5E\xdbN\xd67\xfa~\xfa\xfa)\x90q\
p\x12\xa8\xc6\xcd\xc3`\xdf\x00a\x07\xe7\xc65\xb3\x08\
>\x06\xe4z\x16\xb1\xeb+\xf5s\x17m\x81\xc8\x9d\x14\
\x07\x0e+\x8f\x09\x0c\xe8\xc8\x1c \x5c\x18xb\x18\xdf\
\xb2\xef\xff}4\x9aIm\xfeh\xf4\xf5m\x1f)@\
\x9a\xd6\xf6o\x19\xeel%\x08\xc8\xd1\x10\xc7\xca\xa7\xf3\
\xd1G\xa3\x88\x98&s#\x22P\xd9\xf2\xd2\x80\x16O\
A\x16i2\xc6t/|\xf8\x10\x08\xd8\x95!\x11:\
\xce$\xcbb~\x8f&V\xb48\xd8i\xb1\x94\xcb\xd3\
y<\xe1\x06\x82\xcd\xe0m\xf9\xa5\xc3\xad\xc2b\xf9\x0b\
\xa2\x9d9Iw\x1b\x98\xef\x91e\xf5\x1b7\xf5{\x00\
r\xd3\xcd\x0b\xf7\x8d;\xd7\x81F\x01\xcb\x5c\xff\xa6y\
\xce\x99X\x18%/\xb2\xab\xb5\x90!\x9d\x02\x7f\x09\x1f\
\x95\xda\xecc+\xf1@\xecaos\x9b\xe1}u.\
\x7f\xe7q\xf7\x1cH\xce\x03\x80\xb0\xb2p\x07\x8a\x85(\
{2L\xfc{\xee\x81;\xeb/\x5ct m\xe5\xd0\
\xb9\x0858\x11I\x8f\xe2(\xe2\xa7\xbb\xa4\xca\xa0\xa8\
\xe5F@\xc1\x9e\x14\xc6\xbe\xbb\xb3\x80\xe7A\x1b\xfd\x0d\
S\xd4\xebI\x81>l\x98\xe93\xd7\x8c;K\x9e\x06\
\x8b\xa85\xa2_\xa7\xb5\xf3\xd0\x88\x5c\x94\x84\xb8\xab\xd4\
[\x9eq\xf8\x11r\xc5T\xd2\xf2\xa3N\xf8\x22\x8f\x94\
\xf7\x0bqHx\x12T*H\xd4|\xcb\x9f\x18\x86\xb7\
_\x89%\x18\xe9\xae\xbb\xc7lE\x12\x0ftP\xa7e\
z\xf5P\x11&\xd5I\x8c\x8a\xce\x8d\x90\x84JQE\
\x84W\xa0\x07\x12L\x96C\xfb\xd8\x1f*\xd4Ro|\
\xb9\xb9\xd4\xbcx\x03H\x87\x00\xffbv\x1e\xae\x18\x96\
*\xa9p\xf0\x93\x19}\x17\x01AD\xacjC#R\
\xee\x807\x89\xb6\x9f\x88\x98\xa6\x9f\x5c\xc1!\xd8\xad\x05\
\xe6\xd5\xfe\xb4#\xc4\x0b\xcb\x96\xaf\xd5\xb2\x8f!\x9e)\
\xff\x02\x1a\x11XO\x06P\xd0\x04{\xffaZ*\x86\
5\xb7Xg@\xd1\x00\x9d\xc3G\xff\x80c\xa6\xcf:\
\xe1\x0b\xf9U(\x0c\xeb\xa0<\x84\x9f\x90\xf0)\x15T\
\x08Q0 \x9cM\x10\xc4c\x93\x90N\x04\xb4\xd0\xda\
\xd0\xecZ\xaa-\x86\x10\x84\x9az\xbe\xe7$\xd4\xae\x83\
g\xd7\xc4\xec\x13^\xe3\xfe5\xc8\x96\xb0\xf5\xe0\xd8\xa2\
\xcd\x9f\x90v~\xd6\xe6a\xb0\x0cJ\xe6\x06\x95\x04$\
\xd0\x04\xd3\x13\x88N\xaf\xb4F\x0c\xc41\x1akN\xf9\
\xb1\x0eH\x03\xb6\x99\x9a\xb9/IBI\xcd\x18\xa9\x8d\
@\x98Yh\x04\x07w\x06\x86i?D\xa0>\xad\xba\
V\x8a5\x12a\x18hF\xd0\x04\xb6\xb6\x9a\xe7\x13\xf6\
WG\x96\xecI\xb3\x92\xa7\xb6s6&r\x17\x02\xe6\
?(\xd1\x1b\x0f\xda\xe2T#\x89W\xd9\xea\x02\xca\x16\
2\x8a\xb4\xe2\x86\xf0\x06\xef\x88$\x17\x84\xc1\x01,Y\
\x0e\xa8\x98\xfb\xf6;\xe7XE\xa7&{\xd5At\x88\
\xec\xa2~\x8e\xbcM\xad\xabb\xd0\xb3\xef!\x11\xd5\x22\
\x89\xc9\x1b\xb6H\xd6\x7f<\xa1\xcf\xfc\xe24\x08Mc\
\xeb\xb5y^\x834\xce\xfa\x9d\xa9\xe6\xe5\x09\xe8\xe79\
\xf3\x0b4\x11\xcd\xce4\xbf\x9f\x84V\xd8\xcb\x8b\xc6\xc5\
\xbba&K\x7fk%\x83m\xb3c\x15@\xf5\x05h\
(0[ $\xc1\xa0\x1f{\x0c~8\xe7\xea\xf1w\
 ]\x07 \x03p\x1c*~\xf6\x99\xf0\x0a\xfdT\xd1\
\xe3\xc2\x85\xe4d\xac\x98S\xfd3:\xdc:\x1f\xdd#\
\x8cDs\xa0v\xebw.\xc0[i\xdc'#^G\
$L#a\xbb\x89\x8e(\xaeJ\x8e\xe1\x11\x87x\xee\
\xbd\xe2<\xd4\x06\xe5\xa0\x81\xe4\xe3<\x04\xa5\xb3s\x0a\
\xbe\xc4\xad\x94\xc3\x9d\x02\x06\x0c\xa9\xb8\x13{\x9d\xc6\x19\
\x90\xfd\xef7\xb0\xa8\xe4\xe1\x9eq\xe2\x87\x90p\x172\
K\xb9#\xc4\x01\xd3w\x1au\xf4\xce\xd0\x9e\x1dJ\xfa\
\xecm\xcc\xa5Z\xfb1\xb6\x80\x86\x13\xec\x96\xa9\xb8\x9d\
\xca\x19C\x91J#\x83\x1c\xca\xa8\xbb\xcc\xacko\x13\
7!v\x1dY \xb1\xcd!\xb0&\xab\xe5\xa2\xac\xb9\
\xf4cK\x11\xf1gQ>\xa4\x18\x8b\xc3\xb8*\xe6B\
\x8ef\xbc\xcc'\xf9\x89*+\xae\xde\xc7\xa93sO\
\xdf\xb5\xffCS\xda\xf3\xa4\xaf\xf7\xd0wt\xe4\x86\xcd\
\xd7\x88B\xa1\xf4\xda\xb7M\x89\xd5qD6\xed5\xf3\
c\x81\x17\xb55\x84\xc9\x10<\xb1&\x86\xa7\x89\x95a\
\xc9\xe5qa\x7f\xb4\x01\xa0*\xbb\xc5C\x90\xf6\xed\x96\
r\x92|P\xca\xc7\xb1A\xda=Q\x02\x1a>\xb4\x80\
b\xb7\xdfd\xd9\xc0i\xaa=\xb6\x93\x99\xb3E\x162\
\xaal\xebw\xda\x80\x8cb\xbe\x9a\xac\xe7\x00\xc1\xd5L\
K\xf5\xa1\xb7\x8f\xadd\xa9Dd\x8f52w\xf7s\
^]h\x7f\xb5W\x17\x11\x09\xca\xda\xbe\xc2\xbc\xb8\xb6\
\x15y\x13\xd6\x0dV\xbf\xb6^\xf37\xd3\xe2\x12\xe6l\
wC\x9e\xe5uw\xb1\xea\xf5m\x1d\xb5#\xcf\xe16\
\xac\x94I\xc1\x86\xe0-A`\xa1\x02i\xa1\xcb|\x1f\
vQ\x91\xc3\x00\xe0\xaaKW\xed]\x85\xc2\xce\xe3\x02\
\x0f\x18\xdc\xa0\xc3\xee1\xc6\xd5c\xf5;O\x9a\xd7~\
\xd5g/\xe8\xd3\xe7\x01\xdaC\xaf\xecS\xd3\xc6\x9d\xef\
\x9a\x13\x97\xea\xdf~'\xec\x1a\xd3F\x00d\xf4S'\
\xeb?\xde\xed0=U\xed\xdb\xb1)\x17\x93x\xef_\
\x0a\x90V,O\x061;\x00V\xe0 4\x88\xc6\xdd\
wo'\x18\x96\x1f{\xbe\xa0}\x0bQ\x01\xfa(@\
7\x8b\xaeT\xfd\xe6W\xf8\x05v\xb0\xa0\x9a\xff=\xc2\
7\xbc#J\xa9\x95w:\x16\xd4\x8f-\x85i|\xeb\
t&\xce)\x06D\x13\x05\xda-\x0e\x04\xefn\xc8\xf0\
\x81\x0c^\xa8H\xd5\x11\x01^\x9eW\x85\xd9r\xab\xf0\
$\xa9V6\xf7z\xa9\xac*\xd0\xdd\x17\xe6\x1e/\x95\
\x8b\x92\xe6DF\x07\xb2\x99M}\x8c\x9a\x8a;\xdc$\
\xf4\xc9\xaf\xf5\xa5E\x12\x81\x5c\x0e;\x14L\x9ar\xeb\
BC\x18m\x90;\x0e\xc3M\x81\xf4\x1b\x01Q\xe5O\
\xa1\xeb\x94T9\x08\xaf^\xea\x82$\xf2M\xa1RS\
\x14\xe4\xe9\x0bmv\xe0\x11\x1d\xb1ZO\xee;\x03\x1d\
w\x03&\x82\xc6\x095\xa1\xe1a\x98\x0a\xc0\xd2\xa3\xe2\
T\xecOtx\xc1eo?6\x17'\xdbm\xc2\xf4\
u2ue\x0f\x18\x1dnM\xed\x83c\xa6\xcdPt\
\x0c\x93\x02F\x8a\xabG\xc2\xdf\x01\x15\xc7j\x08f\xb0\
\x86\x8d\xd7nG\xd4\x9c\xfd\xc1\x11\xdc\xd1/x\xa2<\
l\xaf+\x9c]:8\x10\xc2\xe3\xe2\xa6\xaaEM&\
\xdc\xda,\x89b\xf9*\xe0\x18\xc6\xe7?\xe9\x87/\xd7\
\x8f?4\x88\xc8G\xa7'\xa3\x99^\x02\x86\x09H\x0e\
OF\x0b\x81\x8e\xdf\xaa\x9f]\xc2\xce\xb6\xcf\x96/\x19\
\x0b\xa7\x00\x03jN\xcc\x1a\x17N\xea\x8b\xdfC\x0b\xcb\
\xc2\xf7\xb8\x0c\xbc\xe8t\xc1\xb1\xdb\xec\x9e\x00R\x98=\
\xfd\xa3\xa8\x1e\x82\x17\x8d\xa4Z\x9d\x90\x09\xb6\xed2.\
r\xf6^\xad\x94\x95\xc8\x8c\xdb\x1eb\xd7\xca\xc0\x9d\xa1\
$>\x95\xc4*\x80\x16\xb2\xf0\xf6\x0b\xdb\xf0\xc3\xfb5\
m\xa8\x96\x95s\xbe4\xce\xfe\xc9\x12y\x0b#'\xb2\
\xc3\xf0kG\xb8?\xbe}=\x8b\x19\x02a\x86\xb1\x08\
\x7f\x17\xd2\xc9\x14\xba\x88\xa5\xc7k\xbd\xffv\xb1~m\
\x02_?\xd5A\xf1\xe7\xf64\x157\xdf\x94q\xf4\x1d\
x\x03\xf6g^\xac\x1c\x90*q\x0b\xc9:A\x87]\
\x09\xd0\xa3\xf5\x02\xfe\xb6\xf3\x8cx\xc6\x80\xf1\x09\xe3\x80\
>{\x15\x9e\xfd\xff\xfc9s8\x03S\xbam\xff\x00\
\x86\x83rU\x06S\xb3gj%\xbf\x22\x10\xd8S\xc7\
\x0dh\xb2\x0eD3\xea!*\x9e_\xe3\x8bi\xe3\xe2\
]\xcf\xf7a8@\x14\x11\xf0\x0f\xf3\x97\x8f\xd4\xadV\
\xe0G\x13'\xad\xb2\xc9\x1dv\x82\x1bj%\xab\x1c\xbc\
\xfe\x0f\xd0DK=F;\xe6Mk\xa5\xc12\x16\xa1\
\xf1\xd0\xbb\x8e\xe3\xbc\x8d\xf6\x845\xda\xc3\xddh:\xe2\
H\xe9\xa9\xf0\x1bO~\x83\x1e\xe2\xb3\xa7\xf5#S\xc6\
\xb9I\xe3\x9b\xcb\xdc)\xf0\x99\xb3\xbc\x07\x07\xbb3\xe7\
Td\x89cwF\xca\x030U\x86\xb3b<\x0d\x80\
\x83\xfe?\x95\xec\x12^\xf3\xc3\xd9\x04\xdf\xa9\x00$\x1d\
\x8b\xe7\x9a_\xdcj\xfex\x01\x00\xb1\xbe\xf8\x14r}\
\xbc\x91\x81\x08\xe5\xe1\xed\xac\xbb88\x18\x8c=(\x8c\
'8\xcc\x1d\xff\x94\xf1%\x1f\xe9u!\x1f`\x91R\
\xc9^\xbf\x08\x1b\x1f\xec\xefK\x84s\x9c\xb0\x0ca8\
8\xc8\xba\xcc\xc3mU\xf0\xe3\x08\xb1W\xd3RZ\xca\
\xa0\x04R\xbe!RA\x11:\xee\x00\x1f\xb3\x07\xe7k\
h\xf7Ow9\xeaEH\xeb\xc5\x15\x825\xee+\xfb\
\x18\xff3a\xfc\xda\xb2j\xfb](\x04\xb97\x12@\
\x15\xb1h\x97\xe1\x8b\x13DH\xb1\xcd\x8aG\xf5\x80\xce\
};\xd0.\xa0ci\xd0F *y\xca%A\xb4\
\x0b\x89\xdeSM\xd9\x11\x1do,\xcc\x18'\xbe7&\
o\xe3\xf0\xe2\xfa\xe7\xbf\xe9\xc7\x96V\x16O\xac,=\
t\xee\x7f3w\x04=\xfc\x9e\xb2\x09\xfc\x9c\x0d<\xb8\
\xbf\x15\x92\xfa\x00\xd3;\xe8xT\xd6x\xfa\xa5\xa7\xe8\
\xa7t\x9c\xf2\xed\x98\xc0\x84\xbd@\xbc\xdd+\xbb\xb3i\
\xba\xc9\x80\x95^\x0d:,`Y\xda/\x16\x18\xef9\
\xb3\x90\xe3K^\x02*\x03L\xb8\xef\xac\xc0\x9a\xb0\x85\
%;%{j\x15:\x17\x1bw\x11\x88\xf0\x04\x84\xfe\
\xd3%\xc6LO\xfb\xe35\x14\x8cw\xfc\x7fR\x87i\
V\
\x00\x01\xa4\xb6\
\x89\
PNG\x0d\x0a\x1a\x0a\x00\x00\x00\x0dIHDR\x00\
\x00\x01+\x00\x00\x01*\x08\x06\x00\x00\x00M\xf8v\x11\
\x00\x00\x00\x01sRGB\x00\xae\xce\x1c\xe9\x00\x00\x00\
\x04gAMA\x00\x00\xb1\x8f\x0b\xfca\x05\x00\x00\x00\
\x09pHYs\x00\x00\x1d\x85\x00\x00\x1d\x85\x01\xf0\x1b\
2\xec\x00\x00\xff\xa5IDATx^\xec\xfdY\x90\
eI\x92\xa6\x87\xa9o\xd7\xf7\xdd=\xf6-#\x22\xf7\
\xac\xcc\xaa\xea\xea\xeej\x80\x8d\x99\x9e\xc1\x10\x1c\x003\
\x80P\xb8\x89\x10\xe0@\x04\x0f\xe4#\xb8\x08D\xf0B\
&\xc9W\x92\x0f\xe4\x0be\x00\x08\x08\x0a($(|\
\xa0\x90\x02\x92 \x05\x18L\xcfL\x0f\xa6\xa7\xa7{z\
\xad\xaa\xdc\xb7\xd8}\xdf\xdd\xefuw\xfe\xdf\xaf\xc7\xee\
=~\xdd#\xc2=2#3\xb2*\xd4]\xef9\xc7\
\x8e\x99\x9a\x9a\x9a\x9a\x9a\x9a\x1d;vz~\xf6\xe1\xbd\
\xc38%\x1c\x1e\x9e:\xea\x89\xf0,\xe9{{{\xab\
\xb3o\x16Z\x87\x07\xc1_\x1dz\xfb\xfa\xaa\xb3\x84\x9e\
\xea\xf8<\xe0\x99$Y\x93_\x8f\xfe\xb8<\xd8W\x19\
tb\xde{$+\x85\xa9h*\x8c\xb8?\xd8\x0f\xa4\
wx@\xba\xc3\xe8\xe9\xdb\x8f\xfe\xfe\x83\x18\x19l\xc4\
\xf8\xf8P\x1c\xe8\xfe\x9d\xbb_\xc4/~\xf1\xb3\x18\x18\
\x18\x8a[7_\x8d\xf9\xf9\xf3\xd1jF\xec\x8b.x\
pp@\xca\xd8\x17\x1e\x1c\x8a\x1ad\x09\x83&u\xd3\
#N\x84\xc0\xc1\xd7\xd0\x8f\xb6n\xc0\xbbN{\xc4\xff\
\xf6\xcev\xac,?\x8c\xb5\xe5\xc5\xd8\xdf\xdb\xcd\x82\xf5\
d\x84\xed\xdd\xed\xd8\xde\xdc\x16\x8f\xfb188\x18C\
CCGt\xa5~^\xf8\x03\xc8\x07$\xe4\xdc\xfcl\
\xdc\xb8vY\xc7\xb9h4\x1a\xb1/y,.>\x8a\
;_|\x1e\xeb\x8b\x0fcl\xa8?\x86\x06\x88y\x18\
[;{\xd1\x92<.]\xb9\x1e\x17\xaf\xbf\x12\xc3\xa3\
\x8dhm\xaf\xc7\xfa\xd2\xc3Xz\xf00\x1e\xde\xbd\x1b\
\xfb\xbb[17?\x12s\xe7\x86bb\xb6?\x06F\
\x0f\xa3\xa5\xe4\x14\xad\xbf\xf7Pr\x93\x1cUG\xdb}\
\xbd\xb1\xb0\xbe\x1fw\x1f.\xc7\xba\xd2\x0c\x8f\x8e\xc6\xc8\
\xf8D\xf4\x0e\xf4'\x8f\x15\xbb\x87\x87\xfb\x11}\xc8\xe5\
\x001G\xcf\xbex\x97\xec{\xa8\x97fK\xf9\xedE\
Ok?F\x86\x06\xe3\xbc\xca\xd0/\xd9\x0c(\x9f\x01\
\x11\xe8S^\xc8\xa0\xb7*;\xbf\xfbJ\xbb\xdf\x83p\
{\xa4\xff\xbd\xb1\xb2\xba\x17\x8b\xcb\x9b\xb1)Y\x0eM\
\x0e\xc6\xfep\xa3\x9d\xb7$\xa8\xfaT\x9a\xe6~\xec\xac\
lDkc3\xa6\xc5\xe7\xc5\xb9\xd9\x98\x9c\x1c\x88\xc1\
\xfef\xf4\x1c\xeeE\x9f\xf4\xae^\xed\xbd\x22\xd0\xdbT\
\x19U\xbe\xcdU\xe1\xf2^,?Z\x8f\x87\x0b+1\
1y>\xae\xdfx-\xce]\xbb\x1e\x8d\xf1\xc9h\x8a\
\xbf\xed\xbdV|\xf2\xc9'\xf1\xf0\xfeg19\xba\x1f\
\xaf\xdc\x18\x8d\x89\x19\x95\xb1WeG{\xd19\x01\xc5\
\xe8\xd4\xe8\x0b\x00(\x11\x0d\xa1\x8e\xcfb\xe0N\x03T\
$\x82\xae\xe3\xf7\x0a\xdaJU\x009I\x99\xf3\x22\xa1\
\x1e\x87\xda\xd6\xcd\x12\x94\x0d\xf8\xf9\xc8\xf6\xebA7O\
\xcf\x87GS\xb5\x0c:\xc6\xd6\x86\xc0g\x02\x85ex\
\xc1\x84\x0e7g\xe3\x8b\xd8\x05\x81\xa2\xd7\xbd\xe4\xef\xb3\
4\xa2\x1dc\x01\x94\x8b*\x86y\x92\x01\xea\xed\xf31\
SfX\x1f\xfa\xac\xf0\xde\x1e\xdd\xc3P\xf7\xa93\xd3\
a\xbfj\xeft9\xfbt\xd0*\xa3\x8f\x18BBE\
\xb3\xb7OF\xb2\xa7_I\xd4\x0e\xa2_F\x0f\x14\x9d\
\x96\xe2\xee\xec\xc6\xa1z\xaf~\xc5\x1bP\xbc>a\x0f\
L\x8a\xfdz\xdbl\x9f#3\xf3\x99\x98Ap\x9a\x7f\
J\xac\xb8%\x7f\x95_A\xb0\xab\x1b\xe6;y\xc1\x00\
\x0a\x0fT\xc6\xaa\xbc\xe4\xebh\xdf\x16\x94\x02\xd4\x0bR\
\x87\xee\xfb'\xc5\xf9\xc6\x00\xc5\xe8\xc2_\x06\xb0\xc4*\
\xb9\xa5\x0c}\x9a\x907\xdbr\xa5\xc4\xa5\xdc\x04=N\
\xdem\xc9\xd0+\x7fK\xd0\xce\xa9:\xe9\xceY5\xe6\
\xbf\xaf\x0b4\xe2#T\x90\x99\x0f\xc8\x89\xc6\xd2\x0e6\
\x13\xa7\xd5\x93\xba$\xcd)\xe9\x14x(\x19\xba\x13\xae\
:b\xe8\xa6\xdc+\x97\xf2\x08\xc0KU_\xf60t\
\x8eA\xeaU\xc3\xa5A\xab\xf9\xee\xcb\x83\xe2\xd8\xa3k\
Y(\x9d\xd3\xd0{\x15]\xa8\x90\x03\x19\x86}\xb9H\
\x8c$\xf6\x95G\xab\xc2\x83^a\x1f\x9e\xaa\x8cE\xdf\
\x80\x1cV\x19\xa2\xa6L\x95\x8e=\xf2\x8c\x0e\xb6\xf7\xe5\
\x1dm\xc7\xee\xe6N\x1c\xc8h\x0d\xf47b\xb01\xa8\
\xa3\xe2ba\x1e\x03\xdc)<\xf3\xd7+\x19RH\xfe\
|\xf45\xa7x\xb7p(\xd9\x88\xbf\x83\x03\xb8R\x98\
\xca\xd6\xd33\xa02\xa8\x1c\x96\x0bi\x92\xf2\xb7j\xac\
N\x03\xa9$\x1d|\x09\xdf\x0c\xb4%\xd9%\xd2N\xe3\
\xab\xdd\xe8\x8a\xd3\xbe\xac\xba}\xd5\x8c\x8f\xcf\x13\xbas\
8~\x9d\x7f'A\xb7\xde<\xc9\xc0\xb8\x01\xd8hd\
\xd3\xe1\xbc-\x91\xca8\x93>i`P\x0a<^\x06\
\xc9W\xa1\xc7O\x17(,\x0d\x96N\x8e\xdc?\x1a9\
\x8b\xa1\x1f\x1b\xaa\x1a\xaa\xc1\x1f\xe8\xd8\xd2\xb0\x90\xa1\xa9\
H\x89\xbf4T\x18\xaf\x96\xd2\xec\x8b\xdf\x96\xb0\xa9<\
\x9a\x1a\xder\xde\x12y\xfc\x19\xb0\xa5\xd8\xfd\x1av\x8e\
hh748,\xef)b{m'vW\xb7c\
gu+\xb6V6\xa3\xb5\xd3\x8c^\xa5\x1f\x1dl\xc4\
\xd4\xc4X\x8c\x8f\x8dDcP^\x97\x86\xb1\x18,F\
#Oj\xab%(\x8b\x81T0\xaa\x18\xb0\x8e\xe1\xc1\
@aD-Y\x0cp\xcf\xa0\xca\x22~bH\xc7!\
\x95C\xc3\xed}\x86\xe8\x03\xed4/\x04\xb8 \xb8\x82\
5<I\x08\xdf\x08 \xbc.\xfc~\x03\xfc?\xa1\x0c\
U\xf9P\x99RV\x0f\x09\xaay\xa9:\x1c\xa7B#\
R\x83\xedA\xb5\xe8\x8d\xe9\x01\x8f\xc7zB\xee\xa7\x07\
\xd1M\xfe\xc83\xd5\xf8@\x0d\xc6\xb6\xc2P\x9d\xe0Q\
\x10.t#\xb0*S\xba<V,\xb7\xb1\x137\xf9\
L\xe4f\xce\x07\xb9\x5c\x15\xa4a\x92\xbf\xc2pK:\
Xd\xa7\xe4\x95\x81\xc9\xfbO\x02\xd3\xae\xe2q@r\
\xbe\xe2|_\xe5\x122\x1c\x22\x94\xf2r/\x7f\xeaP\
q\xd9\x0e\xe7\xba\x9aK\xc2\x00\xed\xb7\xa2\xd9\xd2Q\x9e\
\xcf\xe6\xd6nln\xef\xc6\xfa\xd6N\xacml\xc7\xfa\
f3\xd6\xb6\x9a\xb1\x01n\xb7\x8c\xeb[\xc2\x8d\xa6\xe2\
\xee\xc7\xce\x0e\xde\xd7\x90\xe7\xcb\xc6\xc7\xc6\xa31\xd0\xb0\
\x11\xea\xed\xd1\x90\xafw/\x06\xe5u\x8d5\xfabf\
|$\xe6\xa7'b~f\x22&\xc6\x86\xe4Y\x89\x03\
\x89\x04\x83\x93\xf5\x94\xb2\x01|-T\xd5$T|#\
u\xa3\xea6\x8d\x12H\xfa\x94\x0d\xe7\xb4\xf5\x03\x8dY\
wv\x0ecc\xe30\xd6\xd7\x0ecue?\x96\x97\
\xf7cq\xa9\x15\x0f\x1f\xb5\xbe[cE\xe1\xea\xf8]\
\x83e\x98\xa7\xdfC\xa0\xd6S;,K\x9d\x96\xf2\xe4\
\xb5\x02\xf2v\xbb\x8cn\xc04\x98Nk0pU\xbc\
\x89#X\xfe\xf080V\x85\x90\xa0\xe4\xd3]\x97\xf5\
\xb0zx7\x1c\x89\x87\xc1RX\xf2&cU\xf1X\
\xd0\xc6\x95\x7fy\x16x{\xfc1\xdc\xe0\xcfW\x9eS\
9\x8e\xe5\x8f\x02\xfa\xe8\x8c\xf5\xefV\x80q\xd2/y\
`\x0dh\x1a\xbeA`E\xc3\xb1@\xfe\xca\xd5I\x90\
q\xf9\xcd\x86\xdaN\xae\xf2\xe9\x5c\xfc\xf3p\x83\xa3\xf9\
\xa2\xcc\xfcq\xb3\x1b*\x1b*\xb6\x92\x8e~\x8a\xd7\xc4\
\xf0NTbkw7\x1e,>\x8a{\x0b\x8bqw\
a9\xee<Z\x8e\xaf\x1e\xe8\xf8`%\xee>\x5c\x8d\
;\xe0\xa3\xb5\xb8\xf7h5\xee\x0b\x1f<Z\x8f\x85\xc5\
\xadX]\xdf\x13\x1f\x11\xc3C\x831==\x15\xf3s\
S1;5\x1cs\x93\xfdq~\xa6\x11\xe7\xa7\x87\x84\
#175\x14\xe3#}2h\xf2\xe7z\x9b\xe2A\
~\x99\xeb\x04~\xe0\x8ar%\xef\x98\xdf\x03\x8c\x10\x17\
\x8e\x90|S\x8cC\x95\x95YA\x8eE\x82\x09<\xbc\
\xe9\x8b\xe6~Olmc\xac\x22V\xd7zby\xa5\
/\x96\x96\xfad\xb0\x12]M\xdf\x15\xb4\x95\xb3\x86/\
\x02\xbc\x18\x5c<#\x1c\x91!\xe7y\x9ds\x05:G\
\xce\x95\xf7\xe2FW)\xdbq <\xef\x95\x86v\x14\
:\xf7\x9f\x07\x1cU\xe6\xe7\x01U\xd9\xdag\x09\xc5\x18\
\xa6!!\x80P\xc9\x0b92\x1c\xebNP\xc9\xf7(\
\x90\x96Hxm:W\xe3\xa5\x11\x97\xa4\xd0\xf7S\x5c\
]Q%Y\x07i\xd4\xba\xc1|\xd8xRWL\x8e\
\xcb+#\x8c\xaa\x1c\x90q\xee\xef\x89=\x99\xac\xcd\xe6\
^\xac\xed\xee\xc4\x86\x0c\xd7\xfa\xce^\xac\xc8\xd3\x02\x97\
\xb78\xdf\x8b\xe5\x0d]o\xef\xc5\xean3V5\xbc\
[\xdd\xdc\x89\xe5\xd5\xf5XZY\x95G\xb6m\xfa\x83\
\x03}16\xac!\xdf\xe8H\xcc\x8e\xcbhM\x0c\xc7\
\xc4\xc8@\x0c\x0fD\xf4\xc9H\xf5\xf4\xecE\xef\xa1\x86\
\x86\x1aD\x12\xff$@\x1a\x9e\x14\xb7\x9e\xe5\x11\xc8\x12\
\xf0S\x8c?sj9t\xcd\xa7\xcc\x0c)\x1b\xd1\xd7\
?\x16\xfd\xfd32\xa0\x17bb\xfcj\xccL\xbd\x22\
\xbc\x19\xf3\xb3\xb7\xbf[c\xf5\x12\xbee\x90\xb6\xa4\xea\
t\xc0\x9e\xc4\x11\x83\xe5f\xe9c\x89\x8d#u\x1c:\
\xf7\xbf\x9fP\xcaV\xca\x9bP\xe4\x912)\x88a)\
\xa0\xd84\xc4'\x96\xbd\xba[\x92s\xe5cu\x80\xbe\
\xbd\xda\x12\xe0\x18\xed\xdf:(\x96\x7f\x0b\xe0K\x95a\
x\x7f\xa3\x11\x8da\x0d\xcdF\x12\x1b\xa3\xc3\xd172\
\x18}c\x83\xd1?9\x14\xfd\x13\xc2I]O\x08'\
5\xccs\xd8p\xf4\x8f6\xe2pPC\xae\xfdf\xac\
l\xac\xc5\xc3\xa5\x05y2\xcbq\xd0\xdc\x89F\xdfa\
\x0ck\xf8\xd7\xe8\xef\x0d\x91\xd7\xb0o?\xfa\xfa\x84\xfd\
xU\xf8E\x95\x915\xf3'\x03\xf6\xe9\xa8\x03\xd2]\
\xae\x0c\xe3\xc1\x00\x0f\x05\xf0`y@\xd0\x18\x1c\x95\x81\
\x9a\x8f\x99\x99K13{%f\xe7\xae\x0a\xaf\xc8\xe3\
\xbb\x1as\xb3\x97\x7fy\x8cU\xa9\xd2\xa3U\xfb\x04\xe8\
N\xd0\x85'7\xd0\x17\x17:\xec\x96B\x00\xc7\x0b\xc1\
\xb0\xa4\xee\xc1r^\xe6\x063\xbcjD\xc7\xa0\xaep\
\xcf_m\xba\xd5;\x1bw\xf2\xd61&y\xfe\xac\x90\
\xb4:\xf4\x8c\xc8\x8c@\xa0\xcdD\x15^\xfdr\x039\
r\xe4\xaf\x13Q\xf7\xe5\xfdt\xe2\x954\x15=\xe21\
\xa1\xc30\xa8\x1a\xde2\x9c\xb6\xdc\x85N+\xcc!\x16\
\xbeX\x1a\xa6C\x19\x892_hj6V\xbd\xd17\
0 \x835\x18\x0d\x0d\xe3\xfa\xe5\x11\x0d\x08\x1b\xa3\x83\
1(c\xd5\x18\xd3\xf9x\x07\x87d\xb0\x06\xc73|\
@\xdeR\xffp\x7f\xf4\x0f2\xf4\xda\xd7\xd0k;\xb6\
\xb7v\xa2%\xef\xecP\xc3\xd3\xe4[\x86I<P\xd3\
\xf6\xf9\x90\xbf\xf9\x91We,ez\x0cX,\xf58\
\x0e\x10B\x87r\xa4\x1c\x98\x8f\xdco)D\xa4{{\
\x06b\xb01\x12C\x8d1\x19J\x19\xd6\x01\xf18\xd0\
\x13}\x0dP^\xda\x91\x8az\x0a\x9e\x15J\x03\xe8\xc6\
o\x1a4\xd4\xb5\x0ex,/\xe1\xb3P\xf0i\xe8\x09\
\xce\xd6S\xd0\x15\x94U\xf7u\x90\xc5\x92 \xe7\x12@\
\xe2\x19\x81\x14 O\x9b\xa5\xbb\xb5:\xc9\xaa\xa7\xecV\
\xe5\x03\x9e\xf3\xa0p\x0c\x17T\x06\x85\x1a\xa48L\x18\
gcP\xa8\xca\xa6\x93\xcaPI\x118\x96\x86\x03\x1d\
\xc7\xc9\xb8\xbadF7z\xf6\x15\x07\x14I\x8f\x92\x9c\
=?\x19%\xcft\x14\x09&S\xfd\x10\x8b\xf545\
\xccY\x0b\x12\x97\xb0\xcc\xa3\x9d\x1f\x0b\x1f\x93\xb0\xffs\
\xd8\xc0\x7f\x86\xd7\xb1\x0eO\x0a+\xe82\x0b(\xa3\xc3\
\xa8_Xqy\x98GR\xfe\x92\x19\x22`\xc5Q\xef\
\x81\x86&6.\x0a\x97<\xf9\xf3|\x8c\xc8\xf4p/\
\xfau.\x99\xedK\xae\x07\x0ckZ\xa2\xa18\x87:\
\xaal\x87j\xd4=\xbdB\xd2(_H!\xb7})\
,\x0dt\xbf%cP\xc9\x1ep\xbdy\xd8X\x0d\x1f\
1R\xbd\x99\xef>4y\xceg\xeb\xa1t}j\xc0\
\xfd\xfd\xb9\x90TCA\x1b\xb4^\x99\x00\x85\xf7j8\
\xd7\xdfPC\x07i\xf0:\xf6\xf4\x89?\xf8\xc0\x80(\
\x1eYz}a\x7f\x9f\x9f*\xee5\x9b\xd1jIw\
\x94-\x05\xc4@)\x9a\xb2\xb2p\xd2p!\xbf\x9eR\
gD\xd4\xa5\x84\xe5\x87\x1a\x0c\xebT@\xaf\x8d\xa2\xa0\
\xe4#:\x8cv\xb9\xcf\x8c\x93T\xc2\xc1.\x9a<\xa9\
\x03\x15f\xaf\xd5\x8c\xfd\xbd\xa6\xdb\x9b\xa5\xa0\xfb \x9e\
[/yTur\xa0x)\xa5o\x11P\x92\xe7\x07\
(\xd2\xe9P?m\xc1\x9c\x84%\xca7\x0d\xed\xfc\xcf\
\x08\x15[O\x80\xea\xae\x0eu\xfa\x99\xeeh\xcab+\
Kh^c\xa8\x9e\xac\x0eV4\xfe\xd4@{\xa5\x90\
V\xe6\xcc\xe0\x08T\xed\xc1x\x168Q6\xf0&\xa4\
A'*\xdf\xaaq\x178\x8b<K\x1e%\x0d\xbf\xc8\
\x87?\xb5\x0c\x87\x11\x82\xd7S\x0c\x98\x22;\xcc\x7f:\
\x05\x09\xb6U6T\xf7\xd4\x98Y/Dg\xa8\xb3\x0c\
/\x09J\x1c\xa5\xa1\xcd\xfb\xe1\x80\xae\xdb\x1dx!e\
\xe1)m%X\xfe\xe0\x0bz\xa0\x17SZ&\x92\x85\
\x8cM/O\xf0\x90\x0bF\xca\xb2\x11=\xacB\x0d\xa0\
\xd0\x06\xee9\x9e\x0c\x95\xf2E\x92\xc4\x86O\xb3Q\xdd\
\xe7F\xe7T?u(<?\x062?k\x8a\xff,\
o\xf3\xaf?\x92UIS\x8e<\x91\xc6\x00*@\x82\
I\xe3(\xf9I>\x07x\x5c\xbe/\xd4\xf1\x99\x8cU\
\xa9\xec:\x9e\x06N\x1b\xefkC\x17o\xcf\x8c\x88X\
B\xfa\xbax\x1a(ux\x12vC\xbb\x8dTP\xae\
\xe1\xb9:\xf3\xdf\x93\x00]+\x06\x80\x5cR\xf7:\x8d\
\xa7\xdd\x882X@\xef]\x9d\x12OX\xda\x94)<\
6;ht\x90h\xc9f\x09\xe3\xfax\xe2v\x94\x02\
\xf5\xf3\x13\xa0\xd4Y]\xee%\xac\x1b\x1d\x9f\xbfv\x18\
\x8d\xa6:\xdaH\x95F\x92\xdei\xde\x13\xd2\x80\xaa\xf8\
9T\x83P)G-o5\xae\xe2\xb5\xe9P\xc5\x03\
I\x0b\xdd*.7\xda\xb2\xd6}\xd1A\xb2\xe5H\x92\
v\x158\xbf\xe4\x83\xfbt,\xcc\xf3`t\x8c\x1aB\
\xf5\xf6\x82\xf2\xa2L\xa3\x06JC^\xd45+\xdds\
\xe2[\x9e\x10\xf4J\xd9TN&\xef\xf7\xf7el\x0f\
\xf3\x89\x9f'\xf3\x9d/:\x5c\x0a\x01\x94\xe3c@\xf4\
\xb2\x14\xfaU>\xf6\xa5\x95$\xf3)\xf2\x85\xa7<O\
9\xa7<\xa1L\xdc\xcaV\xebBT|.\xfeux\
nP\x84\x0b>\x09N\x1b\xef\xdb\x04W\xb7+JV\
\xbe\xc6\xdf\xb3 \x15ar:\x7f\x16\xc8\x8a\x97Qx\
L\xf2\x93\x0c\x85\xf3j\xe7\xe7\xd2t\x01\xaa\xa4\xbf\xaa\
\xb1\x94k\xdf\xd1u7\xaf\x8eA\x18>|E\x9b\x18\
\xe4]\xd0\x9e\x96c\x17(\x8d\xae\x86j\xdc\xdda\xc0\
I\xf9\xe9\xa6!eXd\xd9\x91g7p\xff\xb4\x08\
m\x1a\x85.|B~\xbeg\xda\xc4\xd1\xaf\x1b\x90\xee\
\xe9&\xb2\xc9\xe8\xbe\x91rS\x81\xed\x89p\x8e\xff\xc1\
1#K\x18\x1c\xb1\xee\x84'\xe6jnh\xcb`U\
\x9e\x06i\xdd\x0a!^@2*\x7f\x0cGy\x0d\xa6\
\x1aH\xb5\xbdY\xe7W\xd0\xf13\x9cw\xf3\xbct\xa3\
\x06.\x03\xf7\x94\x97_\xc9Ql\x8c\xf0\xbe\x86}\x1c\
),lX\xdf\x89h\xbe$\x07\x9f'\xd4N\x05I\
?\xf5&\xa1\x9c#ID\xa4\xe2\xe9L\xdc\x11\xaek\
\xd7;CE\x9d\xdb\xe0\xb7\xebS\xf9\xcbX\x11\xcfC\
b\xcaj\xb99\x91\xa7\x1f\xf0\xb0\x18!\x9f\xc9X\xb9\
2!p\x02<.\xbc\xc0i\xd3\x95<N\xc2\xc7\xc2\
\x09q\xbf\x09\xf4\xd8z_\x22G\x99\xd5\x1b>+Z\
\x81\xa0\xa5#\xdeH\xfbX\xce\xbb\xb0KO\xdaP\xc2\
R\x9f:\x8a\xd2\x81Ja\xaax>t~\x5c\xa6\x12\
\x07\x1d\xca\xc6EC*a\x5c\xd3(i\x8c\xe2\xdd\xc1\
(\x99\xc2\xf5\xc7;\xb5\x9e3S\xa8\x15\xa7\xca\xc8t\
\x15\xd7\xcdO\xe7u\xacC\xf7\xb5\x81\xa4\x94\x1bE\xa5\
\x19\x11\x85\xb4\xdc\x83\x01\x8c\x87.\xa0\x9d\x83\xab\xc4\xee\
?\xe2\x96r\xd0\x18X4\x99^\x81)\x19\xb8\xcd5\
\xc6\x8e\x98\xa0\xf9\xf4]\xee'\x8d\xfcs\x80\xf36\x0d\
\x9d\xfa\x9e\xcemx\xf0Pd@\x1c\xcd\xf9\x1f\xcd\xc7\
@\x1d\x99&sS\x048\xa6P\x7f\xd0\xb5\x97S\xcd\
\xe2q_q]\x5c]\xd0\x86\xfdb\x1fRQ~\x1e\
\xb29qU\x1f& :U\xa3\xb7\xc1\xc2\x88\x8a@\
\xa6R|!\x7f}J\xdf\xefa\x9fB\xd0-\xf2\x90\
^\xda\xc3S\xda~Ul\xbf\x94\xd1\x9e\x97\xf3\xc2`\
\xe4\xbbx\x9d\xd7b87\x93\x15\x02\x19^ e\xa7\
\xbcE\xa3\xc4I6\xd5\x06H\x8bk\x9e1<\xc7\xea\
\xe1\xb2\x86\xcd!/\xce|\xf2\xfe\x9f\xd2\x1e4\x9b\xb1\
\xb3\xb5\x1d\xdb\x1b\x1b\xb1\xb5\xb9\xae\xa3pm\xdd\xfc|\
c\xe0J=\x03t\xc7\xe7\xda\xeeq\x0d\x09;\x15]\
\xe2\x94h\x08\xed\x1b@\xd3\x13\x16\xe3\xf1\xcc(\x85B\
\xd1\xda\xbd\x22\xc6\xaf:\xaf\x87\xb7\x15L\xe7]zp\
\x1c\x1c\xa9\x0b\xa4\xac'\xc2\x91\xa8\xba8\x96\xb4(V\
\xfdF\xc7XUW>\xf2\x9bg\x15(\x12m\x92\x94\
\x05O\x82\xc7\xd6\xa1\x82\x93f\xfe\x1d\x83\xaa\xfe\xeb\xf4\
A\xf7\xceG\xc2\xf2\xcfz\xc3\xb0\x82\x1e\x19\xact(\
\xa1C\x9f\x10\x97\x8f\x1f\xfeu\xe4\xd2F\x08\xe4\xda\x11\
\x14\xb7J\xef\x07\x10\xbaG\x1a\x82\x1c\xee#\xd8%\xfb\
\xbcec\xc2Y\x9b?E6\x8fx\xec\xaaxhZ\
\xb64p\x8c\x09\x88\x16\xb8\xc1'\x0d\x800\xa6\xfd\xe1\
\x92\x18\x80=4{H9\xc7\x93FHq[\x8a\xb5\
\xa78FE\x04wu_\xd7=;\xcao[\x11w\
\xe5\xcd(]C<\x8c\x0c\xf6\x0a\xd9a\x82\x09w\xf2\
J\xe6\xd3\x1b\xaa\xf8k\x03\xe7\x1d\xae\xfc[\xc9\xe9$\
h\x0f\xa3+\xfe\x13\xa1)\x1aN\x86!\xcb\x10\x8c\xd4\
\xe6\xear,=\xf8*\x1e~\xf5i\xdc\xff\xfc\xc3\xb8\
\xff\xe9\x87q\xef\xd3_\xc4\xbd\x8f\x7ff\x0a\xdf(<\
V)\xbb\xc0\x0aXa\x01\xce\xcfl\xa4N\x82J\xd1\
\xbe.~\x93\xf0\xb8\xf2<s\x19k\x80\xb10\x88\xe7\
nzV\x0ac\x02\xb7\x9f\x94\xe3\xc9\xfcH\x1e\xd5Y\
\x1b\xaa\x00\x1b*\xa1=\x83\x93\x806,\xcc\x9e\xff\x04\
\xccX\x86\xe3\x22\x17\xf7\x8f\xa3+\xa8\xcb\x94#O\x82\
y\x05\xa53\x07\x92\xf7;\x98\x06\xa5\xd4-)\xe1\x80\
\xc6O\x08\x86#\x8d\x95\xaeu\xf49q\x89h^\x1d\
\xabj\x80\x9d\xe9\x81\x8c\xc0o\x9e\x13\xe43\x8eJg\
{e\xc8\xf8E\xc7\x89@\xf9\x92\x1fQ\xd7\x11\x99\x14\
0iXf().\x93\x1f\x86R\xaag{_\x8a\
\xa0!\xd2aS\xfc\xec5\xe3`W\xc3\xba\x9d\xbdh\
n\xec\xc5\xde:\xb8\x1b{k\xc2\xd5\xdd\xd8]\x91\xa7\
\xb2\xb4\x19;\xab\x9b\xd1\xda\xd8\x89\x83\xedf4\xc4\xcf\
x\xa3?&G\x06cL8(\xa3\xc5V6)\x9e\
\x0e\x1f\x05\xdc\xc1v\x05s}\xa4\xadP\x86\x0a)k\
\xfbu.\xcb\x8f\x85\x9fNP\xc9\x97S\xe4!\xfe[\
\xf2\xa66Vc\xe5\xde\xe7\xb1t\xe7\x93X6~\x1a\
+w?\x8b\xb5\xbb\x9f\xc7\xfa\xbd/\xbeyc\x05d\
\x05\x9e\x1e:\x95\xde\x81\xb3\xd2x\x91\xa1^\xbe\xe7Q\
\xae\x93\x9c\xac\x02\xa9F\xfam\xe7\xab\xa3\xf9\xa9.\xdb\
\xd0U\x07]D\xb9\xaa#\x80W\x7f <\x1a\xf3\x19\
\xa0F\xe0\x88\xe2\x8b\xef\xc7\x95\xad[\xa6\x18(\xb0\xd9\
j\xd9`\x11V\x8cB'\x9e\x0f\xce\xa34&\xff!\
\x1e\xdfO\x9a \xf7y\xb4\x8f\x81\xb0\x10\x1dG4+\
Ch\x0fI\x08\xe4\xd6-4D\x19\x92J\xd6\xcc\xcf\
(\xc0\xf7\xcb\xaf\xed\x0e4\xf8u\xfa\x0c\xc7\xab j\
\xc6\xab\x984\xa4OcT\x84\x9c\xd7!\xbe\xeeP.\
\xb6pa\xbf\xa9\xed\xedX_]\x8b\xf5\x95\xd5\xd8\x00\
\xe5\x9dl\x09wVVb{U\xb8\xb6\x1a\xdb\xebk\
\xb1\xa5\xe3\xee\xc6Z\xec\xefm\xc5@4cd\xa07\
&G\x87bbl8F\x87\x07\xf2\xbd?\xf2\xa4\xfc\
u6*(v\xb4\xc8\xaf\x0d\xb5\xc8\xc9\xaf~\xf5\x8f\
\x9cJ\xc7\xc1\x90\xdceS\x5c\x97Er-/B#\
\x0bY+\x95g[Ft-\xfaw\xd7b\xe8p;\
\xc6\xa2\x15\xe32\x9e\xe3r\xc6\xc6\x060\xd7\xdd@\xbe\
u\xe4\xa0\xa3+\xb1\x0a\xaa\xdd2t\x87?\x0e\x0b\x98\
\xb9S\xc0Iy:e\xed\xa2\xc4\xb1t*!\x1a\xe9\
\x85\x0a\x16\xf7\xba\x1bkq\xf4c*\xcf\x03\x0aOg\
\x86Z9\xabB\x1aj\xa7G\xc09\x94lj\xd9!\
\xa1LS~\xeb\x14\x88\x88z\xd5y\xd4\xfd\xaeL\xb8\
t\xa3\x16\xe2EY\xf5\x14\xdf\xe1Dx\x0c\x1c);\
\xf5N\x0b\xad\xa3\xfeO\x055\x9d\xa9\xeb\x8f\xeb\xbf\xc2\
\xd28\xeca\xb1f\xa8\x8aW\xee\x97\xcc\x0aO\x0c\xd1\
<D\x01\x89S]c\x90\x88\xdb\xa7\xd6\xdb\xd7\xe0\x09\
[\xea\x06q\xfc\xb4\x0c\xaf\x0aZ\x04\x17\x1dr\x0c\x81\
\x8211\xbe_\x07E\xc88\x15\x9fB\x11\x14\x1f\xf0\
\x03rNbx\xc1\xc02oX\xeeU\xf7\x0bM\xe2\
\xf0\xc4Q\x182X=M\x9d\xef45\xcckF\xbf\
x\x1fR\xed\x8c\xf4\x1f\xc4h#bB\xde\xd2\xe4P\
_\xcc\x8c5bnr8\xe6\xa7Fb~b$f\
\xc6\x1b1=1\x103\x13C2X\x831\xd4`N\
K\xb4`!'\xd0T\xbf\x98\xaeD\xe6\xd5\xb2\xc0\x1c\
\xeb\xa0\xebvQ\xab{\xb5(\x945e!\x84\xbe\xee\
\x19\x9d\x0e\xe4\x16\xe5i\x85\xac\xa8\xa2\xec\xc6P\xdfA\
\xcc\x0c\xf7\xc7\xec\xd8@\xcc\x8e4bfd \xa6\x87\
\xd5q\xb8\xa2\x8e\xa0\xd2\xd6\x90\xdd\x0d\xa9\xc0V%`\
\xb0\xf4*\xbam\xc5-J\x5c\xc7\x12\xb7\x9e\xa6@G\
\x81Uxz\xa0:V\xc2\xc91n\xf5\xd8SBc\
9\xa1\x1f\x0a\x98\xa7\x0e\xa6`\x15\xd7\xc6G\x05b\xbf\
\x1d\x0d\xbc\x0fu\xdeFY\xf0\x13\xb1\x16'@\xc6\xd3\
Gx\x81\xf6\xd3\xa14\x8a\x02\x94\xcd\x0b\xee*D\xd9\
\xd3\x85\xaf\x1b\x84\x0e\x94\xc6T\x10@ir\x12^\x92\
\xa8\xf0@\x95\x0d\x1e\xf6\xe40\x84G$,\x06\xa4\xf8\
\x8c\xfbA\x8a\xd0[)\xbe:{\xc5\xe5<\x95\xbf\xbd\
h\x11\xc1\x91\x07\xbc\xa8\xb2\x90\xa1\x1fy\x93\xa0\x82\xe4\
\x15\xbeu\x1fq\x10U\xe1\xa5\xbeu3\xe38\xb6\xc2\
\xc4w)_;\xad0'lu\xae\x98\xe8W\xf6\xda\
G\xb1\x80\xcf\x08Sze@\x0a\xe7\x93\x90y\xa5|\
J\x18\xb7\xd1O\xc9\xa5\x0b=\x97\xa3\x86{\x94/\xea\
4i\x149\x93\x05z\xee~\x9bs\xd6\xf6\xd0\xf8%\
\xdb^y\x1e\x18,\xf4\xaa\x07!\xa8\xf0\xf9h\x1f\xb9\
+.\xf5;\xd0P\x1d7TV\xc5Q\xf9(\xa3w\
\x04U\xdb\xa3\x8a\x18\xd6\xb9-\x91\x86\xfa\x82?\x9d)\
\x1a\xbf.#\x5cQg\xd9\x98\x09c\xc2Y\xc6\x07\xad\
\xefa\xa1&X\xd5\x19\xe9\xc4_sgW\xc6\xa9\x15\
\xc3*\xd7\xcc\xe8X\x5c\x98\x9d\x8bK\xf3\xf3q\xf5\xfc\
\xb9\xb8\x22\xe4x\xed\xc2\x9c\xf0\x5c\x5c\xbf\x08\x9e\x8f\x1b\
\xc2+\xe7\xe6\xe3\xe2\xfcL\x9c\x9b\x9b\x8c\xc9\xc9\xd1\x18\
\x1c\x82\xff\xca\x83\x94\x9b\xdcj)\xf7f\xbf\x0c\xfe\xa0\
\xf8\x1fVY\x87\xd5\xf6u\x1e\xc3\xc6\xd0y\x1c\x0c\x88\
k\xbc\x22P<)\xa9\xd7we\xb5QX\xcb\x81#\
\xa5L}\xcc\xb2Q\xc6\x03\xe9/:\xd4[\xc5\xe3\x1c\
\x1b\xe3\x85\xa7\xd2\xe7>yS\x8d\xfe>yz\xd2\x9a\
\xbe\xb2\xb0\xb6\x85\xb1\x92\xe8\xeaXUd\x1b\x11\xbe2\
\xacC\xb9g\xc5`Lz\x12r\xef)\x08\x8d:\xa0\
PVp\x09\x0e\xb4\x00-\x81\x17\x1b\xb2q%\x94\x86\
Q\xce\xeb\xc7g\x83\xc7\xa5U\x1d\xe8\xaf\xdc\xb5Z\xe8\
\xc2M\x1a\xc5\xb1\x01\xcf\xbb\xc9S\xde+\xac \xfav\
\x1d\x0b\x0b\x8f\xdd\xe1m\xd4=\x1b*\xe2\x10\x11z>\
\xf1\xe9\x11,\xbf\x19\xb7\xfc\x9d\x0c\xdd\xe1\xbe.?\x22\
\x93\xf3G\xf0\x9dG7\x8aB\xff\x04>\xdb\x9d\x82\xfe\
\xea\xe1'\xd5\x81\x82\xb3\xd3\xad\xe9\xa3\xff\x9c\x86\xec1\
%y\xed'\x8b\xedxjx\xf0\xa2F\xdeocE\
\xe3%?\xe2c<\xa1\xad8Y\x04\x1d9\xa10\x99\
/`>m uO\xe0<+\xda\xb9\x5c\x06\xe3T\
x\xa3c\x22\xcfL\xc7\xca\xf7\x9d\xf5\xad8\xd8\xdb\x8b\
\xd1A\xbc\xa3\xc98?;+\x9c\x8e\xf9\x99\xe9\x98\x9d\
\x9e\x8c\x99\xc9\xf1\x98\x1e\x1f\x8b\xa9\xf1\xd1\x98\xd0Po\
\x5c\xde\xd3\x98\x86z\xe0\xa8'\xd3\xfb\xfd\x84P\x14q\
\xcebg\xf70\xd66\x0f\xe2\xd1\xf2^<X\xdc\x89\
{\x8f\xb6\xe3\xfe\xc2\xaep/\x96\xd6{b{o8\
v[\xa3\xd1\xdc\x1f\x13[\xc3*\x93\x9c\x02\xaf\xe0\x97\
c\x81\x1c1:\x9cdq\x12\xc4pv\x10y\xaf\xa0\
o\x11\x91k\xec\x0bG\x07\xa61\xf3=\x95\xd7h!\
R\x7fpZ\x01\x8an\xe4\xbc\xc2\x14p&u%\x98\
\x0c\xc76\xa9\xd3\xa3\x18\xf2\x8e\x85B\x1e\x99Vuq\
\x0c\xa8\x0c\x0cV\xc1Z\xfd\xbe\x90P\x1a\x01G\xf3^\
5\x16\x80\x8a9\xa9\x91<\x0e\xea\x95y\x14\xaa<T\
A\xd9\x00\xf2\x8f\x0a\xa3\x81XNV\x0a\xae\x15\x01\xd9\
\x02:\xa6\x04\xf9\x95bVq\x92'\x1aU\xe6\x07v\
\xf8\xa6\x81T\x0ad\xccF|\x12\x98J\xfdV\xa5D\
\x95~Q\xa0\x8eW\xed\xc8\xfc\x1c\x05\x07\x17cTa\
\xe6[\xddwX\x96\x0f\xcc=\xa6\xea\xf1:\xbcs,\
\xde,\xd7@\x89\x03vC1|\xdc1\x8fp\xa3C\
\x96\xd9Q\x0c\xf5\x0e\xd8C@\xdd\x84:\xf9\x0c\x0c\x0c\
F_\xbf\xc6[\x92/u\x912Pz&\xbf\x89G\
D\x10zU\x16Y\x8e*o\x87e$\xa7\xaf\x8e\x89\
\x90\xaa\xf1\xefzMc\xd8\xe4\x15\x15\x0d\x9b\x1aJ;\
.\xe33\xd6\x7f\xa8\xa1\xdf~4\xfa\x18F\xed\xc6`\
\xdf^\x0c\x80\xbd\xbb\xc2=y\xe6\xf2\xc4\x0e\x85\x07;\
\xa2\xb3\xe7\xd7[\x18\xaa`0\xf7t\x5c\x5c\x97qZ\
\xdc\x8a\x87\xcb\xbb\xf1pu/\xee/\xed\xc4\x97\x8f\xb6\
\xe2\xcb\x87\x9b\xf1\xd5C\x85\xaf\x1e\xc4\xea\xd6\x80\x0d\xd6\
\xfe\xe1\xa8\xf8i\xb4yk\x1b*\x01r\xb4\xee\xe8O\
%H\x03C9\xaa\xb0\x12\x0fp\x18\xf2\x94\x07\x8c'\
\xa9\xf1\xac\xc4'\xef_\x9e\x97=c\xe4HD\xea\x16\
\x99\x15\xf9\x9e\x0c\x9d\x1b%\x8b<\xa6P\xcf\x8aY\xc5\
:*s\x0c\xdfI\xe0\x02\xd4\xb1\x0a\x7f\x91!\x1bT\
\xe2\xf3\x83Tn\x94\xab=DU\xc5\xf1\x1eV\xfe%\
\xa8J\xf5\xcb\x95\xd5D\x90\xf1\xaa3\xfdP\x0f\x09\x12\
o*W\x89\xc2Qa\xc8=\x81:\xc83n\xcb;\
\xf7\xd1X\xa2<\x09h\x5cRd2$\xbe9{\x82\
\xac\x1cf\xac\xae\xc1*\xcf:\x94\xeb:-\x0cU\x7f\
?{\x84\xd7&\xc5+8)\xaf\x026\x82\xeds\xce\
R\xef\xcct\x81J\x08\x0e\xaf\x823(\x8d'\x9d@\
\x89\x8dt\xdd\x88A\x87\x16L 7\xaf9\xd2\x91?\
\xe8\xe4Y\xf5\x07?\x15\xbf\xe4\x97C\xf3\xecX0\x98\
\xadf\xcb\xd8'\xc1\xf4c\x9cU\xd4^y#\x5c{\
\xd8\x88\xd0\xf1N\xd4\xd0\xa9/\xa3\xf2g\x22\xa5\xf7P\
C)\xc5\x93\x9d\xd4}\xf2\xea\x8f\xdd\xbd\xfdX\xd9\xd8\
\x8e\xd5\xed\xdd\xd8S\xde\x03c\xe31*\xeflxj\
\x22z\x86\x86\xa2\xa5\xf2q\xef\xde\xc2\xb2\x0c\xd8J,\
nn\xc7V\xb3/\x9a\x07\x0d\xd9:\x19h\xea\x98\xe2\
\x89\xae\xdb\xab\x03:PdZ\x80\xb3\x94\x0b\x90\x86M\
\xdd\x80\x0d\x14\xd7\xe8H\xfa{\xc9\xbb\xd7\xf6\x09\xd1\x03\
\xc2\x8e\x00dJ\xfe\x99y\x9e\xd7\x01\x06\xba\x11\x05\xe9\
\xc6\xfa}\xfd\x08I\x9cH\xe3`_\xe8\xa6\x5c\xde|\
E\x93\x1e8{\xaf:\xea\xe7\x18v\xc7\xa9\xf7>\xe0\
3\x01<\xa9\x16\x0f\xa9\xfd\x0a{\xa4\xfc=r\xf1\xd5\
\x02\x8c,\xe2\xeb\x86R\xf6zY\xeb\x08\xd4y\xfbZ\
<VP\x89\xd0\xd0\xce\xab\x08\xb5\x9d\xb7\xeff\x9c6\
\xdb\x5c\xd3X\x08H\x8f\x09\xd91LI\xef\x8c\xfb\xf0\
\xc7=\xd0\xe4\x926\x16M\xea\xc2\xdc\x8d\xe7o\x0am\
\xff\x92\x0a\xa4'\xec \x1aF\xc3\x90\xe4\x94\xf2\xd0C\
\xfb6\xbf\xc2\x8e\x9e(1\xca\xae?4\x94\x1d\x06 \
\xdc\xab|\xfa\x84\x1c\x1d\xa5\xa0\x13t\x80\xeb\xe2M\xb5\
\x91?\x1d\x8f\xd6\x8dhVy:\x1d\xf7\xdcr\x0b]\
\x15S,\xd4u*#\xe6}\x22 b\xcb\x868\xe8\
\xab\xa2\xe4\x83\x06P\xf4\x91#qu\x0f\x01\xba[&\
?h(B\x1aGx\xe2X\xf1e\x1e\x0a\x8f\x84v\
\xda\x909p\xa6\xa2$omw\x17c\xc5\x8ao\x19\
g\xe9h\x9f\xd2f\xe3\xa6\xb1\x93\xb3\xd2+k%\x10\
r\x02\x9f\xfeu\x88\xb9T\x00\x9c1\x0f\xbd\xb4\xb6\x16\
\xab\x9b\xeb\xb1\xcb\x8e\x0b\xd0\xd2\xb02\x1a\xe2wH\xc3\
\xc4\xd1\xfeh\x8c\xb2KC#\x0e\xfa\xf6csw#\
\x16\x96\x16\x94f=\xb6\x9b\xf22\xc5\x93\xcd#\xf4\x5c\
^\xa1e\xa72\x8b\x89\xfc\x93\xe7T\xe5\x0d{~\x11\
\x5ceD)\xe1\xc1\x00\x7f\x16\x0e\xaf\x0a5$'\xb6\
0f\x81h\xce\xa3\x16}\xcbZ\xab\x00\x82\x85hE\
\xe6\x18 \xccr\xcc\xf7\x92\x8a\xc2\xd5\x84]\xc5\xe9\x86\
B?\xb1Ri\x15\xb4\x8dD\xea\x02\xebm\x0d\x9d\xf8\
)P7\x0a\x05O\x03\x1e^\xa08\x15Z\x991Z\
U\xef\x89\x82\xe9$#?\x05\xce\x92\xef\xe9\xa1\x93w\
\x0e9t\x82\xac\x09\x16\xaf\x9cg#\xe3\xbe\xa3\x09\x08\
\xab\x8e\xbev\x22\x9fe=\xa12\xaaK\xea\xad\x0aO\
\xa8\xce\x95O6\x07\xae\xbbQ\xbf\x22\x07\xda\xeb\xea\xc6\
v\xac\x04\xb3J>\xdd\xc8=\xc57/N\x90jL\
s\x06K<\xa8\xb5\x15\x5c`\xa3\xf2\x18\x19\x13\xbf\xe8\
&X \xe9TG%\xf5r\x00\xea\x99:\xf7=\x05\
\x8a&\xfaX\xe2a\x18r\x0e\x954\x0aW\xbe\x8a\xe0\
\xe9\x0c\x1e\x1c\x1e\xb0~\x83\xa6T5*\xb8LC\x06\
\x7f(.\xb4@\xdd\x13\x0d^>F\x97\xf2\xd5\x12\x86\
\x8fj\xb8\x8aF\x9d\xe2A\xe5\xc45\xc3Y\x1a,\xe7\
4\xe2~\x19\x07\xf6]W\xf3\xdfg\x8b_&\xa0e\
PLK\xa4M\xbf\xe2\xd9\x98\xbf\xbe\xce\x83\xeeV'\
\x02Tbkg'\xd6\xb77r\xf3=Eb\x07\x86\
}5\xb2]\x0d/\xf7\x0e4,\xd3\xd0r`\xa87\
\x86\xd9bFF\xabW\xd7\xbb\xfb;\xb1\xb9\xb3\xe5]\
\x1a\xa0\xc7\xc6yi\xacd\xb6t\xf4N\x09n\xa8@\
\xca\x01^\x90\x9dGT\x85\x05+Hu\xa1\x03O\x1e\
\xf7{\x06\xa2\xd53\x14\xcd\x9e\x11\x0d\x0a\x07u\x1cP\
\x98<\xb8^a\xdf\xa0\x1f8\x99q\xd0E\xad*\xed\
@G\x10k[zS\x04T\xce\xad\xc0n0\xa5\x92\
~\xf9\xa0\xdb\xe0\xe4y\xe7\xfa\xbb\x01d\xae\x7f\x8c\x12\
\x95\x8d\x11m\x1b\x13\x0eY\x7f42\x1bW\xb3\xcb=\
\xceIK8Q\xaa\xf85\xe8\x84q\xac\x95\x9b\xbf\xe3\
\xd1\xdb`C\xa5\xe3Ix\x1ah\xb7\xe5\x0a\xecu\x98\
@R0\xbf>\xeb\x8aX\x83z=a|\x18\x12\x82\
)\x87\x0e'\xa5N\xeb\xf1\x13\xaa8\x99q\xfb\x9c\xb4\
\x9e_*\xe1\xa4+i%\x14\x1b\x00\xcb9\xdb\x80b\
\xaa<\x95YP\x03Np\xa8\x8f\x18\xbe\x1c\x06&8\
\xbcM\x92\x13\x07\xa7\x01\xad\x8c\x16uW\x8e6\x10\xb8\
sJ\xe6\xd7h\xfa\xa0\x90\xd7$\xf6\xf9c\xa0\x96m\
4\xf7\xf6b}}-\xb6\xb7w|\xdd\xdf\x18\x90c\
\xc3\x1e\xa0\x8ct\x84\xcc\x1f\xf1\xed>\x19\xa8\xbe\x01\x99\
\xca\xc1\xdcv\x86\x1cvvvck\xb7\x19r\xf0\x04\
U\xdb\xb7\xf1\xe9\xce\xbbs]\xf2\xb6\x1ck|\x00)\
\xe3\x86\x0a4\x18{\xbd\x83\xb1)#\xb5!#\xb5\x19\
C\xb1\xba\xdf\x88\x95V#\x96\x9b\x18nE<\x82\x18\
\xab6B)\x89\x81u\xa8?9lW\xde\x0b\x02u\
\x854\x7f_\x03\x0a\x0d\xf7\xe2OP\x84:|\xdd<\
O\x07U\xe5\x00\xed\xaa\xe9\x84y\x82VJ]&?\
\xe9\xe1`\x0b\xce\x92\xbdR\xa7G\x8f\xdc\xcbc\x9e\x93\
\xa2\xdd\xf8\x9e\x00EW\xbb\xf1\xb4\x90\xbd2\xc7\xe4#\
\x91\x1b\xd9\xfc\x5c\x07`M\xef\x92\xef\x84\xe2A\x81\x0c\
\x09\xbd\x8fS5\x87U\xea\x83C\xe7<i@\xbf\xe4\
\x05\xb5B\xc3a\xbav\x1e6\x9ey\x8dG\xe5\xa1\xb3\
\xef\x89\x8eQ?\xb4\x17\x1d\x93nE\x9fxy\xa1\xd8\
\x85\xe7\x8c\x8aqs\x1cQ\xc2Q3/:w\x9c\xaa\
\xfdg&\x90\xad\xf2w:\xe8i\x18\xa8\x94.\xaby\
%m\x07RbG\xa1\x90,D[\xadV\xec\xca\xe8\
0\xa4\xec\x1f\x18\xf0F~8\x88\x9e\xd4VE\xb0]\
\xf2\x81\x8e,\x95\xd9\x97+\x93\xc37\x97B^\xd5~\
\x0eG\xd9\x97\xcbN\x147*4\xfd\x02y.\x16\xf3\
H\x19\xaa?X\xcc`~\x91\xb9\x86\x7f}C\xb1\x8f\
\xc1j\x8c\xc4\xee\xc0pl\xe9|\xab\xaf!\xc3\xd5\x1f\
k\xea\x90{\xdbC\xb0\x82(C5C\x0fj\xa0,\
b\x88\xb4d\xe6\xcb\x04U\x06\xc2S\xaa*\xe0\xebA\
\x0a\xe3(RCYQ\x1d,\x8a\xd1A\x22\x1e\x85l\
\x9c\xd6\x02\xae\x8c%j\xc1\xa7\x81i\xf0\x07\x1d\xd3P\
*\xe5]\x86\x8bF\x115O\x15\xa0l\xf5\x06e$\
\x5ci\xeb\xf8\xb5@\xf9Q\x17~1\x95k\xcaX\xa1\
\xf3su\x90\xaf\xc2\x14\xa1\xc6^\x95s\xc5Q&v\
R\x14\x9f\xbbn\x18V\xa0\xf6L\x131\x89x\x0cL\
E\xb7\xdazz\x22\x10\xeb\xc9P\xea\xdd\xe7\xd51\x99\
K\x9elt\xab\xf2\x11\xda6\x16\xfa+K\x5c\xdcp\
1R\xa0\x87G\xea\x89\x15\xf6\xb8\xfa\x01\x1c\xde\xbe\xa5\
\x13\xea\x13\x06\x14\x9ei\xb3!e\xa4\xa4\xc3\xed\xdc\xe8\
P!\x8a\xa3\x88n\xdc\x1e\x858\x9a\xe2\x91V\x11\xd3\
\x86H\x8a\xce?\xd3'M\x1d\xb9e\xa8\xea\xa9\x02_\
\xe92\xeb\x91\xf0R\x06\x8e\xd0\xf4M\xeb^?\xeb\x90\
\x08\xcb\xa4\x82<C:EBU\x80i\xe4\xbcd\xa6\
\xe1\xc7\xf1|\x14\xc03\xe5\xd1\xbd\x9c?R\x98\xbc\xb6\
\x1c@e[b\xa8\xc72\x8a\xd6a\xb3\x9ag6a\
\x85\x13Yr\xd0!\x17\x92r\xddA\xf4\x89<\xbd\xa3\
C\x95_)#\x9dS\xae\xe5T\x04yU\xfdC\x13\
\xd17,\x1c\x9d\x8e\xc6\xf8\x5c\x0cN\xcc\xc7\xf0\xd4\xb9\
\x18\x9e<\xcf\xa6\x02\x12\xb4\xd0\xd6\x93*\x10C\x18\xa9\
\x03\x8d\x8bA\xaf,\x15y\xf3\x0d=\xb22\xe3\x08\xb5\
\x83\xcf\x02Y\x09\x14(\x01:\xf0SG\x8fq\xabx\
\x8e+\xcc\x89\xf0\x0e\x1e\x03\xf8\x91B\xa6G`\xa9\x10\
\x98(\x9a\x89\x8e\xf9D m\x8a\x9e\xb7\xe6\x99 V\
\x18?m\x84\x9f*\xb2\x00\xfe\xeb\x86\xaa\x80)\x88\xef\
\x82\xee\x89\xbf\x06\x90\x9a\xac5H\x907\x22z^\x0a\
\xa2\xfch\xd4\x94\x1b\xfaU\xf6\xd6?g\x97\xe5(\xe7\
\x85\xc7\xc2g*\xb1J\x9b-\xce\xb1\xeb\xc6\x8aX\xd0\
\xad\xa7\xcbr\xa1\xdcB\xdd\xef\x948\xe1H\xdc.\x04\
L\xaf\xa4\x17\x9fY\xd7\xa0.\xda\x92\xcf@\x16\x10\x8a\
\xc3\xaa\xfaD\xa32X\x1eVq\xbf`u]\xf4\xc5\
\xb2\xa8A=o\xe6\x8et\xe2\xfc\xa0\xdb'f\xbc\xcb\
\xa5)\x93\x16>\xc8\x9bx9\x0c\xa3\x9ce9\x06\x8d\
\xfb\xa0O2\xefS\x9d\x0b\xddy\x89\xa6\xe5h{\x98\
<y\x90.\xfaI\xad\x0aW\xbe\xd4_v\x84)=\
\xbf\x92\xa2\x08\xe98\xe8h\x1df\x17\x85\xac\x09;\x0e\
\x07,\x18\xd5Q\xf9\xf6)/eI\xa1\xf87]\xf3\
(\xda\x9e\x1f2\xfd,3<\xd9\xd9P\x14p\xa8\xd1\
\x88\xb1\xd1\xf1\x18\xe8\xed\xf3\x8b\xd0\xbc\xb6\xc3T\x13\xde\
-;kd\x13Qz\xc9\xa3G\x95\xe3\xb5\xc7J\x97\
\x9d\x9a\xca+^\x0eX\xfeP\xc9+\xeb\x05\xd9k\xe8\
\xed\xb4\xc4\x13(\x0cC\x94\x1d\x7f\xd56D\x8b\xfac\
u\x87\x8a\xa8s\xc5\x95\xec\x87\x86\x87bnn>\xce\
\x9d;\x17\xe7\xce_\x88s\x17.\xc5\xc5\xcbW\xe3\xf2\
\xd5\xebq\xe5\xdau<+\x19'\x0b\x8c\x0c \xeeS\
\x03\x19z\x12\xbd\xban\x03\xdc\x10\xd1\x09\x80\xf6\xc9\x13\
\xa1(\xea\x99Q\xf9\x15\xb68\xa3\x12\xebx\x1c:\x85\
 }\xe1\x8e\xf3\x0e\xd4\xcf\x13\x8e\xe4\x09*\x8c\x8a\xa5\
\x92\xdd;\x96r\xb7\xf1d\xa87\x94\x93\xb1\x8a\xf8u\
\xe014\xa0\xfft\xc88E\x1e\xa4\xf1\xfa%\xd5\xb4\
\xb1j\xa4\xb6$\x8f\xc9\xc8itD\xb9\x0d\x8f\xcd\xf6\
\xb17*x\xfc\xfd\xee;\xa5^$A\xe7_\xb0~\
\xef$(\xf1\xca\xdcS\x1b\xd5\xf0\xbc\xdb\xa6\x8e\x5cS\
\xa5\xe5^\x01]\x11\x98\x17\xba\x9f:\xa7s\x90\x06H\
\x0b\xe76\xb4m9\x88\xc6\x1f)E\x17\x03h\x99B\
G7\x85L\x8a\xf7k\x98e\xe3!b=6B\xa2\
#zU\x94R\x132h\xbd1\xa0\xfa`\x8b\x18\xc6\
\x5c\x18\x09\x15\xd4\x91r\xf8'~\xaa\x1c\x0d\xce\xa7B\
\x01\xb6\xc4\xf3\xff\x86*\x8e\x1274\xec\xf3\x82\xd1\xe1\
\xe1\xe8eH\xb8\xb1\x11\xfb\xdb;\xd1\xd7<\x8c\x01\x19\
\x98\xc6a\x9f\x8c\x96\xf2=\xe0(>4\xe4\xeb\xc3F\
\xca\xc8\xf4)\x7fO\xa4cmL-\xf5\x85\xbf\x04\x8e\
u<\x0a\xa9Vy\x0f9\xb98\xba\xa6~\x86\xc5\xcf\
\xd8\xd8x\x8c\x8c\x8d\xc5\xe8\xf8X\x8c\x8d\x8f\x1b\xc7'\
'$/\x1b*e\xae\x88G\xdd\xe6r\x8e\xc8\x8eg\
\x98\x05'm\x9e\x16e\xa9c7\x14\xdagB\xf1e\
WU,\x1c\xa7\xf8\x18\x80\xe7\xaa,\xee=Q\xa4\x8a\
^\x81\x13\xd8\xeb\xe4\xd9F\xc5\x03\xe1AH\x00\xc9\xba\
\x118J\xfb\xb8,\x8eb\x15\xf1\xb9C\x87'\x03\x97\
\xce?\xeb\x8d7\xe2[RTO\xd8\xaa$\x85-z\
v\xf3\xa9\xf3\xc23\xd0\xe1\xbf\x13Fcd\x8b\xe3\xec\
M\x8f\x0229i(v\xe4\x9c\x1fk\xef\x13\x80\xf8\
B\xf8\xa2}\x10\xddC\x16\xeaE\xb7\xf3\xa9\xdbQ\xbe\
\x0a\x94\xbc\xd3#\xe8\x5c\x93c\xe9{\xeaI\xba\xdbA\
\x07\xb3\x93\xcc\xedXr8\xe4\x8e\xd2\x1e\x9e\xda\x8f\xee\
+Z\xd2\xac\xe4\xe9&\x9c\xac+N\x9e`\xa0\xd2X\
\xc9\x08(\x02\xa3\x176\xc1\xc3k\xc2\x08\xe0\xdd\xf5+\
y\x1a\x04\x1d\xab4\xb4B\x83\xf3\xc4\xe3\xca|\xc9\x07\
\xfa\xc8\xc4\xe8\xc2\xe8N\xb9.\xe9\xda@H\xfe\x0d\x0d\
\xf2~\xe0xL\x8e\x8c\xc60e\xe6=C\x95\xaf\x17\
/kO\xb8\xab\xb2n7\xe3`k7\xf677u\
\xdc\x8e\x81\x83\xbd\x18\x91W7$\x1c\xa8z\xaa\xfc}\
2\x98\x8bvD\xf4\xaf\xb2\x1d\x00\xb2+\x7f\x94\xd5u\
+\x8f\x8c\xfa\xd5P\x17DX\x0a\xd7M\x04\xa34)\
\x94$L\x22\x88{x\x81\x00\x84\x1deH\xc2\x08\xb0\
\xa4+\xf7:q\x8eBa\xe2\xc9\xa88\xca\xb6\x1eV\
\x94%o\xe8\x5ca\xccM\xd4\x91\xdb\x05\x01\xe8\xf4\xa9\
\x80\xbd\x8c\xe9+\x1aG\xe11\xfc9\x0b\xa5\xd3y\x0e\
\xb3\x94\x97j<\x91^Fq\x8c\x8a\x07\xa2\x0d\x92\x01\
bghP/\x7f\xf1\xfa\xdao\x9d\xd7\x90\x87\x13\xcf\
\x1bR\xde\xe2\xaf*\xbb\xeb$\xab\xce?\x5c\xf3\x08\xbc\
\xd9l\xfa\x88\xe1\xb2ko\x1e\x8f\xcbG\x09|(\xf5\
\x91d\xab0P\xb28.g\xe2w\xe4o\x1e*(\
t\xf4\xd3\xbe\xdf\x0d\xd9\xd8\x12\x99\xaa\xc0K\x00\x18\xe6\
d9\xb8\xa7\xbbU\xfa6\xcd\xc7\x00\xf7\x8aNe\x00\
\xed^e\xae\x8c\x1d\xd7\xd6;wv\xbap\xe6\xc9\x01\
\x07\x0fe$\x9bR\x87\x1ehq\x1by\x193\xbe\xb8\
\xd0y\x0e\xdeDQq\x84\x84\x09\x0a\x0f\xde\x0c\x8f<\
0~M^\xe2\xc58\xe9\x1e\xe9\x95\x0f\x9e\x8b\xe7\xa7\
\xd0\x9f=u(\xaa'\xde\x8b\xc9\xb5\x93\xe4A9\xa4\
\xa1~b\x08]\xb8\xe4VG\x07K~\xe9)\xd7A\
\xf7\x14\xbfW\xc6fr|$.\xccN\xc7\xf9\x99\xa9\
\x98\x18\x1c\x94\x9e+\x9b\x9d\xdd\xd8[\xdf\x88\x16\xdb\xc9\
\xac\xad\x1b\xf7\xe5y\xf5\xeen\xc6X\x7f+\xa6\xc7\xfa\
\x95\xae/F\x86r\xd3\xbel\x01\x99\x7fB\x87\x07I\
+\xf9\xab\xc2\x11X\xca\x02\x86u&\xacX\x95<\x18\
0'\x94:\xf2-\xc9\xc9^p\xae\xd3P\x10\xc2\x81\
\xa8\x1a8\xeb7\x86\x1a\xfd1\xc8\xd71h\xb5\xa2\xe6\
\xa4:R\x05\x14\x08\xf1c\xf5\xfbE\x88#o\x0a\xb1\
\x94+\x8fB\x855t\xcf\xa8<8\x0e\x88\xc4\x80\x08\
\x95pz\x16\xf1PC\x85a\x80\xaa{F\xf1\x8fP\
Ad\x9e\xa8s\x0a]\xa1\xa2\xb71\xd31\x9eO\xf4\
.\x88\x15:\x5c\xc2\xe5\xc8\x0b\x93\xac\xfc-\x98#|\
\xd1\xd0\x91Y\x1az\xb6~\xd1\x06\xe1y\x80s\xa5\xa3\
7)\xe1 |I\xb3\x94J\x86I2\x84\x89\xde\xbe\
~\xe5\x91\x8fyKU\xd6\x95\xa8\xed\xb9\xd4\xf0\xcc@\
K>\x06(&\xe1G\xefA\xde\x0d\xdf\xc1T|\xde\
\xc7@\xa5\xb1b*\xa0\xf0\xf58C\x8a\x8ae\xbaN\
\x1e\x99\x1f\x88\x81'\xa4x\x01\x05\x95\xab0\xa1\xc4=\
\x06\x92c\xb9gt\x1ad\x8al3'\xc0G\xfd\x9c\
@\xe1\x18t\xcb5\xaf9r\x05\xd1\xbe4\xd0\xa5\xbc\
\x10\xb5\x90\xaas\xa0:\x16*\x1cE%/\x00\x1b!\
 \x1b\x1c\x98R(Gv\xb2\x1bp\xf8\x01\x8dR!\
\xbcF\x82N\x8f\x0di\x1862\x14\xe3\x0d\x19\x08\x0c\
\xe6\xd6\xa6\x87a`S\x1eLK\xc7\xd6\xe6Vl\xcb\
h\xb0c\xe6\xde\xe6v\xf4\xa8\xae\x88;$\xfd\x1a\x91\
g\x86\xc3AU\x92\x93;\x0b\xb3\x96\xf9S\x96\xaco\
N\xa5\x83j8\x07*\xb3\xd1\x0dEz\xaf61\xd8\
\xe8\xd5pp0\xceM\xb1\x13\xc3\x90\xf7\xb6\x1aV\x9b\
\xef\xdfW^\xcdm\x1d\x85=\xbb1<t\xa0aY\
oLN\x0f\xc6\xec\xecpL\x8c\x0e\xf8\x1b\x83}\xb2\
\x9ebCy\xebWCE\xcb\x81\xd23<\xa6\xc4,\
\xdf`\xe5\xbc\xce\xbd\x1d\x81y\xd2\x0f\xf15\xd4TK\
\xf75\xd2\xc9\xf6\xcf\x83\x03\x0c0\xb2U<\xc8\xb8\x8a\
\xa4OC\x12\xd6\x00\x8f.%A\x22#\x00\xc5U\x98\
\x0c\x0f\xeb+\x84C*\x10{\xdd`E\x07D\x8c\xf0\
\x06\xf7\x14\xd9H\x06Jo\xf7\xd6G\x16\xacU8\xc0\
\x91\xf4\xd55\xf7\xca}\xa5k(\xaf:*z\x1b\xa1\
; \x81 \x14\x8e`\xbf\x84\xdc/\xee\xfb%\x8c6\
\x8a\xaf:b|\xdc\x05\x09y\xd7\x88\xdd\x06\xe4G\xe4\
\xb5\x8e q\xea\x86\x0c\xba\xbd}-\x19\x99\x96h\x0a\
{\xf7u\x04\x15O8@\xd91V\x8a\xdb\xe6W2\
\x19\x92\x9c\x8c\x92\x112\xa1\x5c\xf98Y=A\x8a\xfb\
\xf9@jf\x17\x94F\x9f\xf7\xb2\xe1\x13\x9ahP\x00\
\x06\x05h{z\xd9\x82O\xe4\xb5\x18\x90r\xb7\x94\x88\
\xb2\x95\xa6Z\x80{\xfe\xab\xd28]\x95q\xb9.\x1e\
3\x90\x06\xa42\x16G \x95\x1e\x0fO\xf6\xa4\xedQ\
\x89\x00\xff\x06\xc8\xfa\xa9\x9c\xb0\x9e_7vCUT\
\x81\xf2\xa6\xec\xd5U\x01xR\xcav9t \xd4\x1e\
U\xca\x89;\x94\x9f:\xces\x88\xb6G \x02\xa7\xb3\
\xf1\x90\x82\x1c0\xe1,d\xeeG\x8dS!2\x06\x11\
s\x13Cqaf\x22\xa6e\xb0\x86%\x8e\x1e\x0d\x05\
\x9b\x1b[\xb1\xbb\xbe\x19;k2P\xab\x89[\xcbk\
\xb1\xb3\x22/gcG\xc3\xb3\xc3\x18\x1b\x1c\x8a\xd9\x89\
\x89\x98\x9b\x9a\x8cQyB\xbcr\xe3\x0eBy\xd3o\
\xbak\x84\x0d\xce}\xcd=a\xd5\xf8\xe1-;\x16\x19\
\x0e\xb5\x0b\xbe\xe7\xdc\xdb\xd3\x94\xde\xb6bt\xa4W\xc3\
\xc2\xc18?=\x1e\x17\xcfM\xc7\xa5\x0b3\xc2\xe9\xb8\
xa*.\x9c\x9f\x8c\xf3\xe7&bfj<F\x87\
\x1a\xd1P\x11i\x87\x18O{\x81\xaeF\x99$d\xaa\
\x0b\x0ca/3\xf5j7\x87\xbd2|\xba\xf6\x164\
J\xe7\xf7U\x94\x0e\x1eS\x1f\x14\x08\x7f\xf6\x12%\x1c\
\xdd\xb0iW\x9cV\xab\x19\xad\xbd\xbd\xd8o\x8a\xcfA\
\x15xhh8\x065~m\xc8B40R\xe2\xa4\
_\x03g\x90\xaf\xb2\x0eJ\x9a\xb2i18\xd4\xe3\xf3\
!I{X84\xa4\xf3!\x8e\x5c\xf7\x1f\xc5*|\
hP\xf7\x86\xe4\xa9\x81\x0a\x07\x87G2\xce\xd8X\xe3\
\x18\x8e\x8e\xaa\xd7\xf0\xfd\x01\xd3\x18\x94Uh\xb4Q\xf9\
\xcb(\x94\xfc\x0b\x16\x1e\xda\xa8<\xf1\x0c\xdb\xc8[\xe6\
\x84\x19\x95\x1e\x84\x1f\x87wpX\x9504\x5c\xa1\xce\
\x87\xd5\xfb\xc1'\xf9\x99o\xe1\xe8\x08<\x0eV\xc8\x13\
\x95!\x1d\x87\xc4\xfb\xb0\xc3\x1a\xca\xa3G\x15\x93\x1f\x13\
\x90\xc0i\x8c\x95\x12?/(=h\x1b\xea\xd7h\x87\
\xb4\xb6\x18$+r\x05\x1e\xd6(\x1c\x05\xce\xce\x0a\xcc\
FH\xbaB\xc6\x8d\xb2\xc2T\xf4\xbc\xe3tR\xb22\
\x1c/\x86\xa8CC\xffRD?\xfd\xe4\xa8\xce\xcc\x1d\
*\x8dSAm\x9e\x1e\x03\xe2Z\xc6\xa82\xa8\xbav\
\x1a\x1d\x09+\xc3n\x86\x07\xb4\x13dP\xe7\xb3\x1b\x88\
[\x10z\x1e\x9e\x93\xff\x11\x162?\xbc\x1fh\xb8,\
\xe2\xb9]^\xfd\xb9]U\xd7\xa4-\xf9\xe5\x1e\xe9\xd0\
\x83>tt\x8a\x95\x95\x81\xc2`\xe5d\xb5\xda\x95\x0a\
?(\xba#\xd2\xe5I\xe9\xd9\xcc\xc4\xb0<\xac\x11O\
t\x8f5\x86\xe41\xe1\xd9\xa8-\xca\xe3\x00Gz\x07\
b|`0&e\xa4\xe6\xc6F\xe3\xdc\xc4X\x9c\x9b\
\x1es:\xda\x87G\x05*\x0f\x8d\x1bC\x05\xb7t\x05\
\xf6d\xc4C\x1a1\xdd\xf3\xd1\xb6\xc3\x86\x85\xa1f\x8f\
\xbc\x9e\x1ey=\x1a\x87\xea^3\x06\xd5Y\x8f\x0e\x1c\
\x8a\x97>\xe55\x12\xe7&\xc7b~r\xdc\xc7\x19\x0d\
\x17'\xa4\xfbC8&JkT^\xfd*\xa2\xd4\xdd\
z\xe1<+y %\x05[H\x1c\xed\xfc(2\xce\
\x04N\x03\xdfV\x94\x94\xa4\x0b\x185\x08\xe0L\xc8\x88\
\x89\xa7\xdd\xbd\xedX__\x8e\x95\xd5\x85X\x5c\xba\x17\
\x8b\xcb\xe0\xfd\xe8\xf9\xf2\xe1ZE\x13K\xa7\xc2\xa2H\
\x22\x82\xe5s\xe5\xe8\xda\x95\xd0\x06\x89C\x81eL_\
\x18+\xc0%\xd1\xb9\xef[\x0e\xcb\xb8\xd9\xa8\xaa\xaaV\
X\xfbK\x1am\xe8(\x14\xf1\x1c\xe2s\xc2|\xe9t\
\x90\xcb\xbb\x09\x19\xa7\x0e\x99\x06H\xfe\x12\x8e\xc6S\xfe\
]\xad\xdct\x15\xc5\xea\xc9\xd1\x8az\x14j\xe4\x9c\x03\
\xaf\xe2 )O\xfe\xaa\x01\xb0XnssO\x9d\x02\
\xdb\xec2\x17\x841\xc0\x05'a&\xe6w\x00\xf9\xd5\
\xa0\xce\xe7\xa9A\x8a\x0f\x0f4e\x17\xc5-6\x8d\x0f\
\xaac\xe5\x15_|\xc4\x92!*\xde\xe3@\xffA\x8c\
\xa1t2\xc6\xcb\xcbK\xf1\xc9'\x1f\xc7\xc3\x87\x0bq\
\xe3\xc6+q\xe5\xca5\x19\xed\x91\xd8\xd9\xdd\x8bfK\
\x0a\xb5/\xfa\xa2\xe9:\x11=\xf7\x80\x95\x0cQJ\x97\
\x9f\xbc@dE\xbc\x0a\x0d:\xb2\xfc\xa4\xc4s\x90\x7f\
u]y*64\xb4\xae\x1a\xa4\x11=\x88\xed\xed\xdd\
X\x5cx\x14+\xcb\x8b\xeaYy%\x04\xbd\xa4W>\
\x88\x9d\xad\x9d\xd8\xda\xda\xb2A\x19Uc\x1f\x1e\x1a\xb2\
\xe1,p\xb4\xae\x13H\xd7\xe6C\xf7\xe7\xe6\xa6\xe3\xfa\
\xf5k\xf2\x1a\xe6\xe4%Kb\xba\x7f\xf7\xab;\xf1\xd9\
\xa7\x9f*\xab\xbd\xb8v\xf5\x92\xe4\xd7\x8a\x8d\x95\xa5\xd8\
\xd00lE^Oct,\xae\xbfr3.^\xbc\
\x14\x8d\xe1\xc1\xd8k\xed\xc4\xc2\xbd\x87q\xe7\xa3\x9fG\
S\x8djf\xb2\x11\xe3\x13\xea\x0c\xc7\x06brf$\
\x1a\x92u\x8f<n{\x90\x88\x8f\xcc\xb1\x16\x92%2\
m\xaan\xb6%k\xfb96r\xa9Gl\x00H-\
\xe2g\xe0=1\x19\xce\x13Dw\x82\xa4\x94\xd1\xf0\x14\
\x88\xe2\xa3\xab&[\x95\xcd\x07\xe4\x8e\x0c@\x84\xac4\
\xd0s]\xe9\xcaC~\x95\xd7\x89\xabv\xe0\xf8\xba\xdf\
\x8b\x81e2D\xf2$\xac\xc7#\x14yP\xd8\x02\xc7\
T4Pq\xfd4\x94,\x98\xa33\x1d\x1dE\xf3`\
g?\xd6\x17wc\xe5\xc1V,-\xafG\xab\xa9a\
\xe4\xc4l\xcc^\xbd\x19\x13\xe7.\xca\xf1\x99\xf5\xcb\xd0\
\x0f\x1f=\x8a\x0f~\xf1'\xb1\xbd\xb9(\x1d\xbc,\x1d\
\xbc\xaa\xb8J\xb7&\x8frgK\xf2\xd9\x93n\xe5h\
\xad\xb7%\xf7\x93a\x0b\xf3T\x0c\xd9x?\xc8J)\
\x0e\xf8v\x18\x09\x9br\xc1p\xc7\x9a\xad=Y\xbd\xad\
\xd8\xdb\xdd\x92\xf2\xecJ\xa04JpW\xb6.\x8f\xfb\
-\x85\x0b\x9b\x8a\xb3\xbb\xb3Y\xe1\x862\x16n\xae\xc5\
\xee\x96p{]\xb8\x16{[\xeb\xd1\xd4}\xe36\xf7\
\xf3z\xbf\xb9#\x1a\xdb\xb1/\x0b\xdb\xda\xdb\x8c\x96\xc2\
ZJ\xdf\xda\xdd\x8c\xc3\xbd\x1du\x04\xcaC\xb8\xbf\xab\
1\xbe\x90s_\xeb\x9e\xc3\xe46\xb2\xa7sb\xba\x90\
\x1c\x0f4\x0e'l\x9f0\xc5m\x89GhB\xbf\xc9\
qW\xf9\xed\xee\xc6\xde\xce\xb6\x8c\xce\xb6x\x91\xb0t\
\xf4\xf5\xb6\xca-\xdcU\x03\xd9\xddR\x99*\xdc\xe6%\
P\xe6\x1bDO\x84U\xf74\x0856U.\x8a\x90\
\xf3kT=H\xcf\x97\x15\x8d\x12X9\x0c\x84|\x0d\
\xa8\x92\xa7\xb2\x16\xa4\x06Q\xeb<\xcf\xd0TVz}\
\xb6\xeb)sU\xcc\x11\xa2\x0c9|%\x0d\x91QD\
\xa5\xd2\x7f^\xf3+LB:s\xa8u%\xa7\x0f\x84\
\xf6\xca5\xbc\x97\x1e\xf9\xd1\xbc\xc6<\x9e'\x94,\x18\
r\xf4\xba'\xc7\x13\xc8\xb4\x80;\x86\xea\x1c^\xe8$\
\xbd\x9f\x13\x0d\x89\xf8\xba\x99\x9e\x1a\x869\x9b\x8ae'\
\x1a\xa4$\xbd\xcch\x86\x0bS\x06\x09\x1d\xf9r\xde\xb9\
\x97\xe9UGd\xc1\xb1\xca\x07\x0a\xe9\x15\xd5<7\xe5\
\x0bJ\x18\xd5Q\x84\x08'_\xca\xceQ\x86\xda\xa8\xb6\
c\xfe\xd9,O\xba\xd0\xda\x13\x9d\xdd\x838\xd8\x93\xac\
\x9b\x1ax\xedJ\xee\x5c\x1b\x15oO:\xa2F\xcc\x1c\
oC\xf2\x1f\xd1(\x80\xed^&\xd5\x91L\xc9\x10\xce\
\x8c\x0e\xc7\xb4\xe7\x91\xe4\xe5K\x9e\x1er\xa9\xce82\
\x7f\xd5S\xad\x8d\xa2\x1c\xf0g\x01\xe8\x88\xd1\xa0\xb3T\
4e\xa8 \xce[\xcaS\xf1\xf7\xf74\xdc\xdc\xe5+\
\xc82\x88M\x19\x99=\xc5m\x897\xf8c\xe3Ax\
fg\x07\x0f\xbf\xd4Fd\x8c\xb1\x11\xac\xc3\x22=t\
(WS\xfc\xf3\xda\xcd\x1eH\xe7&~Z2\xbat\
rM\xf2\xa0l\x92Scp@#\xa5\xc1\x18\xd1\xa8\
\x03\xfdP\x0e\xe6\x91/\xe8\xc8\xde\x8a?3\xa1\x13\xb5\
\xe1\xc3\x0d\xa5\x7f\xa8\x0e\xe0\xaeh\xddQ\x1d<\x10\x89\
E\xc9x%\x06\xfa6\xa2\xe7\x9f\xfe\xec\xd3\xc3\x99\x99\
i\x0d\xffX\xf1Ka\xc9PF\x89\x86\xb8\x85\x91\xd9\
1#\xae`*J@\x05y\xe5\xb0\x04L~T.\
\x95\xd7\x99\x7f\x10KUe\x17\xa8\x9f\xe7\x13:\x9d(\
\x08E\x84\x08J\x03\x1d.\xbd\xf6E\x11\x9c\xa7\x0a\x07\
Y\x14\xcan9\x13\x96\xce+\x15\xd6\xf4\x8e(\xa8\xc9\
\xc1$7\xc8\xc2qkQ\x12\x94\xd6\xfcBG\x91*\
JNk\x1aJ\xe0\xc7\xd1\xbe\xa1\x0a\x15\x7fn\xc8\xdc\
\xac\x83<\xab!zv\xe1\x80\xc6\xca\xfd\xfd\x8d\xd8\xda\
\xa1\xe2\x8a\xc2\x93\x9aw\xd4\xa8(\xd2\xc2w&\x05\xa0\
\x99\x0d\xa2\x0a8\x0b\xa0\x98\xa2\xae\x831\x155i\x02\
\xa6-\x1el\x94\xa4\xb5\x9e[\x94g\x85W\xc5pz\
e\xf9Q|\xfe\xd9\xa7\xb1\xb2\xb2\x127o\xde\x8eK\
\x97\xaf\xa9\xc1\x0d\xd9\xa3\xc1\x98\xb1\xcf\x91=l\xf1\x9b\
\xf3\x09&+@6\xfcb\xa0x\xa5%\xe7.\x99\x1c\
E\xf0\xa9\x07\xcaQ\x8d6\x9f4\xa67dOPC\
!\xefO\xae\xb4\xc4aI\x08\xb1U\xfb\xa93Jc\
#\xaf\xbf\x9d\xed\x1d{\x7f\xf0\xd7T'\x94tiH\
\xad\xd8^W\xa7\xa1\x8e\x85\xe1\xe7\xd8\xe8h4\xbc\xfd\
0\xb2\xcc\xbar~5\xe8T\x1b\xba\x90\xf58;3\
\x157\xae_\x89\x8b\x17f%\x93\xc18T\x03\xbd\xf3\
\xe5\x1d\xc9\xe435\xca\xdd\xb8~\xe5\xa2\xf7\x8b\xda\x5c\
_\x8b\xf5\x8d\x8dX\xdb\xd8\x8c\xde\x81F\x5c{E^\
\xe8Uy\xa1\x1a\xfe\xef\xa9\x93\x5c^\x5c\x8a{\x9f\x7f\
\x1c\x1b\x0f\xbf\xd0\xb0m/&\xc7z\xd4@\xd1\x8b!\
{_\x8c\x95\xec\xa5P>\xfd\x019<f\xcaYr\
\x82g\xebv\xca\x04fiYn\x1b\x0c\x9b\xdc\xc0\x09\
\x86w\xe9\xa1\x8f)\xc1\xf4\xb0\xd0/\xd1#\xb5u:\
\xe3\xf2\x87\x1c\x01o\x81L\x88o\xeb\xef\x88\x12*\x9f\
L\x9c\xd7\x15\xd0\x1e\xd1\xab\xa2\x9f\xae5\x1b\xf3L\xcf\
\xdc\x13\xca\xe1\xfb<Pb\x8e\x0e\x8f\x0cO^\x86\xad\
\xb9\xb9/G@5\xb6'\xe3\x08\xad\x01\x0du\xe7\xaf\
\xc5\xf4\xdc\xd5\x18\x1e\x9e\x95\xc7\xdf\x1b\xf7\xee~\x11\x1f\
~\xf0O\xa5kkq\xe3\x95\xf98\x7fqLe\x92\
\x83 O\x9a\xed\xa9\x99\x9a\x18P\x9b\xeag\x07\xe0\xff\
\xe4\xff\xf7\xbb\x87\xd7\xae_\x8f1\x8d\x87\x87Ua\xd2\
;)\xc3^ln\xac\xc5\x9a\x94d\x0b\x0fBJ\x81\
\x82\xf0\xf4\x84\xc2\x13\x07\xc1\xa2(\xd90\x5c\xd2\x14P\
U`\xbb\xb2\xc7\x14&\xefe\x9a\xbc.a\x09:W\
\xe1]Gm\xc5\xcb\xfb\x08\xc7=\x1b>J\xd5(O\
\x82\xac4\xb8\xd4\x9f\x08A\x1f\xe1VY\xa6B x\
!\x1eE\xa1C\xb0\x95#\xaf\x8c\x18e\x22@\xb3 \
e\xae\x03\x95\xc9\xd6\xb6\x03\xc2a\xd6\xab\x0c\x8fz\x8f\
 z\x18\xe4\x85\x22\xf4\xc8\xc0:\xae\x95\x8e2'}\
\x87\x99\x01\xe8\x12/\xc3\xce\x0a\x94\xd7\xc3\xcc\xae\xf1\x14\
\xd4\x18&x\xc5\xb5\x14+=\xa8\xfd\x18To\xc7\xfc\
\xdd\xea\xcaB\xdbX\xdd\xbe\xfdZ\x5c\xb8xU.w\
C\x1d\x94\x8c\xad\xea\xafY\x19\x5c\x0c\xb6w\x08\xa8\xe4\
i\xda\x22N\x1d\xe5\x03\x94~\x1b\x8b\xba>p\xa4\xbc\
\xe5s\xeax\xe7Mz\xe6}s%:\xdc\x93,\x14\
\xcfoP\xc0#\xae\x00\xf9AC\xffi\xac\x96m\xb0\
\x9a\xd2AC\x0f=\xfe~l\xado\xc4\x9e<h<\
\xc2\xd1\xcaX\x95\x06X\xd7\xbb\xbaL\xe1\xbds}\x18\
\xd3S\x93q\xed\xda\x95\x98\x9f\x9dRz^\x94=\x8c\
Gw\xef\xc7W_~\xe1\x1e\xff\xea\xe5\x0b\x1a\xae\x87\
\x8c\xd5zl(\xbf\xa5\xd55\x19\xab\xbe\xb8z\xe3\xa6\
WT\x0f\xcbX5\xe5\x9el\xac\xac\xc7\xc2\x83{\xb1\
\xfc\xd5'\xd1hm\xc6\xf0@S^\x92J\xd9'\x99\
\xc8Sb(\xac\x8cUF\xbc\xaeJ~V\xc0>?\
$(\xf7\xad\xdf\x14\x1dy\xa3\x13\xc8\xbb\x0f)\x92&\
\xeb\x01\xa9\x92\x94rP\x12\x8a\x83\xa1\xf0\x89\x00\x11\x10\
\xbb\xc8\xc2\xa1\xfa\xc9K\xee\xa4\xce\xe7}t\x91p\x92\
'=\xff8L\xf5\xe2\xdf\x8e\xfe{:\xc8^\xafx\
\xa2\x1c2\xa4=`\xd5.\xf75\x14\xccWg\x14\xc7\
^\x1di\xa47\x8a\x9ak\xa6\x86bl\xf6\xb2\x86\xc7\
\x97cH\xc6Jj\x11\xf7\xee\xa5\xb1j\xee\xaf\xa8\x13\
\x90\xb1\xba0\x1c\x8d\xa1\x9c\x90\xb7sB\x9b\xa4l\xa2\
\xd1\xf3\x1f\xfd_\xff/\x87L\xb0\x8f\x8fO\x08\xc7\xa5\
|\x03R\xa8}\xb9v;\xfej\x06HO\x0bC#\
j\x88\x13\x13\xe3:\xca\xd2\xb97M\xe5\x04\xb3\x84\x12\
+\xe5\xd1\x8f\x8dDMi\x00\xae\x8b\xb2\xd7\x8f\x19W\
\x05\x94\x00)7\x8a\x9343\x0d\x22\xe3:\xe3\xd2C\
\xc1\x7f\x86\x15,\x80\x10\xf1\x02\xd8^C'6&\xce\
W\xf7\x88GE\xd3\xc8r\xb1\x1d\x82&\x15=C\xf2\
#j>\x1a\x94\x98??I!\xbe\x04W\xcf\x8bs\
z\x0c\xb6\xcb\xd8\x93\xeb\xcb\xfe\xef\x0d\x9eD\xa8\xe2J\
C\x876\x8f\xaf\x89K\xf9\x12\xa1\x91\xe5\x01\xa8w\x8f\
\xc9a\xee\x19\x81\x01&F\x0b\xbaY\x17I\x9b\x8e\xd9\
=a\x0f\x1b\xb6\xe9\xba\xef\xc0\x0f-0Vk\xabK\
6V\xab\xab\xabq\xfb\xd6kR\x94+X\xde|I\
U\xc6\x16\xef\xb0%c\xe3\xc6\xa3\x06\x81A-sX\
\x9e/\x91<\x984\xe5\xe1\xcc\x10sFJ\xeb\x12\x90\
\xa0\x82|\xaf\x0c\xc3\xc7\xf0[\x06\x89^\x97\x11\x02F\
LuNcm*\x00s\xea\x05\x97\xd4\x9fzS\xe4\
^<+\x0c\x16\xc3q\xd3\x0b\xd1\x91\xd1\xdbZ\xdf\x94\
\xcc\xe5Y\x89\x07V=\xc3\x1bC\x97\xd4\x17\xf2G/\
\x9c\xa4\x92\xbd\xcf|\x0e\x12o\x5c\x1d\xf4\xac\x0c\x15_\
v!\xfd\xa8\xe84\xa5\xefK\x8b\x0b\x92\xe6\x81=+\
\x9exm\xc8\xab\xdaX\xdb\x88E\xf1\xd1#\x9d\xbfv\
\xf3f\x5c\xbdvC\x9e\xd5\xb0\xca\xd0R\xc7\xbe\x15\xcb\
\x8f\x1e\xc9\xb3\xba\x1f=\xbb\xab\xd18\xdcV95\x22\
Qg\xd5R\xf9]>\xc9\xcd\xc6\xd9\x1e\x8e\xe4\x89\xa2\
\x8bw\xd8\xcaw\x0duVU\x1dM\xdfG\xee\xabo\
\xc4\xcb\xb5\xd2+\x9e\x0d\x95\xe7\xad\xaa\xc8$s'Q\
<\xb3\x84\x9c\x93\xe2&\xf2W4\xd5\x89\xcb\xae{\xe5\
h~\x88G\x84J.\x1d\x0a\xc9#F\x93p\xb7\x19\
\xeaFqM##\xf8a\x12\x17\xb4K\xe6\xad(\x1e\
\xdb\xd8P\x86A\xb5\x85\x86:qt\xbbGV\xbfG\
\x9e\xd5\xf8\xec\xa5\x98\x9c\xbd \x8fs\x9aY\x13\x1b\xab\
\x0f>\xfc#\xc9`5\xae\xbf2\x17s\xe7\xe4\x8d\x0e\
\xedIOY\xe2A;\x96\xa7\x86\x0e\x0b{\xfe\xcf\xff\
\x8f\xff\xdb\xe1\xee\x0e\x8f/\xfb\xa2\xa1\x1e\xd2\xc31\xee\
\xc0\x98\x98\xf4\xf8S\xe3j\x1a\xe0\xcc\xd4\xb4z\xa2\xab\
1?7ee\xf7*\x5c\xbb\xa1U\x11Q\xd2\xaa\xf0\
d\xd0.\xba\x0b\x93\xf7\xd2\x85\xe4\x9c\xff\xfck\xa9\xb1\
oln\xe8\xd8\x92\xc5\x1d\x90\xd1\x1c\xb3\xdb\x97F&\
\x1b\x05y\xa4p!\x86\xf0T\x8b\x08\x17\x81\xe9\x0f\x9a\
\xb9\xbf\x10\x19\xab\xe1\xd3pt_\xd9\xd8h\xe8N6\
V\xd1\xa2\xc2\xe9E\xbdvK\xe7\xa6\xa0\xa3\x0a\xed4\
\x06xd\xc8\xa2{\xf6*P.A6\x86\x0e\xc0\xc6\
\xe6\xe6V\xdc\x7f\xf8HF\xab%c?\xa82\xb0W\
u\xf2b\x87\xbeW\xbd>\xbc\x94\xb2C\x82\xa3\xa0P\
c\x91\xe03\x1b+H))\xbc\xa6\xd1\xaa\xa8R\x87\
B\x97\xb0W\x9a\xc1\x99\x8c\xd6\xa0\x9f|\xf6\xc7\xfa\xda\
r|\xf1\xf9g6V\xaf\xde~=f\xe7/(B\
\xee\x1e\x89g\xc5\x1cF\x1aW\xe4\x06\x7f\x1d\xaf\x92\xb7\
\xf1a\xb7!\xa1\x0e\x0d\x0e\xc5\x88\xbc\x1b\xde3C\x07\
0B\x94\x1cojg{36\xb76\x5c\xde\x01y\
?\x0c\x93\x91\x87\x87\xf9\xfc\x89\xf6\x9e\xb4v\x8fyD\
\xe4\xa5k\xd7\xa7pgg;\x87\x81K\x18+<+\
\xf4\x87\xf9\xc7\x83\xd8\xd6\x90\x0ccF\x82F\xa3a\xd9\
e\x87Gy)'uZ\xe4Y\xc9\xc0\x9dN\xa7\x1e\
G5L\xe3I._v!*\xc6\x0a\xefasc\
]m\xa17^\xb9zQ\xb5\xc7\xf5\x86d\xb5\x11\x0b\
\x0b\x8bj\x06\xbdq\xed\xd6\xcd\xb8v\xfd\xa6\x86y\xc3\
\x22{\xa0\xd1\xc7Nl\xe9\xfe\xde\xc6j\xeco\xaeD\
OkK\xf2\xdb\x8d\x1d\xe9\xf5\xae<\xb4\x1d\xe6P1\
\xf2\xf24\xfc\xe5\x1c\xeaE<\xa0\x8b\xb0f\xefJ\x12\
\xf3\x08\x00N]g\xe8\xa8\xd2(\x0a\xf2\x14\xc3\x8a\x9a\
\xc6\x0a$^N\x9d 0Ss[pQ\xf5\xe3p\
\x81\xe3\xb9\x0e\xcb\xbc\x1c\xd1\xab4:d\xf4\xeaZ\xe8\
\x85\xa8U<L\x15\xd2\xa2>\xe0\x85\xa7\x7f^\x8d@\
\x88\xe2\xb4\x17\xe7V\xf1iw`\x1afy\xf0\xaa\x17\
<^\x0cV\xaf\x8e\x03#\xe319w!\xc6\xa7\xe7\
\xa3\x7fp\xccF\xed\xee\xdd\xcf\xe2\x83_\xfc\x91\xda\xc7\
z\xbcr\xfb\x9ct\xb0\x11}\xfd;\xea\xf8\x19\x022\
\xe2\xa0\xe3\x82\xae\xfe\xff\x93\xdf\xfbO\x0f\xbd\x80Q\x8d\
kgs;6\xd76\xa5d\xac\xbf`\xad\x13\xe3P\
\xf5X\xcd^\x0f\x0d`\xf8\xf6\xad[q\xf5\xca\xf9\x98\
\x9cd\xdeCu\xa7\xb0>\xc6\xccX@\x84\x22\x01J\
e$\x00\x8a\xa8?e\xe8U\xb6\xa2g\xf7\xb1\x12d\
*\x95*GB\x5c\x972\xdc\xb9sG\x1e\xdcf\x9c\
\x9b\x97+x\xee\x5c\x0c\xaa\xa7\xb6\xb2\x81\xa2\xc1y\x0e\
-\xa9P*\x86\xa7pI\x87\x05i<\xf1j\xaaq\
a\xab<\x07 $\x0d\xf9\xe5\x18\x9f\xad_S\xe8T\
@\xae\x0d\xe3\x9a\x09\xe6\xa3\xbdR\x01\xf8\xa5<4R\
\xca\x02\xe0\x01\xf8\x15%\xb4H\xc0\xda\x91\xdd\xdd\xbd\xf8\
\xe435z\x0d\x17\x86G\xe4\xa1Ni<\xae\xe2\xe1\
E\xc0-\x06@D\xc4C*\xa7_<\xaed\x90\x0d\
\xaaR\x0a\x9d\x97|2\xfc\xc9`i\x9a\x17](:\
y\xb1\x9bi\xa1\xad\x1f\xf1\xca-\x95\xb3\xb7\xf2\x5ce\
\xac\x86\x86\x06\xec\x1d\xaf\xad\xa6\xb1Z[[\x93\xb1z\
-\xa6g\xe6Um\xfd2\xba\xf2\x08$k\xe6\x97R\
\xe9i$\x18\xaa\x0eo~\xe4,\xe2\xf9\xa4j\xd0O\
\xe4\x06\xd4\x90iT\xbbL\xce\x1e\xb6dh\x16\xe3\xfe\
\xfd\xafbq\xf1\x11\xacx\xb86>>\xa9\xe3\x84\xbc\
\xa1\x11\x1b\xae>uJ\xf0\x8c\xd6`@\xc0\xacgy\
\xf7j\xe4K2T\x8f\x1e<\x8c\x96dLyy\xec\
-\x91\xc7\x96t\x86N\x82\x97is\xef\xaa\xac\x0f\xc4\
\xe6\x0e\x89:#\x08\x19\xa0\x83\xc8_J/\xf2\xa2#\
\xfa\xcacJ\xc3\xc0\xa9I\x8d\x14$\x0f\x1e,\xd1\xf1\
\xeenm\xc7\xda\xca\xb2\x97\xbc\xdc\xb8z\xd9\x8b\x83\xd7\
\xd7V4\x0c\xdc\x8c%yV\xd0\xb9|\xfdz\x5c\xbb\
z=F5\x1a\xe1-\x89=\x1e\xe0\xb0s&\x06\xb7\
\xb9\x1b\x87:\xb6\xc4\x7fK\x86\x0a\x0dp\x07G'\x8b\
\xfe\xeb\xdcz%\xba\xbc\x15\x01Xg\xd1,\xddC\xc2\
\xc5{!\xde\xbeh\xd8Xal\x08\xa7|\xdc\xd3\x9f\
\x22$=h+\x05a\xa5\xee\xa957vtJ\xe8\
\xb5\x87\xd5}d[\x8c\x99\xf5\x84\xd8\x22\x91\xea\x89\xce\
@\x1b\xad\xe1\xe8[>\x22A\xbf\xc1\xe1\xc8\x0eJ\xcc\
\xec3\x9e\xee\x96\xcf\xd2KT\xd2\x09d\x8b\xfe\xab\x83\
\x9c\x96\x17;9\x17\xc3\xd2\x81\x1e\xd5;\x1e\xf2\x97w\
>\x89\x0f?\xfac\xb5\xf7V\xdcz\xf5|LL+\
\xdf\xde-\xa1F*\xf0\xef\x0e\x90\xb6\xa3\xf0\xff\xfb\xef\
\xfe?\x0f\xedni\xf8\xd7\x90\xf2\x0c\xca3\xc0\x22\x8e\
\x0c\xa2|\x0dUj\x8f\x8c\xc8^<z\xb4\x12_~\
\xfey\xcc\xcdL\xc7\xcd\x1b\xd7\xbdHl\xa8\x91\x06\x80\
\xa5n=\xaa\xe8\x14\x9cUJG\x14\x86\x8c)4=\
\x17\x8a\x9f\x06'\x05\x86X8\xdf\xf7\x9c\xc9\xe7\xa2\xbd\
\xb3\xb5\x19\xd7\xaf^\x8bK\x17/\x88\xf9\xc1,\xbcx\
\xab\xa4\xd0\xae\x18\xc6\xe8\x92\x99\xb7eu%\xab.\xf1\
dvw\xe5r+s\x0c\x85\x06\x04J\x81(\x81\xd2\
#Qi(n\xb5\xaa^\xc8\x12\x02\xdaX?\xde\x13\
\x821\x94\x0cQ\x12\x9ef)O\x82\xf4\xe3\x06/\xda\
.\x9f\x8e(\xf3\x8ez\xfd\x8f>\xfe8\xd6\xd4\x80F\
\xc7\xa7bL\xc6\x8a]\x1d\xb3\xd2 \xd4/\x0f\x8c\xc6\
\x93\xca\xc9\xe7\x9eRI\x12\x9c\xaf\x22\x22\xa9b\xa4\xca\
\xf1I\x90*I9\x13\xa0\x80\x91\xce\x89\x5c\x02\x14\x02\
]\x85\xb1b\x9f\xa7\xbb=2ZL\xb0\x8f\x0e\x0f\xc6\
\xba\x8c\xd5g\x9f}\x1c\xebj\x88\xccYMM\xcf)\
\x1dCX\x96;\xa0\xd0I\xd3 \xb9[I\x05V\x1c\
\x8a\xa2\x06\xc0S@\x1b+\xbc\x12\x055\xd5Xw4\
<\xdb\x97>\xac\xac,\xc5\xc3G\xf7d\xac\x16=\xef\
I\xf9Y\xa0\x88\xd7\xccR\x83\xb1\xd1\xb1\x18\x9b\x98\x88\
A\x0c\x1d\xbd/\x8a\x8d\x91\xd1\xd0\x82\xde\x9f\x07;\x0b\
\x0f\x17\xe2\xde\xdd{\xd2\x8dm\xf1\x82\xec\xb3\xd1\xae\xaf\
\xae\xc7\x16\xc6J-=\xd7\x0a2\x09K\x1d\x8a\x0b\xb1\
\xe9c\x056T\xf0\x8cl\x94\x16D\x0f\xe7\xe6\xe6\xe2\
\xe2\xf99\x19,\xe6\x1a5\xa4S\xd8\xc3\x87\x0f\xe2\xc1\
\xdd\xbb\xd6\x8d\xebW/I\x1a\x87\xb1\xb6\xbc\xea\xb9\xdb\
\xb2TbN\x9d\xe9\xc5K\x97lx\xfb\x95/S\x01\
\x22-\xc8<8\xb5\xec\x08G\xf1\x14\xe2\xf7\x09eX\
\xddQS?Bt\x8e\xf8\xe82uY4\x82\x19\x09\
:\x19)\xbch\xc8\xe0\xf9(]T\x0c\xf2\xc1\x88d\
GJ\xfb!\x01\x8eBR \xbc\x00\xbc\xd2\x113W\
\xc9\x0aw\x0c\x1e\xf1=qN|'\xb6\xb8\x04j#\
\xa4WX1d\xd4\xb7\xe39\x7f\xe5M8G\x12\x88\
&)\x00\x82Y7\xc5\xfc$\xa9\xa8%\xf4\x86\xb6\xd6\
OG\xad\xe1\xe1nK\xba\xa7:\x1fRG582\
\xea{L\x0d<\xb8\xff\xa5\x86\x82\x1f\xc7\xe0\xd8a\x5c\
\xba\xa2{\xc3M\xd5\xbf\x8c\x95:\xd5tt\xach\xba\
V9\xfe\xfa\x7f\xf7_~\x7f\xf7`W\x8d\x1cT\xef\
\x85\x07\xa2J\xf7\x13#\xb9N\x9e8V\x8f\xc8\xa3\xd9\
\x85\x85G\xea=Z1%\x05\x9b\x9a\x1c\x96g\x82j\
CJ\xbfb\xd8\x85\xc8\x92g\x0f/\x89{\xf8\xa3@\
\xa9X\xec)\x8e<x\xb9\xfd\x07\x95\xeb\xbf\xefB\xac\
I\x09\x96x\xe2#\xe5\x9c\x9c\x9a\x88\xd11\xf5\xba\x03\
\xbc\xae\x22 =\x82\xf6)\x8dNy\x896\x1b\x83\xb1\
\x87\xfb\xae*\xc0G)\xc3\x8epW\x82\xdd\x93\xf4\x9a\
\x0a\xf3\xe3y\x9dc\xd0Z\xfa\xe5{o\xc4\xa5\xd7\xa3\
7\x83/\xbb\xe7\xd4\x81\xce1@\x84\xe7$a\xe9\xf1\
T\x06\xca\xa7\xbc]>s\xa5\x13\xfeU>J\xc7\xd3\
\x8e\xc5\xc5%\x0d\x9f\xf6\xa2\xa1!QC\x95a\xc3,\
\x22\x22\xa1$\x99\x1e#\xe9\x84\x0e\xac\x01=\x87\x95I\
\xf42\x93\xf6\xf1\xe9`)\xb5\x01y[\xa9\xac\xed\xa9\
\x80\xce\x95k\xf8\x95\xdc\x98\x9fa\x92\x9du,+L\
^\xcb\x93\x9e\x9d\x9dS\x9d\x8f(^\xf1>J9)\
wUv\x102\x04[\x95\xa9\x8a4>\xbc\xc5\xbf\xa9\
\xa1\xfc}5\xf6\x87K\x0b\xb1'\x19\xef\x0a\x9b\x94K\
\x9d^OcH6{@\x09\x94\xaf\x86\x99\x9b2>\
\x9b\xf2\xa4\xd7\xd6\xd7bYFsE\xde\x0c\x0fuv\
X\x16\xa3t44\xbc\x9f\xdd\x9d\x1d\xc5\xd5\xb0J\xba\
\xa2V\xa3\xecU\x9bb\x90! \xd3\x074F\x1b+\
\x19\xdf|2\x99\x06+y\x86C\xf8\xcd#\xe0\xf9G\
\x1du7&\xc7\xc7cvn:&&d4Ug\
\xe8\xfa\xa6\x8c\xd2\xea\xda\xaab\x1c\xca\xf3\x9a0\xfd\x9d\
=\xe5\xcfs~\xc9\x8f\x07\x0a\xc3\x1a\xfe1\xf4\xa4\x83\
\xe6\x0b\xd0~l/e\xf1\xf0\xb7\xaa\xf3\xf25\x9c\x14\
\x9c\xa8InY\x13\x16\xa1\xeb\x89!\xfb\x01\x86F\x98\
\xaf\xc1\x887\x8c5#\x1d\x9d+\x83\xec\xac\xe5\x990\
\x1f\xda\x8b'*\x1e\xf9\x9a\x8eQ<p\xdd\xdb\x18\xf4\
y?O\xa3%\x0b\xb0\xaf:\x0e\x0c\xa9\x9dJ\xf6\xbd\
\x03\x1a\xa9\xf4\x0f\xca\xd5\xd1pHiMO\xe1}\xd2\
\xd7~\xd5;q\xfa\xa1\xa1\xf8\x03\x0as:#\xf7\x09\
S\x1c\x19tt{`x4\xfa%\x83\xfe\xe1qc\
\xb9\x1e\x18U\xa7\xa3\x0ehpt<\x86\xc6\xe4\xcc\x8c\
M\xe8\xde\xb8\xf2\x1b\x94\xf3\xd0\x17-\x95\x8b\xd5\xe5}\
B\x7f\xabS\x82\xa0\x8d0-153\x16#c\xba\
\xa7q\xa6%cYH_\xd4v\x0eAj\xec?\xf8\
\xcf\xfeCdW\x89Q\xb2\x91\x170<8\x1ccC\
\xa31\xaaq\xe5\xd0\xe0\xa8<\xad1)\xe2v\xfc\xe2\
g?Wg\xda\x13o\xdc\xbe\x1d7\xae]\x88ay\
V\x8cc{\xf5k\x0an\x10Y\x19\x0c$1PI\
\x5c\xe72\x04\xf6zT\x899y\xcbr\x08*X\xc6\
J\xcaq\xf7\xce]\xb9\xd2;q\xf3\xda\x95\xb8t\xe1\
\xbc\x1a\x8e\x04\x0cm\x17\xcaT\xac\x88T \x0f\x94\xf8\
\xd0\xc4\xb6h0'\xc0b:&\xb4we\xd8[\xe2\
\xcf\x1b\xd9\xbb\xb1\x02*&\xa72\xc2n\xc4\x9c\xeaO\
j\x1d\x0d\xd1nh\xa8; \xc1\xe4k\x0bi\xc5\x0d\
\x8aJ\x83\xcd\xa1\x8e\xe2\x0b\xa5\x9b>\xba\xe1\x0bl\x08\
\xc4\xff\xb6\x1a\xd3\x87\x1f~\x1c\x1bR\xf4\x89\xc9\xd9\x98\
\x989\xa7\xc6*#&\x9e\xe0\x05\xf9\xb8\x97\x80\x80\xae\
$\x18\x15\xa9\xf0'\x90|p\xaf\x01*\x098\x95\xb1\
2\x1f\x1d:\x18u\xf5o\xee\xb5\xcc\xbdx\xc82\x8b\
g?\x02W\x8dh\x185\xa0!\x0e/\xb0./\xf2\
4\xf0\x13y\xce;q\xeb\xd6\xab\x1a\xda\xcf\x8a\x01>\
pI=1\x01\x0e\x15\x8cx\xe6\x83/I/k\xde\
\xf8\x17\xab\xc8\x03c1\x22E^\x5c|\x18\x9f|\xf1\
y\xacm\xae\xc5\x94\x8c\x1fJN\x9d\xd3i\xe0I\xd3\
\xd1q\xbe\xab\xfcX\xbb\xc6\x9a7z{\x966\xc0\x1b\
\xc3\xf2\xc1\xc6\x80=.\x86\x8c\x18\x0a\xbc\x99\x95\x95U\
u\x08\x8a\x831\xa0\x07\x17\x83|*\x9d\xady\xf1\xc4\
\xf0\x8ax\xeb\xa0\xc8\x0e\x91\xa4\xb1\xd5Q\xbc\x17\x8f\x1f\
q\xd9\x08J\xef0&\xf3\xf3\xf3q\xf9\xcay\x8d\x16\
4<Q#\xc4\x88\xdf{x?>\xfb\xf8#\xa5\xdc\
\x8f\xdb\xaf\xdc\x88!\x19\xa7\x95\xe5\x07\xf6\xec\xf0\xbc\xd0\
h\x1e\xa2\x0c4\xe4IJV\xbb\xbbL\xea\x8b\xae\xd2\
z\xad\x1a\xde\x1d^\xb4\x1b\x99tV\x86\x86\xc5\xaat\
z\xee\xbc0\xb8\xf0\xe3\xbaA\xbfi\x94t\xecf\x17\
U\xa0\xb6`\xdc\xe5\xf0\xb5\x8a\xc5\x91z%Z\xd6)\
\xf5I\x04\xee)?\xf4\x0a \x02\xb7\x1d_5&\xbe\
l\xa0\x95\xd6r(< \x0f\xc7O\x1eR^i$\
\xda\x06_u\x9b\xf4\xd1y\xe8T\xfc\xea\xcf\xb1\xc5t\
\x99*`\x0bd/\xab\x10/\xbd22\xf6\xa8\x14\x0f\
\x1db\xde\x9b\x85\xc68(}r\x80X\xe6C\xddR\
\x0e\xd6i\xf2\x99\xb0\xfe\x81\xa6TO\x1d\xd0\xc1\x8at\
o]4\xd0\x09\xa5\xc7#\xad:\x81\xb6\xb1*\x8d\x87\
\xf9\x1f\x84\xcb\x86cL\xfa6\xfaGd\xbc\xc6m\xac\
\xee\xdd\xb9\x17\xe3R\xa4\xb7^}=^\xb9z>\x06\
e\x05\xc5\x9a\x90\xdf\x94\x91NUd\xf58\x18'\x94\
B\xe7 \x0d`O\x8c\xef)S\x1aqN\x86\x0a\xd5\
\xd8\xd7e\xac\xee\xcb\xd5g\xac\x7f\xf3\xea\x95\xb80\x7f\
Ny\xf2\x14A\x15\xad\xca\xc7\xdd\xb5\xb0\x10\xaa\x84\xd1\
\x94\x00=q)e\xdfnJ\x08\xca\x19#\xd8d\x02\
\xf3@=\x94\xd8P\xf1\xe0\xa6\x06p\x81\xe4\xa9$\xf1\
\xbc\x8f\x09\xd10Pt1T\xdcKe \xbf\xacH\
<C\x9cZ\xbf\xb4\xac\x86\xc4\xa4k\xbe\xfb'\xef\xc4\
\xc6\x8b\x86,c\xb5\xb1)c\xf5\x91<\x83\xed\x98\x9e\
\x96\xb1\x9a\x9e\x97W\x81A\xa5\xa1 r\xc9\xa7\xaah\
\xaeRP\xe9nsJ#\xb2\xe2\x12\x13\x83|JH\
\xcf5\xeb\xcd\xa0S\x94>\xcb\x99\xd7Vl\x94T\x12\
\xc1`\xd3\x8d\xb0\xa6nrr,V\x97s\xe9\xc2\x96\
\x1a\x22\xeb\xac&&g\x14\x87\x07\x1b\x0ca\xd335\
\x8f\xd4\x93\xfe\xd0\xdd<\xaa\xdcU\xbe\xf9\xd2\xfb\xa0\x0d\
\xd6#\x19\xbfO\xbf\xfcT\xc6j]=\xa5\x8c\x95z\
\xe3\xfdC\xe6=\xc5\x91\xd2\xd8HXf\xa2\x02O\x08\
G\xf5\xbf'\x0fo\x97uT:g]\x182\xb7\xd6\
(C\xe2\xf0\x14\x91\xead~3\xb7T\xc9\xa5\x0b\xa4\
A\xe9\xe9\xd80\xc0\xca\xc4\xf1\x99+t\xf9\xc5+\xfc\
{\xea\x01\xba\x12?\x9e \xf9S\xbe\xa9\xc9\x09\x19\xac\
\x19\xcf[\x8d\x8f\x8dI&\x93\x1e\xba~\xf6\xc9\xc7.\
\xe3k\xb7o\xaaC\xee\x8b\xa5\xc5\xfb\x9et\xf7\x10\x0b\
\x99\xc0\x93\x8e<\x01^cW\x82fN\x06g\x1dg\
#Mc\x90\x0d\x1f\xa4\xec\xf9\x00A\xba*}\xd6\x89\
\xee\xa6\x15*CEdd\xcf\x18)+\xbe\x0eNK\
\x88\xd4\xd4\xe0\xa8\xdc\xf0y\xa6\xf1M\xe2\x0b|\xad\xf8\
\x85\x9e\xcf8Z\xc7K}\x8a\xb7\x12/\xff\x93?\xdd\
\xa7\xcd\xe5\x1c SC\xb4\xbf\x9c\xc2@\xce\xa9\xbdU\
Z\xfd3\x02\xd9\xaf:\xd9\x9c\xc3$\x02\xf7r8\xaf\
@\x9dg\xdb\xc2\x99\xd8R\xe7\xa2\x02IW\xe4\xada\
\xd4EsX^\xd5\x88d\x8cn*\x86\xe2\xadIN\
\x92\xb5\x1f\xa4\xe4\xbc%\x1d\x02\x9d\xe71cU>{\
\xc4\xafX\x16kr\xdfv\x0f5\x04\x5c\xf1\xb0\xe1\xc6\
\xf5\xeb\xf1\xce\x9bo\xc7\x05\xb9\xcf\x83R\x9e\x86\xe2\xb3\
P\x13G\xcd\x0b\xdf\x94\xb8%\xdcU\xc5`\x9c(\x0c\
\x9e\xcf\xae2\xc6\xcbh*\x0esM\x16\x9a\x94\x13e\
\xdd\x92\xfb\xbf\xf8\xf0\xa1\x99\xbbv\xf1b\xccMO\xa9\
\x010\x81\xdf\xef'\x09Tl\x0a(+\x93\xe1\xe4V\
k7\xb65\xfcb\x18\xc8p\x03cu\xa0\xde\x8c9\
\xb6\x1cz\x16\xc8JL\xa0dU9\xc5\x17\x06\xc2\x86\
\xd9\x95\x9d\xca\xc3D2\xbdn\x82\xc2T\x89L\xa2\xf3\
\xd2\xf5\xa0zY^V\xa6\x07\xf6|\x97=%\x0dI\
d\xac>\x96\xb1\xda\xd8\xdc\x8a\x99\xe9\xb9\x98\x98\x9aW\
/\xa2\xb2*\xbd\xd4R\xf9@\x17e\xae4\xae\x02d\
\x80\x19\xf1\xd3\x1f\xf1\x82\xf1<\xab\xb1\xf2\x16\xb45H\
%\xec\x80{/z\x0aq\x92\xab\xe9Ug\x92\xeb\xc4\
\xf8h\xac\xc9X}!OhC\xfc\xdfz\xe5V\x8c\
O\xcc\x88f\xba\xde^\x01-1x\xee\xaa2t\xd9\
sB\xb4j\x04B\x14\x0e\x9e\xf1\x80\x97\x97\x96\xe3\xb3\
\xaf\xbe\x88U\xd5\xe7\xf8\xcc\xb4z\xcba\x95Q\xa6G\
t\xc4\x86\xeb%?B\x02\x09i\x182\xa1\xfcRD\
\x1b.\x08*?\xd68\xa1\x1b-<1\x0c\x8d\x86Y\
\xb2P\xee$\xc4\x98=*\x9e\xd0m\xcb;#o\x96\
\xdepd\x8e\x90\xa1!\xc3G\xa4\x82.J\xe8jp\
\xe2\x91\xc6V\xe5gC\xac8\x13\xf2.1\xda\x83j\
\x94xrxZ{\xbb\xdbq\xf7\x8b/m|^\xbb\
}\xcb\xc6jy\xe9\x9e\x8d\x12O!U\xed\x06\xe4\xb3\
#c\xb9\xb6\x22c%z4r\xca\xe4:\x95\xbc\xa9\
WVi{\x9eN\x88\xdc,\x03\xfd0!\x0fxy\
\x8d9\x85Q\x1d\x89D<t\x16\x9d\x80_\x19?&\
\xd9\xa9\x87\xd2\x0e\x88]\xe8\xc2\x8e\xe7\x8al\xdc\x92V\
\x96;\xbd%w\xbc\x92\x0d\xe5'\xef\xf4\xae\x14f\xf2\
5}$\xa9\xd0\x1e\x0ft\xc9\x07\xd9\xa9^\xad\x93\xce\
\x97H\xe8\x00g\xe95ab\x14\x0b\x8e\x13t\x0fD\
\x1f\xe0}\x90\xa1$\xcba$\x93\xb5\xad]\xb5\x0bg\
l#\xc84\x13\x0bzG*O\xab\xa96\xbd\xbf\xcf\
\xe2_>b\xc1C\x0b\xb5oyd\xacV`4v\
\x82geQH\x08\xb0 &$\x87\xc5\xc5\x95X\x5c\
X\xd6\xb8\xb5\x11\xaf\xbf\xfaj\xbc\xf9\xfa\x1bqN\x06\
eX15rW\xdejf\x189\xac\xa9\x92\xb7D\
kK\xc4=\xec\x93Q\xd8S%\xdbX\x89*\xce\x9d\
\x9f\x94I\xb8\xe9\xce\xa6\xb1ZZX\xf0$\xe4\x05)\
\x0co\x95\x0f\x0d\xb0p\x91\xf5;\x1a\xc7\xa2\xd8\x8a\xe9\
9(\x9d\xe0Um\xe2Q)>sT\xe4\xc7\xe6\xf5\
\xcc9Q\x0e\x04\x09Z\xfa\xf6&T\x1e\xf2\xa4j\xdd\
\xb8\x15\x87F$\x1e\xec*\x13NT\x97\x9d\xca'\xb5\
\xd2(n\x1f\xc6J7y\xd8\xc4\xfbct\x02\x0c\x1b\
\xf1\xb0\xb8FyY\x9b\xf3\xc9G\x1a\x06\xaa\xd1\xcfb\
\xac\xf0\xac\xa4[\xbb\xe2\x85<\xc9\x92\x12\x1c3V\xe6\
#\x15\x07w\x9a!\xf57o\xac\x94\x8f\xe4\x84'\xeb\
\xedqx9\xdd\x8dsH\xc6jQ\xc6\xea3?\xe9\
\xbau\xebv\x8c\x8fO\xa9CQ\xfe\x92%\x0b/\x19\
\xb6\x94U\xe8\x87=\xb9s\x85=b\xfda\xd0\xf7\xe5\
\xd9\x16\x83\x822=z\xb8\x10w\xee\xc9\x0b\xd9\xde\x8a\
\xa1\xb1a\xa5QG'Y\xfaa\x0ah1\xe33!\
\xec4tC\xfd\x0d\x0f\xc7a\x94\xc6c\x8f\x95X\x16\
J\xe6\xc3+&,\xce\xe4\x89\x9f=#\xf1\xb5\xcek\
N\xea\xacx\x9a\xc80\x90\x06\x81\x07\xc7=\x8b\x80F\
\x07=\xbc\x03\x9fC.\xe9\xd2`\x0f\xc47\xf3U\xf3\
\xe7\xa6cD\x0d\xca\x0f\x95\xd4h\xb677\xe2\xce\x17\
_\xa0\xa0q\xfb\xd6+~\x8fri\xe9~\xac\xad\xae\
\xfau\x13\xe8\xd0G\x91\x05_E\xde\xe23V\x02\x1e\
F\xe1\x81\xf8=L\xf1\x9b\xd5@\xa3\xa5}\xa0M9\
\xa4\xc1\xe8\xf0V\x08\xbcP\x0fx1j8Y.\xf8\
'\x15\xf1U^\x1b\x13\x05xH.~MQt\xd3\
\x90\xd8=@Y\x15F\xdd\xa6\x81\x81\xae\xe7d%e\
\xea\xc6\x1e\xa5t5\xd7\xf1\xa1[\xc8(eK|\xae\
\x93n\xb6\x11\xe8\x91\x09\xa7\xd0\xe2>\x9d\xb3\xf5J\x97\
hp\x1a9\xea\x111)P\xf7\xd2p\xe9TD\x08\
\xa2\x9e\x99C\x9b\x9c\x9c\x96A\x1a\x97\x0d\x90\x1dY\xdb\
\x8a\x8d\xed=\xe9\x98\xee\xc2\xaf\xf8\x19`\x9e\xccF\x9b\
\xf6\x08\xbf\xea\x98\xb0\x14\xb0\xe5\xceG\x9d\x96\x90\x0e\xe6\
\x98\xb1\x22\x91'\xf7`L\x91w\xb7\xf6baqI\
C\xb5uy\x0c\x93q\xfd\xda\xb5\xb8t\xe1R\x5c\x96\
\x9b?#\xab8(-b\xeb\x8b>\x96\xda\xcbh\xd1\
\xde\xb1\x9e\x18+\xcf\xdb\xa8\x04{M\xf5&(\xb7h\
\xb2\xac\x00\xb1#\xe8\x5c\x11{\xa0\xc6\xb2\x1a\xcb\x0b\x8f\
,\xa8\x0bs\xf31!\xba<:\x1e\x91\xa1JE\x94\
\x90\x15\x95U\xe1L\x90ok\x9c\xbb\xa3\x0al*\xfe\
\xae\x88z\xec\x0c\xdf\x90\x13\xa6 \x11(V\x1f\xb1\x01\
\x94Iq\xa4\xac\xf9\x87H\xb8\xa7\x8a@\x99iL0\
\x0f\xe8\xa6\x15B\xc4\xbcc\xa3\x0c\x1e\xaa\xc1:\xf4\xdc\
*FFK^\xd6\x90\x95\xe00\x9aR\xbeO?\xf9\
\xc4\xc6jN\x86jr\xe6\x9c_N\xc5\x90\xb2\x14\x00\
#\x08\xe5\xfc-\x00\xb3\xfa'\x08f\xba\x8cU6\xac\
z\xfc\xe3p\x1acE\xa3\xa3\x13`(\x97\xfb\x17\xe5\
\xbb{\x1c\x19\x06\xf2\xd2.\x0b,o\xde\xb8\x15\xa3\x1a\
\x0a\xed\xee\xed\xc6\xea\xcaj\xac\xac\xf2\xf6\xc2\xba\x87?\
\x1b2\x0c,\x0e\xcd!\x84\x1a:\xe5\x12]\x0cW.\
\xe4\xa4\xf1\xab\xbe\xa5+\xeb^\xfa\xb2'\x99\xd2\xa0$\
s\xb1\xc3}\xca\x83gE}\xd3\xe9 _\x86\x02\xd3\
\x93S1\xce\xc4\xad\x1an\x0f\xc3~\xa5c\x9e\xa5\x8a\
jc\xc5\xce\x004\xd6MyR\xdb\xe2oOF\x82\
'\xb0x4L4\xb3\xe5-o\x0e\xa0+\xf9\xda\x13\
\x93\xc8\xd9\x18<g$\x99\xa6\x5c\x90\xa9~\x91\xbb\x88\
_\xbat!\xae\x5c9\x1fc*7\x1d\x22\x0d~y\
i!\xbe\xfc\xf4s\x1b\xe2Wo\xdd\x90.\x8e\xf8\xcd\
\x7f\xde\xe6\xe0\x9d9\x98BoiL6\x0c*7\xf5\
gOB\xfc\xdb\xabSx\xa9k\xf2\xcb3\x19\x1d\x1b\
vy\xe2\xd2\x17<\x12F\x0d,\xc2\xc6`\x11\x8fF\
Ll\xcb\x09\xd0\x11>-\xbb\x0a\x81\xd2\xe9\xb9\xb3U\
\x98\x97\xe1\xa0\xc3\x0es\x97\xe2\xb5][\x92\x17\x06\x92\
<x \xc0\x83\x10\x0c\x17\xba\xcen\xa4\xa4(\xbc\xa1\
\x87\x8c\x8c\xa8S\x0c'wU\xc3\xba\xce\xbaR\xee\x22\
\xae\xfc\xa8\xd7v*\xa6w\xd8\x13M\x06E\xe9X(\
\x8e\xecIG[g\xd2~rj.\xc6G\xa7t\xbf\
?\x1e,\xae\xcaX\xc9\x18!+!:B]\x03\xec\
\xc3\x9ee\xc5\xe4\xa5\xdct!\xfeEMyx*\x08\
c\xa5v\x92\x11,\x0cyS\xb6\xe8j\x84\xdb\xbb^\
\x90\xc7\xfa\x12\xe0\xdc\xf9\xf31;3\x13cC#q\
\xf5\xdc\xc5\xb8:\x7f.&\x86\x87\xc4\xb2\x04\xce\xdc\x84\
\x1afS\x85\xdb\x91\x19\xddf\x951=\x89HR\x9f\
\xf6\x8aD\x03\xf3a\xfa\xe2\x06q\xc0\x1c\xbd\xd6\xf2\xc2\
\x03{1\xac\xb3\x1a\x97\xc21\xd1\x8a\xb1\x1a\xb5\x1b\x99\
\x05b\xd1%\x1f`\xdcQ\xc3a>HY(?1\
oa\x9ae\xff`\xb8\xc8G\x17:\xa3\x5c\xe4T\xae\
\xf2\x0c\xc8y\x17\x1aF\xdeW\xa2\xa3\xa0\xfb(\x83\xbd\
+#\xb1\x19\x12\xb2\x8fU\xbf\x86\x08\xfd:\x97\xc2J\
)0V\x9b\x18+\x19\xaa)\xe1\x96x\xddQ\xe5\xf2\
\xf4\x8b\xfc;\x15\x5c\xe5nf;\x80\x03\xc8\xecDz\
\x01(\xe9S\x8cUetK\xdd\x15pZ\xfd\x91\x9f\
\x8f\x94I\x15\xcd\x92\x02q*Y\xd2h\xe4^oo\
\xc6\xc3\x07w\xe2\x8bO?QC\x5c\x8d\xf9\xd9sR\
\xb4^\x19\x83\x0d\x19\xafu\xaf\xbd\xe25\x13^Tm\
a|\xa44\xed\xfd\xbfE\xdbC\x10\x9d&\x8bU~\
\x18-\xc5\xa1NyR\xc6\x9c\x1e\xf3}\xed\x06,9\
;\xba~\xe8\xad\x99\xeb\xbapn>f\xa6&bD\
^\xb4\xb4W\xfcI\x91\x95\xce\xde\x18q\x05\xa4\xe5}\
\xcbe\x19\xc2M\x19*t\x8c\x85\xca\xdc\xa7\x91\xf5V\
^\x8d?\xe6!\xbe\x90\x09\x9d\x22\x0f4x_\x13\x8f\
\xc9\x9d\x9et\x0a\x8f\xc4\x93\xce\x1a\xa2\x5c\xbfv\xd5o\
\xfa\xb3\x08\x19U\xc0\x08,<|\x10\x9f\xa9.y\xf9\
\xfd\xf6\xcd\x1b\xde\xa7|y\xf1\xbe\x9f\x9aZ\x0e\x94C\
\x86\x1f]\xb0\x01Qa0\x08\x08\x22=!\xe9\x8c\xf2\
\xa0\x90\xed\x12(\x0c\xc0\xb03L\xdd\xda\x96\xb1\x92\x9c\
<\xd7&C\x82Q\xc7\x183\x07F\xdd\xec\xe9\x9c\xc7\
\xfa\x18\xb7&\x13\xd3\xca\xb7=\xb4\x85\x16<(\x0d\xc6\
\x1e\xaf\x84\xce\x87\xa7\xb1~*\xca|\x90\x0c\x06\x06\x1d\
\x0f\x97\x86\x9e\xe5\x1f\x8a\x86\xee#\xa3C\xf1\xc1\xf3\x16\
/\xc91g\xaa7d.\xba\xa8\x8b\xbd4\xe4\xa8k\
\x1b\x0f\xc2\x95-%\xb2\x1d\x93\xb0H\xc9)\x9d\x06+\
\xfc1\xc2^\x8e21&\x02j\xeb\xe8>\x1d\xc9\xf8\
l\x8c\x8f\xb1\xee\xb0?>\xfb\xe2~l\xec\xb2\xf0{\
\xd4O\xcd!@9R7\xd20\xd2\x11\xbaR\xf5\xef\
NQ\xb2v\xb9\x15\xdc\xf3\xef\xff\xe7\x95gEm\xc1\
\x80\x9fb\xe4\xbc\xcd\xa6\x14v\xe1\xe1#\x09w3\xa6\
&'c\xfe\xfc\xb9\x14\xb02\xb8(\x0f\xe2\xc6\x85\x8b\
1\xab\xa1C_\x0fk\xa2\x94N\xc6\x8a!\x1f\x1f@\
\xdc\x91@\xb6%`,,\xf3\x16\xb2\x8b\xf6\x8c\xdc\x13\
\x8b\x11\xbeU\x86\xe9\xa0P+\xab\xcb\xb1\xba\xf8\xd0s\
@\xf32\x86#\xa3\xb8\xe5R2\xc6\xb46\x86\xe6]\
\xe9e\x04\xa9Lq\x8e\xc2z\x9e\x8a\xb2\x89\x1f\xd5\x82\
\x15\xd5\xad\x870\xc5\xe7\x07\xb1\xe2Q!l\xc9$\x85\
\xcdM\x04\xaes\x9e^8*\xe7\xfa\xb12p\x83\x8a\
\x22L\x911Tl\x1f\x92J*\xf7]\xd9\x0cI\xf1\
\x99\x1cl\xa8\xd6[\xbb\xf2\xac>\xc6\xb3\xda\x88\xf9\xb9\
\xf315{>\xb6x\x02\x82\x12\xdbXQ\xb1\x94\xb6\
\x03uC\xc4\x19\x13\xcb>Wx\xe1\xc1\x9e\x09aJ\
o\x17=\x19\x17\xa6\x0c\xa93\xaeh\x14\x0c\x8f\xcd\xb7\
\x0bJO\xc4\x16+\xdb\xf2vv4\xcc^\x8f\xd5\xd5\
%\x851\x8b&otk;6\xd6\x96c\xf1\xc1\xdd\
xp\xf7\x0bu\x16k\x9e#4M\xa5e\x07\x00\xbc\
\x91~\xd1\x83\x05\x90:\xef\x15mX\xa3(Y\xa64\
\xe6\xc9.\x5c\xa8>\xf4gVI+\x05\xc4\xb8g%\
\x11\x96\xc6\x8a\x077\x0c\xa3y7\xef\xca\x85\x0b6V\
<UT\x04\x1b*d\xc0_\x1b\x94\xae\xa5:d\xae\
R5\xa0\x86\xc5\x1c\x09rJ\x85F\x87\xb6\xd5hV\
\xd4\xa9.\xaa\xe3[b\x88\xa8kO\x0c+\x1f\xe6\x86\
x\x82\x87\xc1\xeae\xe8\xa5F\xdb\xaf\xc6r\xfb\xd5[\
\xf1\xda\xed\xdb^o\x85g\x82\x97\xf4\xf0\xde=\x0f\x8d\
\x91\xe1\xedW\xae\xc7\xe4\xd8H\xac/-\xc5\xaa:m\
\x16y\xf2\xf4\x12O\xcf_~\x12\x03\x18&\x1bV\x9d\
{\x1a\xc4\xb2H\xde]\x8f\x15\x10\xb2\xa3\xce\x7f[\x06\
\x847\x06677\xcd\x17^\x15\x92c\xa8\xc3k[\
<Yf\x09\x0cOA)\x03;\x1a`\xac0fu\
z\xd4\x8f\xeb\x88\xb2\xa9\x9d\x8c\x8e\x8d\xdaC\xc40\xd1\
v\xf0v\xf2\xa1\xc5a\x8cOL\xdak\xc6\xeb\x1c\x1c\
\x1e\xb0\xeci}\xd4\x86\xe7\x01\xad\x5cv\x1d\xacS\xf6\
\xdcT\x06O\x1fH\x0e\x09*\x01\xe5u\xd9\xa8\xa3\x94\
=\xaf\xe3m\xa8,\x18W\x8c\xd5\xf8\xe4\xb8\x8d\xa5\xb5\
@\x1d\xc2\xe8\xb8\x86\x81c3\xf2\xac\x86\xe2\x83O\xbe\
\xf4C\xb1\xe1\xb1I\x19\xd8a\x0d\xc4\xa8\xc7\xf4N\x0f\
%[\x0c\xb8\xcf\x95O\x1a\xaa,oj\xb9\xf2\xfc\xf7\
\xfeN\x1a+K\xd9\x0c\xc9\xe8\xec\x8b\x88\x8c\xce\xd2\xa3\
\x87R\x80\x15\x17\xe6\xd2\xc5K\xb2\x9a\xb9\x98\x8b\xd7*\
\xa65\x0e\xbd\xaa\xde\xf8\xfc\xcc\xbc\x98\x1cW\xa6\x18\x04\
z\xe6\x96\x8d\x15CAO\xb2\xbbG\x90\xbb\xa8\x8cw\
7\xd9\xf2\xa5ie\x19\x96\xc7\x84~\xb6T\x09\xac\xb3\
\xe1=5\x14a\x5cn7\x8f\xc1\xe9\xa5\x18\x0a\x8e\xca\
X\xa1\x18\xf4H\xc4\xf5\x9c\x97\x14\xcbLS \x04\xcb\
\xab5\xaa4\x16\x15\xa2\xa0\x08\x9e^\x95\xde\x93\xc1\x15\
\xad\xb0\xf4\xd4\xf4\x1a\xd0aR\x92\xde\xdds\x06\xba\x81\
\xeb]<,\xf8\xa52\x94Lg\xf4B\xb8\xdb\x89l\
:\xc6\x96\xcc\xc3\xaa\x10\x8c\x15\xc3\xc2\x16sV\x1f\xe7\
\x9c\xd5\xfc\xdc\xc5\x98\x91\xc1\xdaR91\xd6LX\xbb\
\x1f\x10\xb1\xa2\xc49\xe1\xcay^;/\xf1\x842\x14\
\xf0}7`\x9d+X\xa9m \xf2\xe1\x81\xe2\xe22\
)\xbewU\xd0\x1f3J\x18\xf3]\xb6\xc9ab\x92\
\xfd\x97\x16\x16c\xe1\xc1\xc3\xf8\xfc\xe3\x8f\xe4\x1d<T\
y!$\x85S\xdd\xf0\xd0\x80\xbd\x9a\xd8i\x80\xde\xcb\
C%\xfd!%\xbf\xfa\xa3rr\x95\xc39\xe2c\xac\
\xcc\x8e\x01\xe3\x94|U<\xeb\x02\x8f&\xdd\xf8\x0c\xb3\
\x01\x93\x02RO\x1e>@W\x7f\xd0\x1fU\x87tA\
\x9d\xdf\xe5\xf3,\x81\x91\x8c\xb2\xa8*\x8f\xe8\xea\xa2\xba\
4\xd0\x80\xa8\x93}\xf1\x80\xa1:\xa4^-4\x85\xd3\
a\xe9\x88r\xb3\xdeiOe\xd9\xa0\x91\xab\x5c\xc8\x99\
e\x19,8^X`\x1d\x9c\x1a\x84\x92\xb1\x06ip\
d8^{\xeb\xcdx\xe3\xcd\xb7\xe3\xe2\xa5\xcb\xea \
G\xc4g\x8fW\xdb\xf3d\xba\xa1\x86t\xeb\xe6+1\
-c\xb5\xb1\xb8\x14+\x8b\x8b6\x8a\xee\xe9\x0fy5\
\x08M\xc4h0\xdf\x22) \x0b\x95\xab\xf0M\xa3C\
\xcf\xfc\x80B\x88\xde\xaf\xcbS]U\xc7\xf0\xe0\xfe\x83\
XX\x5c\xd0\xfd\xe4\x91\xb2\xd8;\x13\xb4\x1b(u\xab\
p{\xb0\xc2\x12v\xec\x88N\xe8\x90\xbb/\x90;G\
\x05\xa3\x17\xe4+\xccwz\xa74$\x9b\x8c\xe9\x19\xd6\
H\x8ey\x11\xef`\xbf\x8c\xb6\xc6\x834\x19\x1bZx\
qVY\x0ah@\xcc\x1e\xb32\xf1\x90\x10#\x09?\
\xca\xd3^\xa0\xca\xc5{\xc4\xc8\x1eO\x0f9\xd2\xbe\xd1\
\xdd\xbe\x01\xbcZ\x16zNJC\x87\xe3\x17\x1f}\xe9\
\xa9\x91Q\xaf`\xa7sLo\x0e\x03\xce\xca\x7f\x88\xf2\
\xf4/; \xbcx\xb8\x80!\x9d(n\xcf\xbf\xfb\x9f\
\xff\x1fT\xe3b\x0e\xcd\x83\xc9j\x82uC.\xf7\xa2\
\x8c\x15\xf3\x0fX\xcb\xf3\x1a\xf2\xb1F\x8b\xf6\xc3\xe3\xea\
\xc9\xc6X\x5c\x96wu\xe9\x1c\xab\xcd'\xa2\xa5R\x22\
\xef\xcd\x1d\xf6\xbc\xa2\x7f\xe5)\xa0\xae)HUq\xdb\
\x1bkRz\xd6\xc5\x8c\xb8\x92\xf7\xd5\xd3\xb32\xd8\xab\
\x86\xef\xdf\x8d\x9d\xcd\x0d)\x0c>\x18C\xc9]\xcf\x1b\
\xf0\x99\xa2\x0dyxM]S\x09\x18\x14\x16\xc11y\
\xe7\xed\x985\xeeg\xb7\x83\x11\x7f\xbeg\xd2+\xa2y\
){X\x8d\xa1\xd1\xc8\xc5{9\x81\xc7\x8c\x93x\x94\
p\xc8\x13a\xf0\xc0\x80\x09|\xa9\x84\x0b\xe6WJ\xc8\
\xc4\x95\x86O\x80b\xcaX\x09\x19\x06\xf9\xa9\xa0\xd2\x0f\
\xaa\xc20V#\x95\xb1\xdaS\xcf\xc2\xd3@^\xff8\
7\x8f\xb1\xba\xa0a\xb0\xcaKe\xf3D\x15\xf7\xd2\xb2\
M\xc5,J\xd8\x06\xd1\xcd!\xb8k\xa7\x0d\xa9|\x09\
\xdcv\xf9\xf5\xc7K\xb2\xec\x97\xc4P\x85\xcd\xc9\x9a\x1a\
\x86\xae\xab\x11\xdc\xbf{?\xee\xdc\xbb\x1b\x1b\xeb+~\
\x1b\xc0qT\xf9M)CH\xd6\xbd=xzj`\
6\x18\xf9\xb0\x80\xa1\x00&\x9a\x95\xe5\xce\xcfG\xaa\x01\
\xb5\x80\x1f:\x04\x1a\x8e\x92\xdaX\xc1\x88\xffSe\xcc\
r\x15W\xe8\x17\x97\xb9\xe7`\x9d\x17cE>\x96k\
\xbf\x86\xf9\xa3\xf6f\xe6\xe7fcJ\xf5\xc6\xd3I\xa5\
\xccF\xa7\x1f\xc5\xca\xf4\x86\xcc\x84?\x8c\x15w\xd5b\
\xf4\x8b\xb1\xe5\x16?\x05\xd4\xa0t\xcd\x5c&\xc6M1\
b]r\xf8\xe4\xd3O\xe3\xab\xfb\xf7\xbd\xfc\xc6\x8dN\
e?P\xe3f<?8\xc2*\xfa\xe9\x98\x91~\xb3\
0\x96b`\xec\xe7f\xa7\xe3\xd6\x8d\x1b1\xaeNu\
\x9b-b\x98`\x97\x82\x1b#'\x81\xd1\x912\xe4\xa3\
\x95\xdb\xebPz&\xde\x19\x1e1\x94^\xc2+[Y\
\xf1< \x0b\x5c1 x=i\x9c:\x06\xa9\x0e%\
\xac\x84\xb7\xe7\xdcJQuJ\xfa\xf4>2~\x0e\xbf\
u\x91\xff\x88^G\xb5C\x19s\xdaZn#\xc3\xfb\
\x99\xbc\xf8\xdd\xf0\xb2\x8d9\x95\x97\x05\xdet\x1c<\xb5\
\xebe~\xaf\xf2\xf4\xfc\xc4P\xf9\xc0\x03t\x91\x9b\xe9\
#{\x86\xdb\xa2\xef\xa7\x9e\xea\xf4\xfd\xe4\x96!\xb2\xe2\
\xf3\xe6\x89i`\xac4<\x1fh\xc8\x9b\x1b\xc1X\x8d\
\xc4\x87\x9f\xdeu\xa7:\x82\xb1R\x99h\x16x\x8d\xeb\
\xf2\xfcy\x805 \xaf\x17;\x91F2\x8bZN\xf8\
\xed\xf9\xdb\xff\xd9\x7f .tj\xcd\x93\x99\xd8\xef\xd5\
0\xa1\xa5\x1eY\xc3\xbf\xad\x0dY\xc6\xe1\x98\x9d\xd7\xd0\
L.$o\xec\xb3\xb8p@VkZ\xd6\xf2\x95s\
W\xe2<\x15\xdc'\xefG\x05\xd8m\xc9\x10l\xcbX\
5!)\xefL\x82\xe2\x15\x14\x1e1\xf3\xde\xd4\x8e\x1a\
s\x8f\x84\xcc*\xe1\xc5\x85\x85\xd8\x907\xb5+F\xb7\
\xd5\xe3\xa0\x10\xaae+6\xc6jW\x0a\xc3fy\x18\
\xac\xbd&\x8d\x13#&\x0e1\xfd\xbd\xb9\x02\xd7\x95\xc0\
D\xaa\x84\xd3\x90\xb0\x07\xd4[pd<\xcc\xbeCx\
Z\xac\xe9`\x9e\xed\xd2\x95\xeb~J\xc7\xf0\x91\x9e\x17\
E\x1b\x1dM\xb7Y5\x02a\xfd3\x8d\xaeS\x09\x92\
\x0aA-\xf7\xe5}\xc0\x13N\x09NkCr\x1aR\
~#2V\xcc[\xb1_;\xc6\xea\xc3_| y\
m\xcb\xa8_\x8a\x19\x0d\x03\x19\x063g\xa5\x94\xe2\x9d\
\xde/\x8d\x81\x15\xb1\xaa\x00\xc4\xee\xa3b1\x0c\xa9\xd4\
\xcca\x80\xe3Q/\xfc\xa3}t\x08\x92\xcb\xda\xd2#\
\xd5\xcf\xfdX^x\xe8\xed_we\xe4\xf7TW\xac\
Wc\x93@\x86\x0f\xf4T\xf6\x1cU\x16\xbb\xfdL\xb4\
a\xac\x04\xe4\xc7K\xdc\x94\x07\x07\x8d,\xc8\xdd\x9e\x9b\
\x8fD\x829\xea\x91\x0bE\x12/6\xa8\xe6\x19\xe3F\
xuiH5\xa2\xc4\xa6\xc1\x1d\xbc\x10\x19LL\x0c\
\xab\xc3Q\xc6\xc1!\x19\xaa\x99\xd9\x98\x9efx0f\
Y\xf6\xb1\xdfS\x12\xb1\x01\x02;t\x81\xa4X\x0c\x10\
=\xb2\x87\x98\x15\x0f\x09\xbaO\x22<h\x1a\x96\xe20\
o\xc5b\xc4\xfb\x8f\x1e\xc5\x17w\xee\xc4\xda\xfa\x86h\
\xf0\xb0Gz\xa5\xe3\x96\xe4\xe4\x97\xf4\xd5\x00\x1b\xe2k\
X\xfa\x80'\x89A\x9aT\x07}\xf3\xe6\xcd\x98\x9b\x9a\
v\xe7\x84m\xc3;\xb4W\xa16@\xc3\xe7\x1c\xe3\x09\
M\x8c;\x13\xf0\xcc[.\xca@\xe19-H\xc7\x19\
\xce1\xefd\xa0l\xe2\x89\xa1\xa9\x97:\x88^\x01\xf4\
\x02\xbem\xd03 \xcbQ\xa1\xf5F\xfai\xfd\xa7\xd2\
\x04\x84\x17\xf0\xd3V\xb8\xc1\xa0+\x18d\x08G\xc3\xf7\
\x88A\xd78\x1el\x19\x0c#\xd4\x05/\x19\xb3t\x80\
v\xc0\x87Eg\xe7g\xfd\x8d>\xe6\xbf\x0a\xd8\x10V\
\xf9\x9bGx\x16=\x0c\xa5\xe5\xaf<\xfc\xfe\xa2\xda)\
\xa3\x14\xb6\x99RDk\x8c_Z\xc7`\x0d\x8e\xab.\
F\xe3\xe3\xcf\xee\xc9\xa99\x8cQ\x0dKm\xd0\x94\x9c\
\x87\x00[\xd2_\xb6\x03w[TJ/\xac\xa5\x9c]\
\xd0\xf3\xef\xfeg\xffaUf~z\xe5\x86\x1d\xc4\xca\
\x12sU\x8bJ\x101\xaf\x02L\xcau\xf4Wp\xfa\
X\x97\xce\x9cM#\xcei\x1cz\xf3\xd2\xd5\x98\x99\x98\
U+\xc6\x92\xf6{\xd8\xb7\xb5\xc5\xbeE\xaa8\x11\xa5\
w\xe15\x8a\xd5\xa5\xc5X_^\xf6\xbbh{r\xcb\
7\xd6\xd6\xed\xb5\xad/?\xf4\xce\x9f\xfdR\x8e\x01\x15\
\x9a/\xe2\xa0\x00`\xf6\x8d\xb0\xae\x0a@St\xf4#\
\xd7lV\x15V\x15b\xa5\xd1y%$,\xb6WN\
\xcb\x93\xc1\xf3\x9a\x96\xc2\x9d?\x7f1&5lm\xa8\
'i\xa8\x91\xf0\xfe\xde\xd4\xec\xac\x5cd&\x04E\x13\
M\x97\xd2b\x12\x99\x84\xa47\xa3\x17\xc0Xy\xa1\xa2\
\xca\xa36ec5\xac\x8a\x1ea(+\x03\xd0'c\
\xb5\xa3\xf2|\xf0\xf3_\xb8\xe7\xbex\x0e\xcf\xea\xa2\x8d\
\xd5\x16C;\x8c\xf6A\xf2\x5c*\xdc\xe0\x96\x85B\x8a\
\xd1J\xf1\x1d\xa2s\xc7\xa8\x14\x01#\xbd\xbb\xb7\xe9\x87\
\x10xO\x1b:\xb2\xcd/\x13\xc1kx\xbe2\x90=\
\x07lA\xc9\xe4\xaf\xf8\x14\xef\x1er\xe9\xdcO[D\
\xd7\x0d \xdd\x10r\x94\x8cd@\x94\x89Y\xc9\xec3\
o~u\x81Bt\x86|\xdc$\xad\xee\xa5\xa2\x18\x88\
K\x9a\x0e\x88\xb6\xee\xf3\xc7\xabP\x80\xf7\xf8V$\xde\
\x1d\x9c\x90\x07\xc5*\xf1\xf11\xf5\xe4:2\xe1\xcb\xbc\
%\xf3b\xde\xb4\xaf\xca\x02\xf9\x90\xbc\xde\x10;\x00\xf7\
\xc82\xcb\x91\x89:\x00?\xa4\xa3!\xd1\xa0\xd0\x0b\x1e\
\xca,\xcb\xab\xf9\xe2\xab;\xde\xe2\x05\x8f\x9aw\xf9\x18\
\xc4q\xa4\xfct\x8fR]\x0d\x1d\xf7\xf3\xcd\x08\x8d\x06\
\x98\x8c\x9f\x93~\xf0\x1a\xce\x18\xf3]<\x99\xa6\xe3\xc6\
\xd02/#\x1d\x00ve\x00x\xba\xb7\xb9\xae:\x92\
'\xc5v6\x18+\xdew\xf5\xbc\x99x`\x0e\x89\xa5\
\x11\x95\x19\xb2n\x11^d\x9dE\xa5d)\x07/S\
\xa0\x0e\xb9t%\xe9\xd2\xf5X\x86\x99\x99.#dz\
\xe4\xee\xba\xa4b+@\xb7\xd2\xfb\x82\x16\x06\x8bsu\
\xc1\x84K\xaf\x98#c\x1e\x0e\x99O\xc8\xd3b\x03\x81\
\xa9\xa9)\xcfo\x8d\xf8Es\xbc,\x81H\xe6\xfci\
\xf2\xc4P\xd0\xe1xs\xc8\x1a\xe1)\x84W\xf4\x98o\
&\x12\xf1\xfby\xc5G\xb6B^\x84\x8c\xd5`|\x22\
cu \xe7\x82\xf5|}\x92/m\x80W\xb4\x98\x13\
\x1f\x9f\x18\x91l\xa7m\xa8\x8a'\xd9\xad\x03=\xff\xde\
\x7f\xfe\x1fu\xca}\xd0\xa7\x9ez+\x1e\xe0U\xc9\x0b\
\x9a\x9c\x9e\xb4;\xcc[\xfa\xf9\xc9)\x15L\x19\x8c\xc8\
\x93\xba2}>\xae_\xbc\x1c\xe3\xa3\xe3\x0a\xcfy!\
{V2V\x9b\x9b;\xb1\xc2r\x045\xaa\xb5Ey\
\x01\x1a\x9a\xdc\xbb\xf3U,<z\xe0'\x11\xac\xad\xc1\
S\x89\x16\x8d\xac\xe5/e\xf0\xa9+70\x05[\xde\
\x16\x0ed\xa9\x01\xffW\xcc\xa7\xe0S\xf8U\xa5).\
w\x00\x8e4G\x8c%O\x0a\xfd\xc4P|\x81~\x94\
\xaa\xa1\xc7\x85k7\xe2\xdc\xe5\xcb1}\xe1bL\xc9\
\xb0\x0c\x0d\x8f[\x19\x98\xa4\xe6]-\xbc2\xbc+\xd6\
\x08Q\xc1\x9eX\xd796\xcd\x9e\x15\xc6\x8a'\x95\x1a\
\xbe\xf4\xcaXm\xcb\x80|\xf0\x172V2\x1c\x17\xcf\
]\xf2Pp\x8b\x07\x0d\x1a\x82\xe1a\xb2\x186\xf9N\
48\x8c2\xc8\x18\x12\xae+7v\xe5\x87K\xcd\x16\
\xca;\x9b\xab2\xf8[jl\x0f\xe3\xc1\x9d\xbb\xc2;\
2\xfcK\x1doE\xd8\x90\x1c\xf8\xfa\x0esk\xd9\x80\
E'\x89\xb5\xcf\xdd0*\xc9\x10\x87\xb3\x8a\x8bc\xe0\
\xa4\xc4\xb3\xac;PW\x1c\xce\x89\x97\x93\xad\x1d(i\
:CAy\x8c\x92\x15\x8d\xfe\xc2\xfc\xf9\x98\x94\xc1b\
\xe8\x9e\x0d\xaf\x18g\xe8 \x89\x94\x0db!<;&\
\xees\xd5\x0d\x8e\x91\xa75p\xa8xHc\x05-\xd5\
\xa9\xce\x97\x96\xd3X=\x92\xa7\x93\x8b\x5c\x95V\x95\x09\
\xbbI\x89\xce\x11\x83\xc5l\xa0\x0c\x16C\x1bd\xa6\xb4\
\xbb\xdb\xbbq\xa0a\x1de\x1d\x91\xe1\xbat\xf1\xa2\xf7\
fgB\x9b\xc5\xcd,\x0c\xe5Emv\x86X\xd2\x91\
9\x1cX\xa6\x9c<\x9dc\xca\x84\xa1o6\xf5\x94=\
^C)\x01\x8d\x9d#\x06\xc4z\xa0\x0b\x86x\x96\xb1\
\xcb\x90\xf5gyA\xd8\x90z_\xb0\x0e\xa6Qa\x91\
E\xd2\xca\xf6T\xa0\xb4\x1f\xd6p1\x14\xc3\xeb\x82.\
\xf5\xc5\x02\xd9\x19\x8dFxQ\x9b\xa5\x08\xbc\x1d\xc0\xa6\
\x83\x18 \xe8\x9a\x12\xf9\xd2&D\xc7#j\xbc*u\
@#c\x1a\xd5\xe8<\x87\x94Cq\xd8'OK\xde\
UK~\xfc'_\xdc\x8b\x1e\xc9\x05c\xc5$<\xb5\
\xce<\x1e[\x9e\xcf\xa9]^\xb9z\xd9\x0fA\x9c\x07\
\xf2\xef\x82\x9e\xbf\xfd\xff\xfd?\xaa=Q85\xce\xbd\
\x1e/\xfe|\xa0^\x1b\xabz\xf1\xf2\x05\x8fg\xfd\xd6\
\xb6\xbc*\x86\x11lk110\x1a\xd75\xdc\xb9z\
\xeeB\x0ck\x98\xc5\xc4\x1b\xbb@n\xc8H=|\xb0\
\x10w\xbe\xfa*>\xfd\xfc\xe3\xf8\xec\x93\x8fbWC\
\x13\xef\x1d\x05\x03\x12\x0c\xc3\x1d\xde6W\x15\xda2\xa3\
\xe0\x9e\x7f\x90\x92\xd0\x00\x1d.\xe0\xa5\xce<\xa5B$\
pYo\xaa\x05Q\xb1\xa5\x8d-\xbd\x02|\xcfw\xb8\
\x99\x95M\x05\xd3\x9c\xe89Q@\xdcX\x91w.\x87\
\x1a>n+\xc2\xbe\x86\x88\x93(\xdek\xef\xc4\xe5[\
\xafIX\xec\xb1#\x01\x8a6kw0VR;\xa7\
e\x82\x9d'\x82xVLR3t\x19=\xc1X\xf1\
Q\x81\x8b\xe7/\xc5\x85s\x97=\xb9\xbe)\xf7\xdfO\
B\xcd8\xe5\x11\xf7\xf0h\xc6\xcd\xb0\x98Jou_\
J\xbe\xcb\xdc\xd3\xda\x8a\xe4\x7f/\xee}\xf9e<\xba\
\xff\x95z\xece)\xf4f\x0eC\xe1E\x88r\x90\xc6\
\x9fB\xe2\x9c\xf2Y\x0e\xd0F\xa1 O\x06(\xa9\xb0\
\x88\xd2a\xd4uQ\x84*\xd4\x07\xc5\xf3I\x86y\x1b\
\x1cAwc(\xd0\x89\xd9\x81\x8e\xb1*y\x87\x1a\xf5\
H\x5c\xbbt%.\x9d;\x1f\x83\x92=\x89\x9c\xbf\x8e\
D\xcf|\x88\x0b_I\x91<\xb3\x81\x9d\xac\xb4\x8f\x03\
R\x93\x8e\x06\x9a\xb4\xf2m\x89\x95\x955\x0f\x03\x1f\xca\
\x98`\xacL_:\xad\x1c\x9c.\x8f4nulR\
\x14\xc7Q\xb6\x1e\x8aH\xef\xfc\x9aLud1):\
\xd0P\xfd\xa3#x\xe1\xab\xebk\xf6\x06\x1b*\xdf\xa0\
\xf4\xcaCEx\xd7=\xe7@\xd9$\xdb\xaax\x15o\
\x09\xa5\xac P\x97\x81\x8d\x96.\x1fg\xac|VK\
\x0b\x14y\x11\x97p\x1bnq\x81WF\xb4|@\x80\
l\x93&\xb4\x00\xe2\xb9|\xba\xcf\x1b\x02<\xdd\x1bW\
\xe72;?\x17S\x18\xae\x89\xf1\x18b\xf2\x5c\xc6\x0c\
\x03\xd5\xf2\xdc\xd2\xbe\xdbk\xb6\x0b\xd6\xee\x0dH.\x03\
~\xca\xc7(%\x8d\xd5\x80\xda\xb2\x8c\x95\x04\xfa\xc9\x97\
\xf7d\xf4\x06bB\xa3\x9a~9\x04x|\x18\xab\xed\
\xed\x8d\xb8x\xf1B\xbc\xfe\xc6k6\x94\x8f\xab\xf3\x9e\
\xff\xfd\x7f\xfa\x1f\x1ez\x98%\xafjs}W\xc6\xe6\
\xa1\xc6\xf2;1\x7fn^Lj\xc8$\xe2Tk\xf4\
ayy\xbd\xa6?&\x87\xc6\xe3\xea\xdc\x05/\x0c\x1d\
\x123\xac\x80\xbes\xf7A|\xf8\x8b\x0f\xe3\xe7?\xff\
Y,>\xbc\xef\x17U\xe9\xa7\x06Ua\x83\x22O\xa1\
\xe0\x016\xe4\xbb\xa8\xf2t\x22CBc\xa2\xa1!$\
\xaf\xcbQ!\x01\x94\xa9\x08\x1c\xa1\xb8B@\xe8T\x82\
\xe6\xd2\x8fV\xed\x8aeE\xea\xae\xf2\xed44\xaf\xf7\
\x90Px\x07\x10\xb3\xe8W\x81t\xb6\xa7r\xac\xeb\xd6\
\xfe\x90\x86&\x17\x10\xd4\x9bq\xfd\x95\xd74\x84\x9bW\
\x8f8\x8a\xf4\xa3\xa9<\xf0\xd0\xe0\xb9_G\x86\xa9l\
\xb52\x5c\x19\xab\x11U\x0e&mK\x06\xd9\x9e\x95\x8d\
\xd5\xe5\xb8p\x01cu\xe0\xb91<zs#\x03\xad\
\x02\xb9\x8c\x18><J>b\xc1D8\xbb\x0d<|\
\xf8(\xbe\xfa\xfc\xd3\xb8w\xef\xf3\xd8\xd9^\xc7\x1d\x94\
\x91\x14J.\x0d6#S\xc9\xfaU\x06\x06\x02\x94O\
R\xd19\xc6\x8b\x86\x00i\x85#;h\x8bW]:\
\x8e\xb3\xae\xce\xf9C>\xa5WMH\xb9\x01\x19\x96\x8a\
\x82\xb4\xea\xd0\x89_\x81\xae\xbb=+rqu:X\
]\x83\xeeOkxq\xfb\xc6+17=\x93\xf1u\
\xdfk\xa20\x16\xa2Ag\xe3t\x15\xad\xe2\x09\x80%\
\x8c\x86p\x1a 6\xe9\xb2\x81\x12@\x03=\x8c\x95\xd5\
\xf5\xf8\xbc\x18+U\x88\xa7\x0eD\x1bi8/g\x93\
2a*\xc1\x1d \xac\x8aW\xd3\x84\x14b\xd5\x91'\
\xd3x\xda\xbe\x0f\x7f\xfa\xe7),\x9d;\xc6\x8a\xce\x98\
!t\x9d\x7f\x803\x10\x1a\xae\x10\x01\x92\xf6\xc4\xb5\x8e\
\xc4/\x90\xba]\x19+]\x97\xe1|\x07R>\x05J\
y\xc9\xaf`\x81\x8cGX\xca\x82\xb4\xb9\xf03\x8d_\
\x89\xcb=nSv\xf2u\xde\x15\xdd!yL\xf3\xe7\
\xcf\xc7\xe5+WbV\x1e\x10O\xfc\xe0\x9b|\xdd\x91\
\x8b\x84\xa71\xc4\x22#0\xb4\x93\xf9B\xde\x11\xc4X\
\xc9\x0b\x90\xb1\xeaS\x87\xf1\xc0\x0f\xc7\xc6\x18\x06JV\
\xe4\xc7\xd3Q\x16\x1f_\x95W\xf5\xc6\x9b\xaf\xcb\x9b\x1b\
\xcf\xfaN\xb6\x8f@\xdf\xdf\xfc7\xfe\x9b\xefcu\xf9\
\xba\xc5\xda\xf2\x9a\xb7\xec \xf7i\x8d\x1f\x19g\xa7\xeb\
'\x0fH5\xe0F\xab&2\xe69\x08&G\x07\xec\
\xfe\xfe\xd3?\xfc\xa3\xf8\xa3\x7f\xfc\x07\xf1\xe9\xcf\x7f\x1e\
\xcb\x0f\x1fF\xefn3\xd8\xdcwD\xf7\x87%h\x9e\
\xb7a\xac\x98\xb6\xe3\x88\xb1B\xfd\xf0\xa8\xbc\x8b\x81\xb8\
Fu\xbcr\x96\x12\x00\x945\x0fB\x1a\xb9\x94@\x02\
\xa0\xd1\x12\xe2\xa3\xa3f\xa92\x15\xc7\xeaL\xad\xc6\xf2\
\xd2\xb9\x9fxq\xa2\x02 P\x14\x8auC\x92\xb8'\
EY6\xf1\xf0\xfe=OP\xf7\xfbk\x1c\xf4 \x83\
\xa2D\xce$\xc30(\x9d\xe80\xdcb\x8e\xc5\xfba\
1\x11H\xe5\xca\x83b2\x15W\x9a\xb9\x19\x1e\x133\
\xac\xe0\xf1\xb5\xea\xdce\xb2G%\xd6\xa8\x5c\x9e\xa2l\
\xca\x1b\xfb\xf4\xe3\x0f\xe3g\x7f\xf6'2t\x7f\x1e_\
~\xfaa\xac=\xbc\x13\xad\xf5\x85\x18hm\xc5\x90L\
*\xabUX\xc7\x05\xba\xf7\xd2\xd1\x93\xe2\xe2\xc1CS\
\xc2\xdcj\xb2\x9c9\xbcH\x04l\xc8\xaa?\xc0FM\
=\x5c\xce\x83\x14\x04\xaa\xfb\xf0h\x1a\x9d;\x05\x8ab\
w\xf0x\x1c\xc0i\xf5\x83\xf2\xe3\x05\xb2\xc0w~v\
.\x86\xa5\xa4\xaaA\xf1\xe8\xae*\xe3H\xfeN\xe3\xca\
\xc94\x05\xdc\x98\xd0\x0d\xc7\xadr2\xf1<=\x09\xca\
\xad\xd2@\xc9\x84\xf204\xe3A\xcf\xfa\xd6\x86\x1a\x18\
#\x04\xc5i\x17 k\x19\x16\xd0?\x92\xba|\x0e\xa3\
S\x14\xbf:Z\xff\xc4\x13\xf5X\x9fW\xe1\x1e\xaf\xfa\
0a\xee\xf7\xe8\x9c\x12:\x1d\x83\x92\xf4\xaa\xec\x04\xa5\
\x946\xde P\x8e\x82c\xe98V\xf7\xad\xdf\xf5\xfb\
\xb5t\xc5\x00\xd5!\xe3`\xd0:Y\xb8\x1cB\x0c,\
\xe5 ?\xbc*S\xd79i<\x5c\xd7}\xae\x99\x93\
\xe3\x0d\x16\x86\xb9,\xc1\x18\xd1h\x0a\xc3\xcc\xe6\x9c\x89\
<0\xc8ze\x0a\x80ju\xd5\x92\x9f\xf2a>\x9b\
\xebu>\xd4\xaat\x83\x83\x1a\xeaUu\x9e\x1f\xa4\xd9\
\x8bI^*\x97\x83\xe4E\xb2\xca\xdf\xed\xc5\xb6\x12Y\
BYu\xf0\xaf\xfc\xad\xff\xd6\xfb\x94\x9dO\xe70\xa6\
\xe7]'*\x08C\xc5W%\xa0\xc9\x86m\x88\x8d\xe1\
\xdc\x90\xda\xc1\xa0\x08\xf1\x0e\xd5\xa7\x9f|\x1c\x7f\xf2\x07\
\x7f\x18\x7f\xfeG\x7f\x1c\x0bw\xeeFkC\x8dL\x95\
7,\xc6\x07U\xa1\xfe\xe4\xba\xb2\xeb\xc3p\xa8\x91\x91\
\xde\xf3R\xee\xa6\xd4\xd8t\x0f\x85\xc6\xc4\xd8\x10\x09\xcd\
\x9e\x0a\xa8\xc06\xc0<q\xe1\xc17`\x18T:\x92\
\xb8B\xf2N\xa2\xe9\xd0`\xa9(L\x8dbfD\xe7\
a\xe3\xa8@\x8c\x0f\xc6\x94m^\xf0nVW\x96\xbd\
\x90\x8ea/\x8f`Y7\xc2\xfa\x13+\xa0\x12\xb8\x1c\
2\xdc\xbc\xa7\xc6\x90\x862\x92\x0b\x15\xb8\xf4\xe8\x91\x97\
W0/3)cE\x9e\xec\xbd\xed9\x09\x95\x19#\
\xc5\xe7\xc9\x1e\xdc\xf9\x22\xbe\xf8\xf0\x17\xf1\xe1\xcf\xff<\
>\xfd\xf0/\xe2\xe1W\x9f\xc4\xe6\xc2\xbd\xd8\xdfZ\x8b\
\x81\xfd]\xc9v_\xde\xa8x\x93%*_\x83\xce\x92\
`\xa4\x92\x16\x1en\x0e+R9\xa9J\xca\x96\xc30\
!2V\xdc<\x16I\x00\x8a\xa3\xdf\x12\x0d$\x84\xb0\
\x0eR\x1f\xa7\x03\xc75\x8d\x0a\xc5\xabX\xf2\x05|\xa2\
\xc0Sc\x931;=\xebE\x994xU\xb8R\x91\
y\x02\xe9\xca5\x0d\xa34\x16U\x82\xf5\xa0\xe8\x84i\
r\xeerfP7T1].\x11P^\xaa9\xd1\
\xe1\xd5\x93\xe5\xb5e?\x85\xf6\x94\x00Q\x14\xb9,\xe6\
$\x88P\xce=w\xa4\xab4\xda\x96\xac~\x8b,\x09\
\x87\xb5\xe4\x0b,\x9d\xa8\x8fI9\xb3\x17X/\xcdT\
rV\xc2\x0b0\x5cvln\x83\xdd\x11\x00\x95!\x89\
<>R\x91Y\xc1\x93 \xf5&\xf9/H\x99\xd2{\
\x82f\xc5\x8b\xe3T\xf9T\xb2\x02Z\xf2\x1eYd\xcc\
C\x04>\xc15 \xfdg\xb5<sU\x10#-\xbf\
\xc8\x94\xe9\x17\xae\xbc\xee\xac\xe2\x9f\xf9\xdf\xb5\x8dm\x95\
\x87'\xf7C\xb61\x94\xa7m\xac\xa6&\xe3\x9c\x8c\x15\
\x06\x14\xc8%50*\xe9\x83\xba\xea\xfb\x9b\x7f\xeb\xbf\
\xf1>u\xd1bH\x22&0g\x14\x1e\xe6\x98\xcb\xe2\
\xbb_\xa2o1\xf5\x1c\xee\xc5\xa1*~se)\xbe\
\xf8\xe8\xc3\xf8\xf8O\xfe\x22\xbe\xfa\xe8\xd3\xd8]\xdfR\
#\xeb\x8bQ,\xac\x22\xfa\xfb\xf7x\x0144UH\
\x9a\x0b*]\xa8S\x16\xfe\xf9\x08M1\xd5\x16\xb2\xd0\
\x8fF\x85(&\x0b\xf8\x80v\x9c\xbcL\xd9:q^\
\xa4\xa7\xd0\x81\xbc\xee\x84\xb5\xe9\xd7 I\xc0\x1b\x86G\
\x02\x14\xefLlo\xb2&fy\xd9\x8fSQBV\
\x07\xb3]oR\xcc\xb2\xc0b\xf1\xac\x18\x8a\xf1Z\xd2\
\x83{w\xfd\xf4gBn\xec\xc4\xe4$Yx\xec\xbf\
\xbb\xb3\x15\x1bl\xef{\xefN|\xf9\xc9/\xe2\xd3_\
\xfcq|\xf4\xc1\x9f\xc6\xfd;\x1fIn\xf7b\xf0p\
SC\xe9\x16K~\xe4\xf1Ifb\xc8\xbbe\x8a\xae\
\x0d\x8e\x8e\x1d(\xe7b@\xff\xb9CFiR\x1dH\
\xc5\x14Te\xeexK\xf9W\xa7X\xa0[>'\xca\
\xac\xa6\xbc\x06\xdd.\x86\xa34t\x80tx)\xec:\
\xcb\x03\x98\xd9\xe9i\xf7\xc46<GI&(\xac=\
t\x13\xb8\xe7'\x10\xda\xa2\x0bm\xd0at\xd1\x82n\
\xde\x80\x12\xc2=\xbf\xe7\xa9r3(aI\xc9\x92t\
v}\x13c\x95\xf9\x98\xdfb\xacj\xd7:\xf1}d\
\xa6\x1f\xd34r^aB\xfb\x8e\x7f\xd3\x0d(\xe9\xa9\
\xbb:Ta\x19\x91\x9f\x84\xa3\x91\x04\x8aw,Nw\
\xa4\xe4\xaf\x0e\xf0~\x9c\xbf\xa3@\x1c\xa0}_\xd7.\
{A\x07\x1d\xa5]O\x83\x07\x86!\xc1.\xb0\xbf\x18\
+\xf0\xd1w\xdd\xf4ZF{\xa5\x12A\x8a]\xe7:\
\xd2\x0e\x13\xfb\xfc\xa0kC\x9e\x15\xc6\x84\xbd\xc0,_\
\x95\x13c\xd5j\xed\xc6\xf4\xf4\x94=+\xf20\x8f\xca\
\x1b\x892\x96\xe0\xcd\x18hh\x18\xf87\xe5Y\xf9!\
\xbd\x1a\xa6\xbc\xa2\x91|g\x07\x0f\x834\xec(I\xc3\
dyAS\xc3\xa4\x8d\x07\x8f\xe2\xdeG\x1f\xc7\xdd\x0f\
>\x8c\xed\x95u\x7f\xe2\x9a!\x15O\xf4l\xff\xe4\x85\
\xa9\x5cF\x1a\xb5\xfe\x9d\xb9\xabT\xde\x94\xaf\x85\x80\xc3\
\xc9\xa4\x00Q\xaa\xcb\x12\x0ft\xb1$\xb7\xeaV\xc6i\
c9\xa9\xc1Ia]\x90K\x04\xd2\x13 :/$\
\xf7cd\xf7\xf7T\xae\x95xt\xff\xbe_\x9f\xe9Q\
\xf9\x07GG=!\xe8\xa1#\xe2\xd3\x81\x1e\x05\x03G\
\xb9xb\xf4\xe0\xc1]\x0b~r|,\xe6\xd48y\
\xb5eS\xbd\xf9\xc2\xfd;\xf1\xf9G\x1f\xc4/\xfe\xfc\
\x8f\xe3\xf3\x0f\xfei\xac?\xfc,\x0evVb@F\
\xaaa/\x0d\x19\xc0m\x1aN\x9aW\xba\xc8(J\xa7\
\x01\x1b\x5c\xa4\xa2P\x18)\x9ao\xc7T\xa5<3Z\
\xca\x5c\xb1U\xe9\xe5\xdc\xf3A\x84\x11\xe91p\xa4>\
\xba \xe9\x17\xacsR\x81N04%O^\xbf\x98\
\x1a\x9f\x90\xa79!cU)\xe1I\xe4\xa1Uk\x18\
\x8e' \xac\x84C\xb7@\xfd\xbc\x0e\x1d\xd2)M\xca\
\xc9\xfc\x0ck\x9d\x96U\xa7\xecLJ\x130y\x0cx\
I\xa0\x13hrM\xde6\x966tI\xb3C\xb7@\
)y\x01\xaeKX\xc6\xc60\x97\xb2\xd4\xcb\x94\xb7\xeb\
\xe7'\xc0\x918\xdd\x91\xba\xf3&J'\x8f\x22\xaf\x02\
\xed|\x05\xe5\xbc;\x0epRX\xca$\xe9\x96s\x8c\
\x162ei\xc6\xe2\xe2\x82\xbd-\xd62\x96\xf7\x0e=\
d\xee\xc7\x12\xe0a\xa9\xfe\xc8R\x9doK'\xac\xc1\
d\xb7\xd3\xdc\xb80y\xe5\xa3 \xac~\xc7X\xcd\xce\
\xce\xd8\xf0\x91\x0f\xe9\x8d\xa2\x072\xd7,\x0e\xd4 \xe4\
\xe60\x0fS\xd6I\x8c\x8c\xcaM\xb3\xf7&\xe3\xa2F\
\xcdd\xdb\xa6\xac\xe9\xdd\x8f>\x8b\x0f\xfe\xc9\x9f\xc4\x9d\
_|\x1c-yS<|d\x0eE\xf6V\xc7=\xd1\
\xe0i\x1f\x8d\x999\x1e\x1c7<+)\x87L\xae\x0d\
\x83\xe2\xd7\x8d\xceI@\x01\xdc\xa8tt9\x11\xb0\xd2\
x\x22RGD\x8a\x00\xf0\xba\x0a>+\xe4\xbcV\xe6\
3 \xc2\xa3\xe2x\x5c8\xa1\xeb~\xf5\xc6\x1f\xfd\xf1\
?\x8d?\xfd\xfd\xdf\x8b/?\xfd\x85\x8c7\xfb\x16\xc9\
\xa8\xab,\xee\x91\x85\x1cY\xf8jw\x1a\x1eu\x1f\x97\
\x16\xe4\xbdJ&\xcc\xff\xf8\x0f\xfeQ\xfc\x93\x7f\xfc\x0f\
\xe2\xe1\x97\x1f\xc4\xc1\xfab\x0c\xa8\x17\x19\x96L\x18*\
\x0f\xd1\x09X~\xca\x9f<\xc5\x08\x95h\x83\xe5\x92v\
\x17\x8e\xb0\x02(\x82\xae\x85GBi\xc8\xc2\xd2\xabY\
\xd9*j\x84g#\xcd\xf0\x93\xa0(\xed\x93\xe2\x00U\
\xb4v]X)\xb9\xa6\x9eT\x7f\x94\x02\xcf\xca/\x10\
\xdbS|\x12\xad\xa3y\x82\xa6S\x0b\x07J\xd8\xd1\x12\
?\x01\x14\x97uU\xd4\x1b\xbbFT\xe4L\x83\xfe\xa0\
\x18(\x858\xdcF\xcaai\x0c\xf9\xad$w\x04\xd0\
O\x1al\x07S'\xd2S\xe3<\xf5\xb7\x1b\xdbP\xd5\
\xdb\x13\xe14q\x9e\x00\xdd\xf9\xb6e(}\xc31\x81\
\xcf\xee8\xddP\xea\xa2@9gI\x06S$\x18\xaa\
\xcf>\xfb,>\xfc\xf0C\x19\xae%yH\xac\xe1B\
\x0e\x92\x91\xe9\xd2\xd9\xea\x88<$'T\xc0^\xbe\xe8\
\xe0\xf9\x92mb\xc5\xdb\x11>t_q\xbdfRt\
xm\xaf\xefo\xfc\x1b\xff\xca\xfbD\xad\xf4\xd8\x84\xa8\
\x80m\x8d\xef\x99\xbb\xe1=\xb8-\x19\xaa\xaf~\xf6a\
<\xf8\xe4\x93\xd8Y^\x8b\xc1>Vpk\xbc\xaa\xa3\
+]Be8\xc4(\x14p\xafR\x9d\x93)e\xe4\
\xda\xef}e\xa0!\xddEP\x8cV7\xccn\x95\xde\
sW\x80n\xba\x80\xa9=\x19\xa7\x06\xf5\xdc\x0c]\x97\
\x06*\xc7)\x131R\x1c\xdd\xa0ud\xee,'R\
\xc9^\x19\xc9\x90 \x07\xbe\xae\xc2C\x07x\x9d\x98\x96\
\x87\xc0\x84\xa2R\xf0\x94\xd4\xde\x82\xe8\xf29\xee\x87\x0f\
\xbe\x92\xcc\xd6\x82\xadz\x1f\xde{\x10\x7f\xf4\x87\x7f\x10\
?\xfb\xd3?\xf2\xcb\xc2r\xbd\x82]\xa8\x07e\x95x\
\xad\x00\xb9\xfa\xc5`\xe5C\x05y\x0e\xad(\xa6+,\
+\xf9\x08\xb8L\x84q\x92X^\x91i\x97_\xe7l\
\x19SR\x1bu\xcb\x8a\xa1{\xbe\xc8\xa4\x86T\xbe\x13\
\xd0\xe1]\xf9\x0b2~\x82\xc9\x99o\xe2W\xf7\x9c!\
\x9e\x8b\x86\x80\x1a>\xcfL\xca\xb5\xaf\x1e\xd4`\x04h\
|u\x1a\x1d\xc8\xf0r\x8fc\xa1]<\x94\x94K\x95\
\xa7\xf39N\xabs\xc5\x19KW$\x0bu&L\xac\
\xafm\xac{>\x16\x19\x90\x1cc\xca\x09:\x91tJ\
\xfe\xa0\xee=\x11\x88\x9bF\xcdX\xc5'}Y|[\
\x0ca\x1d\x9f\x06\xdd\xf1\xc1\xaa\xd45|<t\xcb\x03\
0O%\x1c\x9ah\x87/\xbb\xe3\x1eO[\xa0nD\
\x0a\xad\xb2^\x8ew\xf9\xf8\x5c\x1a\xaf\x9aa\xc0\xbcN\
\x0aq\x90\x04\xd9\xa8\xa3\xe2\x09+\x1ft\xd9\xd9fz\
\x88\xcfs1z\xcb\x89}\xf6\xd2\xe7=K<\xab\xb9\
\xf9Y\x1bB\xf2\xb0g,\x8b\x82\xb1\xd2\xc83xe\
\xaf\xefo\xfe\xad\xbf\xf9>\x99\xc3\x02\xf4\x9dO3\x9f\
p\x1d\xaa\x11\xae-.\xc7\xfd\xcf\xbe\x8c\x85/\xbe\x8c\
\x9e\x9d\xdd\x18\xe7\xcdj\x9e\x96\xa9\xc1QQ(\x93'\
\x17\x95\xb1\xab\x0dN]6(v\x14\x80#\xb49\x16\
\xf4\xce\xa2U\xbc6\xf2O\x1a\xb0\x80N\xdd\xe8tj\
\xd2\xdd@\xd4\x1a\xfa\xa0\x88\xf5\xe0\xb6\x95\xaf\xa8dc\
\x80c\xee\xc3E*\xad\x9f~j\x5c\xed\x89A\x19&\
\xd6\xe9\xb0\xa8\x90\x95\xb6\xac\x84g\xef%\x1a\x1f\xc6\x8a\
\x0d\x021\xd2\xeb\xeb\xab\xf1\xd1\xc7\xbf\x88\xcf>\xfdP\
\xde\xd4g\xf1\xd5\x97_\x0a?\x8b\xcd\xe5G2\xd0\xad\
\xd0\xe8\xda\xf2\xf2\xd3;\x1f-)\xe7\x87\xfc\xca\x90\xe3\
\xc4\xb2\xb5A\xbcU\xbf\xed\xbfBG\xe1\x96\x8f\x90R\
\x1a2rb\x81r.\x1e\xca=\xcb\xbf\xc8\xbb`\xde\
:\x02\xae\x93\xda1{\xce\x94\x19`\xd9Q\x02\xf4@\
^\xe3\xf4\xc4d\x9c\x9f\x9b\xf3G\x19\x182\x93e.\
\x16\xa5b\x92\xff\x02\x90\xc8\xf4:fP\xd2\xad\xd0\xe1\
\x1c\xb9\x16\xfd6\x94\xb0\x0a\xeagY\xa3\xe1Q\xc1\xaa\
\xea\x87\x8f@lK\x7f\xa1\x96\x14;\x90\xb4S\x8e\xd9\
\x02\xba\xeeSN\x8e\x15\xba\x11Vy\x1b\x1d\xa6\x94n\
\x13\x940\x0d\xb6\xc3\xbf&<Y'\x1e\x0f\x85\xb7#\
\xe0F\x01o\x9cr\xaf\x9b\xfa\xd1\xf8ip%\xc7J\
\xe6\x1c\x09+\xc8\xfc\x12G\xe6\xba\x99xo\xc9\xaax\
ah\xf5\xee\xaf\xd3\xaa\x1d\xf1@\xdc\xc6\x8a\x1d)\xfb\
\xf8\xf0\xe9\x90\x87\x8c\x8cN\xf8\x802N\xc1\xf4\xcc\xa4\
\x8dU\x19\x06\x22c>G\x8f>\xd3\xe9\xb0\x15zo\
\x1a\x19\xf4W\x8d\x88J\x11Q\x96$L\x0e\x8fFk\
s;\xee}\xfee\xdc\xf9\xf4\xb3\xe8\xd9m\xc5\xd4\xe0\
\xa8\x8c\xd5\x88<\x0b6<\xc6\xc3`\x18#oD\x85\
\xb4\x91\x12\xd4]`\xa0\x9c[M\xd5Zy\x81\x14\xe4\
\xdc\xf2z^\xe0\x8a\xe9\xae\x8c\xa3\xd5Qx\x04*n\
\x93'!\xaf\x17\x0d\xab\xa7\x18g\xfb\x0d)\xe1\xf2\xbd\
\xbb\xf1\xd1\x9f\xfdI,\xdd\xbf\xe3\xf5O\xde\xdeX\xf4\
\xf7\xf6v\xe2\xfe]\x19\xa7O?\x89O~\xfe\xf3\xf8\
\xe0/\xfe,\xee}\xf6a\xb46V\xa3!Y\x0c\x08\
;\xfbaI\xd6\xca\xc8\xf2V^\x5c\xe3\x8d\xa6\xe4\xce\
\x0e\xf0\xec\xa1\xb0\x08\xf8\x98\xc1\xdf\x18\x94\xbas\xfd\xd5\
\xea\x15\xa4)\xa2\xa8\x05\x08\x83!\x8c=\x0a7=1\
\xe5\xe5-e\xc2\xb4\xed9\x22c\xd6)\x9d\x82\xdbz\
]\x9d\x0d\xc8#\xa7\x1dX\xe0\xc9\x9c\x08F\xeb$z\
6Qf\xad\xf0\xf7\xac\xd0\x95\xfe\xeb\x92{n\x00c\
\xa7g\xceu\xed\xfa\xeb\x18\xbf\x12F\xfd\xe3I\x8d\x8d\
\x8dZ?\xbe\xfa\xea\xab\xf8\xe4\x93\xcfbccK\x91\
\x90l:1\xd9mt\x03\xb4J\x8d\xe4\xb1\xd0OH\
C\xc9\xf3\xf6\xb4/j;\xfdj\x9d\xac\x8ev#2\
\x8a\xb8\x5c\xae\xbd\xb5M5\xd0\x07\xde\x1ecX\x9e\xc6\
\x94\xac\xe5(\xdf\x14T\xcb\xe8\x97Ed%{n*\
W\x10\xf2'+XQpys\xb6\xb2 \xe7\xdf\x15\
\x9c\xc4c\x81\x8eXy\x07\xb27\xc6\x07\xfab~d\
0&e\xbc\xbe\xf8\xe0g\xf1\xd1_\xfci\xac-\xdc\
\x8d\xde\xe6vl\xac,\xc6\x17\x9f|\x10\x7f\xf8\x0f~\
7\xbe\xfc\x8b?\x8f^\xb9\xb4\xd3\x8d\x81\x18\xef\xdd\x8f\
\xb1\x1e\xf52\xea\xc5\x06%d\xef\x87Eo+\x19H\
\x10\xfaWC\x15\xe6\xbcA\xe2\xb3\x02\xfc\x92\xba\xc3\xf7\
\xd7\x07\xe4c\xe3SA9/\xf5hP\xa4\xbar\xf9\
\x9e\xfe\x18\x1e\xe0MMOL\xc8\x03\x1dt'x\xb2\
N\xc0\xf57l\xb0JO#\xc0\xcb\xa1\x01\xb1?\x14\
K\x16x\xa5\xe4hc\xe8\x00\x8d\xa9^\xdeg\x833\
q\xfa\xbd\x80\xd2A\x15@~\x05\x8b.p\xce\xaas\
^Lg\xf2\xfd\xee\xdd\xbb2X\x9f\xc6\xc6\xfazz\
oJ\xaef`\xe9TZT\xc3\xa3\xd0]\x07\xd0\xc6\
#\xf7Bj9C}\xff\xf5\x7f\x9d9+H\x09\xed\
\xaf\x1d\xc4\xea\x83G\xf1\xd9/>\x8c\x85;\xf7\xbcZ\
{rd8F\xd5X\x1b\xa2E\xc3\xf3\xb8\x17e3\
\x8aaa.Q\xa8\xac/x\x12\xb8w\xad\xb0b\xec\
\x98*?&\xe9Y\xe0\x08\x09_\xc01\x16\xbe\x03\xe5\
\xbc4&\xa3\xce\xe1*\x85LY\x08g\xbd\x13+\xeb\
{\xbd}\xf1\xc6\xd2\x92\x1f,\x1c\xe8\xfcg\xff\xf4\x8f\
\xe2\xbf\xfc\xbb\x7f'\x1e~\xf9y\x1c\xc8\xc3b\xb3\xc0\
\xd1a\x0d\x11\xd9\x09Bq\x988\xf7\x04\xbe\xe88\x1f\
\xd3#L\xe9\xf5\xe3\xf9:\xbc\x13\x8e)\x8e'Br\
W\x03\x08Q\x9b&\x9a\xc8\xe1I\xe0\xd2\x92\xae\x0d'\
\xa7\xe8xB\xd4V\xfe\xb9n\x0b\xd4\xc8\xa0\xd4\x00^\
\x14\xaf\xd7\x9c\x9b\x99\x8b\xe9\xc9I\xaf\xc5)/h\x9b\
\xcf6\xffy\xf4\xaf\x88\x1caG@xWP\x1bN\
j<\x05\x5c\xb6\x0a\xa8m^b^X^\xf4~i\
[\xaa/\xdfWr\x8e\xe5\x0fj\x9e\xcf\xf3?\xe9\x0b\
v\xe0\xe8\x95\xa0\x9ba\xf3Q\x05W\xb7L\xbd;\xde\
3\xc0Q\xad\xfd\x9a`R\x95\xfcl\xd8\xeb\xc0\xf5\xd3\
\xf3\xc2\x9bj\x97\x8br\x93F\xff<\x01\xa4\xfey\xa0\
\xc1\x02R\x9e\x10\xf2\xc5 ^\x08g9\x12\xef\xe62\
\x0c\xf4\x9c\xd5\xe0\xb0\xf5\x81\x0e\x8b'\xe8,\xd4\x9d\x9a\
\x9e\xf0\xd3@\x7f\xec\xd6m\x82\x16\x94\xba\xe3:\xf2\x15\
\x97<\xc5\xc0M\xde?\x88-\x8d=\xef~\xf5E,\
\xde\xbf'\xe3t \xcf\xa2\xdf\x0b'\x19\xf2`\xcd\xca\
\x93\x04%RJ\xb0\x22\xc5\x7fUc'U\x12\x13\xd4\
\x0c\x15\xdbH\xa1aXt\xeb\xf8\x8d@el\xdaX\
A\xc5i\x1b\x81c\xd6\x5ce\xcb\x97\x8byOF\xe5\
\x94\xf0\x19\xb2\x0d\x89\xdfa\xf1\xbd\xb5\xb4\x18\x7f\xfc\x8f\
\xfea\xfc\x17\xff\xef\xffW\xfc\xe9?\xfe\xfdX\xbaw\
'\x0ew\xb7bx@\xc6|\x80^\x80\xe1F\x1a\xa8\
\x83^hI^\xeaZ<\xf1\xed0IMt\xbci\
\xa0\xc6\xf3(c\xe2\xe9\xa14R\xcfw)m\x1d\xbb\
\x81\xf2\xb1\xb6\xa8\xe0\xe9d\x9c\xfc\xbbs\x11\xe6\x5cL\
\xe7\x1a\xd6}]\x01\xbc0l\xc6P\xf1B\xea\xd4\xec\
T\xf4\xf14A\xae\xba\xf3\x17=\xf2\xf6\x92\x0c\xbaY\
:;c\xf1\xb3\x8f\xc2\xf1R\x9c\x0e\xacC\xfc\x89A\
\xf2d\x03\xbe\x8d\xcd\x8d`\xe7M]f\xf9\xa1.\x9d\
(r\xcf\xc7\xde\x1ah\x08)\x14\xe5\xca\x0e\xa6 \xd7\
)\xef\x0e\xd6\xefw0\x99\xa0\x16\xa0\xf7\xac\xa5x\xde\
\x80\x11\x80\xb7\xd3\xe8\xc1\x93\x01Y\xb3\xc3\x06\xd3\x10\x87\
\xaa\x7f\xbeN\xdd\x18\x1e\xf2^t\x0c\x09\x1f=\xe2#\
0\xd4s\xc6\xf5l\xb9\xf4\xa1-3\xb3\xa2\xfb:\xf7\
^r\x92\x9d\xbf\xaa$\x95\xf0\xbb\xc0\x8a\x8b\xa1c\x01\
)\xab\xe4\xc9&\x095e\x11\x17V<?\xb5x\xef\
\xbe\x86z\x07\x1e\xfa\x0d\x13Q\x89<\x9fE\xbc#\xf0\
\xf8\x0a\xa9W\xd6\x8bZq\xdd\xa5a^\x83\xad30\
X\x18(/lUe\xd0\x10=9N\x83\x97\xe2?\
\xbcs'>\xfd\xf0\x83XW\xaf=\xa0\xf0\xc1~\xbc\
/\xee+\x8d\xe4Fz\x1a\xa3+S\x15qLj\x92\
G\x99\xefqc\xae<\x93\x17\x09\xe0+\x1bf\x07\x1f\
\x07<<\x18\x1b\x91G%Cunv\xce;\xbdf\
\xef(\x8d!\x99\x95\xd3'\x8e\xff<\xa1\xf0\xca2\x02\
\x9e\xfey\x08\xa8:\xcb\xdc\xf9s$\xf3\x95/3?\
\x0fx\xfe\xe5\xfcZ\x80\xb1\xfe\x06\x0a\x0e\x09wD\x05\
Ul\x7fMH\x86\xe5\xc1\x83\x07qG\xed\x84:`\
\x22]*`\x9d\x22c\x1b\xa1\x8a\x81r,\x12\xf3\xe6\
\x86j\x0f\x84s\xcc\xf3\xbc\xee\xed\x97\x15\xeb\xdd;\x88\
\xd6\xf2V\xdc\xff\xe0\xb3\xb8\xf7\xf1\xe7\x11[{1;\
2\x1e#=\x031\xb8/\x8fa\x9fy\xadvU\xd7\
\xa0\x93\xd1I\xca\x5c\x14\xc7\xe7\xc7\xd2\xbe\xb8`C\x85\
pT\x05\x18\x9eVs7v\xd9\x13\x9bU\xed\xfb\xad\
\x18S\x0f23>\xe6\x0fF\xf0A\x04\x1b'<(\
u\x09\xdd\x86'\x1bk\x9e\x17(\x95U\xc7g\x82\xaf\
%R\x12\xa7\xc1<+tx>\x8cA\xe6\xa8&r\
/$6\xd5\x1b\xe5S\xe4~\xe5\x81\xba\xe7P\xe9H\
[\x17\xbe\x16\xd3O\x84\x22Gv\xda\xe0\xc9\x1f\x9f\xeb\
b\x7f\xf0V+w\xe6\xa4n\xf8\x0a\x0b\x9bc\xdbX\
9\xf6\x8b\x0dEnO\xc2S\x83\x95\x11\xf8\x06\xeb@\
\xb26\x22{\xeb\x85:\xf8\xfe>w\x10xW\x0f\xe4\
\xf8\xb0\xbf<\x06\x0b\xe4]\xdc\xf6\xce\x17\x95\x0e\xf14\
\x90\x8fh\xb0V\xeb\xbe\x8c\x1c\xf3^w\xef\xde\xf3\xf1\
\x9e\xcf\xef\xc6\xfd{\xf7\xa2\xe7\xff\xf4\xff\xf9\xf7\x0fw\
W7\xe3\xfe\xc7\xac\xb4\xfe\xd0\xdf\xf0\x9b\x1a\x1d\x8d\x11\
>\x01\xddRcU\x05\xf3\x12\xb3\xe7\xa9N\xac^y\
\x09\xf2\xe7\xf0\xf0\x8b\xb2\x00\xddB\x14k'\xca\xa8\x9e\
\xe6\x9b\x82|,{\x14\xf6eLN\x82v\xa5W\xd7\
\x16\x22\x06Ga\xd4\xc1^S\x0a.\x97\x94\xaf\xee\xf2\
\x8e\x19;,\x8e\x8e\xf1QM\x9e\x83\x0a\xe4\xc6\xf6Y\
F\xd0\xd1\x10\xc0\x8d3+\xa2 C\x8c\xba<\x88\xd1\
m\xd4N\x03Y\x07\xc9s\x02\x9e\xc1\xd1\xb2\x16y\x1e\
\xc9\xaf\x0a\x03r\xce\xa1c\xa4\xea\xf7:\x902`\x98\
\xa9\xc8\xa6\xd5)K\xd2\xe5\x97=\xbd\xa6\xa6&cf\
z\xc6O\xff\x86\x87\x8fN\xa8\x93\x0b\x86\x9f4\x05\xd9\
\x027\xa7\x11\x12Rf<\x13=\x1d\xd4\xe5\xe6e&\
\x15?\x00\xfcq\x9b\xcf\x94/\xac\xac\xc4\xbd\xfbR\xf6\
\xfb\xf7\xdb|\xa3\xc5Ldx\xd7\x07\xf2\x85\xbbc\xe5\
\xef\xd0+P\xd9\xdb6\x9c\xa0^\x82\xa3\x91J]}\
]\xa0\xcb|\x1a\x1c/\xc3\x93\x80\xb8Y\xbfG\xe1\xb8\
.\x9d\x04eD\x00 \x07\xefK_K\x96up\xe0\
\x0f\x95\xf0q\x98\xdb\xaf\xbd\x16\xaf\xfd\xe0\xad\x88\x81\x91\
X]oF\xef\xc0h\x8cNM\xc9\x03\x1bP\x9b<\
\xf0*x\xde\x96aC\xc6\xb1\xf1Q\xbf\xf2\x06\x0d\xca\
\xcdk6\x14\x9fu\x82,\x95\xe9e\xe7\xce\xc5\x07\x8f\
\xe2\xbe\x5c6\xbe\xe7\xcf\xe6\xfd\x83b\xa8W\xd6\xce\xd5\
\xcb+(x\x0fb(\x15\xae\x1c\x0b\x8aC\xcfC\x1c\
\x0d?\x09\xccD\x17~[P\xe7\xad\x1b\x81\xac\xc2D\
\x1a\x81\x0dU\xab)\x03\xb5#an\xab\x02\x9a14\
\xd8\x1fc\xa3\xbcq.\x8f\x0a\x19\xc9@y'\x06\x0d\
\x13M\xc7\xa4\xa8t7Q\x08)<\xe7B\xea\xf4U\
\xf03\x97\x1f\xd2u~\x01\x92\xe7\x8a\xe1\xe2.'=\
\x8e\xe5\xdal\xa9\xc2A\xf4\xcc\x9c`\xb8+\xcc\xaf,\
s\xac\xa1\x9b\xb5h\xee\xf3ed6\x5c$L\xa8#\
o$\xf4kh<22\x18ss3\xde\x87\xe8\xdc\
9\x0d\xfdd\xc0\xd9:Yv@4\x0eu\x14\xaf\xce\
\x97!o\x9e\xd3\xea\x8bq\xea`\xa7<'\x01\x86\xa2\
\x8e\x9e\xa7sAT\x12\x95\xaf`Y\xf7E8C\x8f\
\xd5\xb55{U\x9e\xa7\xf2}\xc9\xca\x04Y\x8c\xa8<\
\xdb-\x8cc\x1d\xbf\x7f\xd0\xad\x17O\x04\x84\xc8\xe1\x19\
\x8b\xda\x96\xb7\xf4\x88\xa3\xf3\xae\xfdQ?t\xe8l+\
\x03<z\xb8\x18\x0f\x1f,\x06\xbb\x07S\x07\xfeD\x9b\
\xe2y\xdb'yX\xccc\xf9\x9b\x9d:o\xed\xecy\
\x815\xdb@\xb7\xf6v\xfd\xe2?m\x8fc\x93\x0d\x06\
~\xfb/\xff\xfa\xfb_~\xfcI,\xc9`\xf1\x98}\
T\x16o@\x83O\xe6\xac\xa8^\x86BxM\x14.\
Q,\x1d\xb96Of\xf4E\x81\x13y1\xaf\xf0~\
\x14O\x82\x0cgw\xd1\xdc\xfb\x08\xb7\x96]\x18\xa8\x04\
V\xe9\xfaK\x224@\xffe\xe5\x03uz\xed\xf3\x93\
\xf2\xa8\xc2\x1e\x97\xff\xe3\xe0x\xf4z\xeeI\x8f\x86\x5c\
\xd0\xf4\xf9w\xba\x8c\x89W\xc3%)\xfd*\x94\x8f\xee\
\xc0\x8c\xfe$\x18\x8d^\xe1Ur\x1fy\xaa\xe7\xcf\xe6\
K?\xf0\xa6\xd8\xfds^C\xbf\xe9\x99\x99\xdc\xa1\x03\
#\x849P\xe4\x9cH\xaf\x0cK!R\x00\x85%N\
\x85y\xb3\x1e\xa1\x0b\xba\x92\xa7\xcc\x13l\x9c*\x80\x16\
\x97xU\x8b+\xcb\xf1p\xe1\xa1\xdf\xed\xcc8J!\
\xfeY\xa0H\xeaN\xba\xc2\xc3\x93\xe1X\x8c\xa7'!\
\x97\xea\xec\xeb\xc2)2;-T\x86\xca\xceE\x91K\
\x1b8?}^~\x98VAI\xe9\x10\x93U\xbdK\
Wp\xa07\x99>Q;\x1a\x1a\x9dP\x1auf\x03\
|\xa4\xa5\xfap\xb1R\xf0]J\xbc<\xaf\xd7\x1a\x1d\
\xf3\x91m\xb0A6\x11\xf0y#\xaf{\x17\xef=\x88\
\xd5\x85E\xef\x9d4\xae\x868$\x95eX\xe3\x9c\xd4\
\x93\xda\x86\xaa\xb7M\xef\xe9\x9b\xaa\x80\x17\x17\x8a\x22s\
`\xf7\x03\xafT\x97\xa1\xe2Hc\xc5KHc@\xd5\
T\xbd\x8c\x0d{'m\x81N\x83|N \xd2\x1ev\
u\xe5\xc3y\xe1\xabU\xcd\xd7\x94p\xef\xb9D\xef&\
\xac\x1b\xb5:\xd6i\xf28\x9a\xfd\xbd\xa6\xa6\xa7\xe5E\
]\x8c+W\xae\xc45\xbe\xca}\xe9\x92w\x92\xf4\x86\
\x80\x22\xcf\xe7\xbd\x9e]=\xce\x9e\xb0\xc8\xda\xfc\xaa\x0c\
\x90\xe0m\x83UySK\xab\xab6T\xb9\x104\x1b\
\x0eO\xfd\xb2\xce2mz\x9eYo\xbf:\x80\xcc\xea\
\xb2>\xbb\xdc\x9f\x06E\x7f\x98do\x0c\xf1u\xe6\xc3\
XZZ\xf4\xe7\xc7v\xe51\xf9>\x7f2\x5c\xde5\
X\xc8\xce\xbf~\x1a\xa8\xbab\xff\xf9\xfc\xe6!_\xde\
f\xd7\x92\x1c\xd945\xc2\xe9{\xfb\xcd\xeb\xef\x1f\xc8\
\xbaM\xc8\x85gMU\xf6\x90\x0c\x07T\x91r\xf7E\
\xdb\x99\xd30\x12K\x01\xb3\xe2\x0b\xa0\x14/\x0a\x9c\xc8\
\xcb)\xd8C\x90\xa5\x11p`..\xf7.B&\x04\
\xca\x80\x11&$\xc4\x93\x865\x85'=x\x1a\xe86\
l\xa7\x81n\xd2\x99_\xc7\xd8@\x13\xe4\x1ce\x01\xfd\
\xa1\x0f5R\xc2\xdc\xa8IW\xfdu\x83\xe3(\x0d\x8d\
\x9b\xc5\x9d\xf4r\x93\x93\x931+/\x8am\x9f=7\
U}\x95\xc6/\xb3*\xfe\x80\x86S<|A)=\
\xb2\xaa\x91\xed\xbaLxb\xb1\x8f\xf3\x04t\x87RF\
^\xc1\x00ll\x85\xcc\x7f\xac\xc9P-,-\xc5\xe2\
\xd2\x82\xdf93H>\xf6\xa8*\x19Pg\x0e\xae\xe4\
\xc1\xf1ip,\xc6\xd3\x93(\xca\xd9\xeb\xf7d8E\
f\xa7\x85v\xdb\x15\xf8\xb4N\x9b\xf33\xe4\xf5D\xb9\
u\xf4\x8dM\xfd6e_\xf8\x8e\xe8\xd8\xf8T\x8cM\
Lz\x0d\x16\xba\xc9\x92\x1ev] N\xf9\xcc?O\
o1N|lfWCA\x8e\xac\xc5\xf2.0\x7f\
\xeb_\xfb\xaf\x1d\x8e\xcb\xb2\x8d\xc9X\xf1\x01\x02\xca\xc3\
P\xa04BWf\xcd@\xb9Hf\xb4\xd38\x00\x1a\
\xf4\x93\x00e\xfe\xb6\xe0\xa4\x09\xf6\xd3\xae\xe1*\x8d=\
\xcbU\x8e\x94\x99\xf2i\xc8T)\xb8'\xfd\xecQ\x81\
\x99\x06(G\xa0\x9d\xd6\xbf\x1d \xb4xcg\x01\xe6\
\x0e\xeb\xa0\x5c\xf5\x9bJA^ t14\x18\x13\x8c\
\x8d\xb7\xeb8\xc8mjy\xa9\x97]J\x15\xd1\xe9i\
P\x9c\xc12\x94\xa8C\xdcs\x86\xbd|\xc9\x85\xcf2\
\xb1\xcd,[\xbd\xf0\x84\x0f\x09`\x18H\xef9;\xff\
\x91>K\xe87\xeb\xa1h\x82\x19\xe6\xa1a\x1d\x8e\x16\
\xa1\x0b2M\x1d(\xb2\xe5(z%\x1f\xca\x88q\xe2\
\x9a=\xc1y\xba\xc4\xc7:\x1ej\x84p\xef\xd1\x03\x7f\
\x99\x99\xf8\x96\x89\xf8d\x01\xaei\x9b\x96I8-X\
\xae\x9f\x04\xdd\xaas\x82z\x09\x8eF:V\xeeg\x04\
\xe6?O\x0bE\xdf\x1e\x0b.\x88\xe4\x86\x5ctz4\
:\xdapb\xc1N\x04\xef;\xc7\x91z\xf0Y\xda\x06\
\xcb\xbd\x92-\x1d\xfd\xee^+\x96\xd66b\xf7\xa0/\
^}\xf3\x07q\xfb\xf5\xb7bz\xe6\x9c;EFm\
|\x0dhW\xc6\x0c\xcf\x9d\x8e\x90\x0d\x14\xf8\x16&\x0f\
\xc4\x18\xd7y[r!\xbc\xf6\xfc\x9b\xff\xda_;\x9c\
n\x0c\xc5\xa02\xc7\x11\xe3\xd5\x1b\xee\xd8\x85\xae2-\
\x0d\xab\x5c\x83@i  \x0d\xe6E\x81\xafc\xac\x80\
N\xf9:edaZ\x96=\xef\x13V\xb6\x82\xad\xa2\
\xb7\xd3\x15 \x0e\xd0\xcd\x0d\xa1\xdf\x88\xb1\xa2\x9c\xca\xb3\
\x18+h\x82\xf4P\x1e\xbaMM\xc5\xe4\xc4\xb8\xces\
\xdd\x13\xef\xc8\xd5\xb3-<0\xbc-u\x8f\xb1j\xb0\
V\xa6!\xaf\x8c=\xe6\x95\x0e\xfee\xc2\xd24\x91\xa5\
\xae-\x8b\xa3\xec\xd8X!\x82\x94\x13\xb1\x8a\x0c\xba\x22\
>\x162\xcd1\xc0\x83\xd5\xadRN\x0fkE\x9fr\
\x12\xc6G\x07\x1e\xc9\xa3\xba\xbf\xb0\xa0!\xe0\xb2\x1f\x95\
\x03\xdcc\xed\x0f\x83A\xf3\xa1\x7f\x8a\x0co\xdcKx\
L\x9e5\xf8e3V)\x88J&mxFc\xb5\
\xcf\x02j\x9ff\xbd#W?\xc4\x105\xe9\x15\xfd\xd7\
\xaa:\x92\x95\x8d\xbd\xb8~\xeb\xf5x\xfd\xcdwb\xfe\
\xdc\xa54VJ\xc7'\xe6\xd8\xf8\xf3\xca\xd5\xebq\xe3\
\xfaU\xa5S\xa0\xf8<\xe8Q\xe7\xaa\xa3\x9d&\xb1\xc9\
\xd6\xc6}\xff\xdc\x8f\xdfx\x1fC\x95\x9fGW\x05\xc3\
@U\x08\x8e\xf5\x02\x15%,\x8aX\x87\x93\xc2\xbe+\
\x10\x87\xd5Y\x0d\xce\xc0^)\x0b\xcd\x94\xd3B\x8f\x1e\
\xa9\xfd\xfa\x88\x05X\xf5*y\xfb\x88\x0c\x8e\xc8\xad:\
\xd6\xa1~\xff\xb4p\x5c\xc4\x0aP`\xb7\xec\x8b\xd1\xa2\
Ab\x88\xf0\xb0\xec!\xe9\xc8\xe7\xa4x\x97\x0bc\xc6\
p\x0e\x1c\x1f\xd7\x91p\xee\x0f\x0d\xc7\x90<)\xbe\x92\
l/K4\xecqa\xae8W\x9e)\x97\xa3hP\
\x998=\x12f8\xca\xdf\xe3\xe11\xf1\x10U;\x8b\
\xd4I?\xb1U\x19\x99\xdb`#8\x86\x7f\xab\x1b\xeb\
\xb9Z\xbd\x02\xc7U\xbab6tU\xf1\xa6\x12\xb4\xf9\
{:o\xc7b<=\x89\xa2\x9c\xbd~O\x86Sd\
vZ\xa8[\xddc\x16\x97\xeb\xd3\xe5e*\x95\xfcJ\
9\x8b<\xbd\xa3\x88\xce\x09My\xf3\xc0\xef\xd0K\x80\
x\xcdfrr:F\xc7&\xec\xbds\x93!\x1es\
\x8933\xb3q\xe1\xc2y\xeb\xe3\xe8\xe8\x887\x01\xa5\
\x93EO\xf9@\x05\x1fb\xed\x1dQ/\xda\xebG\x87\
r\xb5@+\x5c*[\xa7\xf7\xf9\xd5\x04\x0b[\x7f\xcc\
\xd9\x95I\xe7\xd2X@j\x848\x05\x1cVA\x91\xe1\
I@(\xb2=+\x9e\x06\x0a\x0f4d&\x99\x174\
4z\xf4\xe8Q\xac\xba\x07\xe33R\x1a\xeek\x98X\
\x90\x1d\x12x\x87o@^\x94\xbf\x9a\x5c-\xcb\xe03\
\xff<;\xc3\x9fJ\x054\xd9d^X\xf2i\xcb\x02\
Y\x9d\x5c\xdc\x0a\x9et\xb3\x22\xfa\x14(:\x09\x92'\
\x9b\xbf\xf1yv\xbe\x1d\xc0WR\xf8l\xbb\xab\x03}\
\x16\xfa\x83\xa6\x0c}%\x0b\xe2\x97:)\xf5\xf2\xb8\xfa\
\xf9\xe5\x85\xd3\xc9\xf9i`\x0a\x9e\xfb\xcb:/2\xb5\
\x8e\xe6M\x87[/t\xa4\x93C\xefv\xb6\xb6Tg\
[\xae\x17<\xab\xd2\xa9\xd2\x99x\xbb\x19\x85A\x03Z\
l\xd8H\x1a\xc2Ao3\xd4/z4\x03\x86\x00\xe4\
S\x94\x8f\x04\xe5\xfcW\x19\x8a\x0c\x8a\x1c8\x22`\xcf\
\x01\xd1\x08h\x18O\x90\xd1\xb7\xdd \xa8\xecR\xc1\xf0\
\xc5G8\x1f>|X\xbd\xab\xf5(\xb6\xb665L\
b\xfd\x94x.ei\xe5\x9c\x96\x02\x84R<\x1d<\
,\xd4\xb9\xbdma]7\xea\xe5ME}\x9a\xa1*\
\xf0\xf4H'\xe5\xa1\x9e\xc2\xf9\xc0+O\x88\xe8\x8d\x99\
\xeb\xb8w\xef^\xdc\x15.0\xa1\xaer\xb2:\x9d,\
\xfc\xdee\x95\x17\xeb\xaf\xea\xf0-W\xc7\x0b\x0a__\
\x08P\xf0\x02\x81\x0aR\x0f\x92\xae\xebN\xff\xf6\xc0u\
\xcd\x11\x83\xb5\xbd\xb3-c\x95\x8bE\xb9oGOq\
\xfd:\x9b\x0c\xd3\xf1\xbaI\x9a\xd9A\x89\xc6_~\xef\
\xf5\xf7Q\xc6\xea\x1e\xda\x9e\xc7*\x8cS\xa6V\x9d!\
\x0cep\xb9}\x84\xc9\x17\x05:\x5c\xd6\xe0YY$\
]\x85jB\xb5\xbf\x0ck?e\x92\xd0\x8b\x1c\xba\xe5\
\xc1ei\xd0\x05\x95P\xc7L{ZTVG\xc3\xdc\
\x0b\xa5\x97\x91\xf9d\xc5r,\xc0=\xbc\x8b]y\x1d\
\xdbj\xe4\xf6>\xd4\xe8\x07\xe8\xb9\x94\x96z%\x8e\xa8\
\xe4\xb5\xd22\xf1\xe9\xbc\x94>\xfd9\xd1w\x16\xfc\x9c\
\x84\x09u\xde\x1e\x07\xb9\xf5\xafRU\x98\xb9pNx\
\xd2\xaa\x9fC\x8bs\x8c\x0e\x9f;g\xa1'\x86\xea\xe1\
\xa3\xc5X\xd2\xf0oC=\xf5.\xc6Vt\xf8\xa2\xb6\
\xa4L\x22\x8fr0Z\x9ekTaR.*\xcda\
\x96\xa8\x03u^\xc9\xb3~\x9dp,\xe4x\x946\x14\
\xbe\x93\xd6\xd7\x07\x97\xe7\x1b\x03h\x09]?\xd4S\xca\
\xa4\x83\x9d\xfa;-fK\xc8:J\xd0\xf9\x81\xee\xf9\
O\xa0\x8a\xa0\x1e\xf8:\xfa\xe6\xf6^LM\xcf\xc6\xcc\
\xfc\xb9\x18\x1c\x1e\x94\x87\xd5\xf2S[\x16Y\xf3\xc4y\
zj2\xfa\x07\xa4\x89X\xb1N\x7f\x93\x92$\x88\xec\
\x94\xe7\x89\x90EJtZ%xL\xd4_)\xa0\x92\
\xcaz+\xceK\xd8\x8b\x0a4t<'\xb6\x9e\xe5M\
\xf8{w\xef\xd9+a\xae\x879\x9f\xc2\xf9!k\xa5\
d\xc8\xf2\x1a\x03!\xafK\x86\xcb\xd3\x1b\xa7(\x1eJ\
e\xc3\x22\x1a\x05\x9f\x06\xc4\x87\xb7\xe2\xa9\x02)\xdf\x8e\
ly\xf2\xc7\x17\x82\x19\xd6\xf2\xed\xba\x87\xf2\x10\x977\
\xd6\xfd\x11\xd9m\xde5\x83m\xe7\x8e6gy}\xa5\
\x1e\xbbxe\x8f\x07b\x168E!O\x09\x94\xeb\x9b\
\xc0\xe7\x02\xed\x0a\xad\xe33B\xf6\x0ay\x0a\xcf\xea\x8c\
\xea\xf2&\x8ck\xea\xc2\xfb\xe1\xabcq=+\xac\x94\
\x8e8\x07\xd5Gk\xd8\xa5\x04\xad\xdb\x97\xb1\xa1N\xad\
\xbb\x8a\x8f\x0eH%:\xb6\xfbq\xaa\x05/<U\xf1\
\x93\x15\xe1s\x12\xe1/\x0d\x14Ek\xe3w,1\x1a\
>@\xc5\xb3^\x05\xcf\xe4\xee\xfd{\xf1\xc5\x97_\xfa\
\xcdx\xe6}0Z\xcc\x1e\xa0\x03\xac(\xc6P\xd5u\
\xb8\xbb\x0c\x5c\x15,P7R e?\x0d\x14\xe5\xe6\
\xc8p\xa0\xccUp\xe4\x09&\xfb#\xf1\xa5p\x86|\
\x0f\x16\x1e\xc5\x8a\x86\xb2;\x0ao\x92\x8fS\x025f\
\xcf\x0c\xa7\xe3\xf3,P\x97\xcf\xd7\xc1\xef\x0f\x9c,\x7f\
B\x8d*\x0c\x86\x0c\x1dl\x17\xac2r\xe8\x0a\x9dU\
i/\xc5+;\x22\x03\x05H\x8b;Ju\xac\x07\xc2\
\x22J\xd1\x8b\xa1\x02_\xc2\xf7\x0b\x8e\xf4r\x95\x11\xe1\
\x9d\xc7\xf5\xcd\x8dXde\xf1C\x19\x81\xbbw\xe3\x8e\
\x90'j\x9b\x1aVm\xb3\xcb\xc4\xde\x9e_7\xb2n\
@CX\x94\xc7\x88>H{\xdc\xb1:L\x7f\x9cw\
\xb2;\x15\xc0\x1f\xc6\xb4xR\xc5\xc8a<\x97\xaay\
)\xf6\xb4\xff\xe2\xab\xaf\xe2\xde\xc2B\xacl\xc8P\x89\
\xb7\x16\xbc).i\x8e\xe9\xed3\x01\xa5\xf8\x06\xc1B\
\xd1\xcf\xd7\xc5\xef\x0b\xb8\xe2\x85X\xa5:h\x08\xe8p\
\x81\xebV\xde\x15\xba\x829\xf2bk\xea\x5c\xe5\xf4\xd7\
\x81\x94\xb4mg\xaazu\xdd*\x1ek\xb7\xd8~I\
2\xc9\x0c\x94\xd4\xc7\x93\x80\x18\x05_\xc2\xd9\x00\xf9\x16\
\x19\x03\xdf\xb6\x0e\x96\xc6\xcc\x91\xac\xad\x1c:2!\xbd\
\x8d\xa7\xb5\xba\x12\x0f\x1f>\x8a\xaf\xee\xde\x89\xaf\xee\xdd\
\x89G\x1aj-\xcb\x9bY\xdf\xda\x8em^(\xe5\x95\
\x1d\x94Ld\xea\x06\x89r@\x0fE\xca\xcd\x04Q*\
untp\xee\xe4Xmt\x14\xfdN\x99\xee\x15\xe4\
\x9a-]xUfO\xf9\xf0.\xd9\x82\x8c\xd4\x1d\x19\
\xa9/e\xa0\xbe\x94\xe7w_\xfc\xac*\x9c\xf7\xfe\xf0\
\xf8\xbc\xc8U9{?*\x91\xb3\x82s\x0d/\xe6\x0c\
\x06O\xc2\xa7A\xa6\xfe:\xd0\xa9\xeb\xafO\xeb\xfb\x00\
\xc5\xa0\x18=Y\x04&\xd4\xa5@\xb5s\xc5\xe7\xea\xca\
\x8e\x0fe\xbe\xd7u\xea\xe1\x9f\xfe\x14\xcf\x9d u\xab\
#z\xd4\xea\xed\x8b\x16O\xa7\x7f\xe7\xbdW\xdf\xa7\xc2\
Id\x8a\xf9\xdf\xaeZ\x87s,?\xc2r\xefE\x05\
\xc4v\x0c\xbeC\xa6\xdb\x95#Y\xa62s\xde\xa9\xd4\
\xd3\x82RWg\x05\xaa\x0a9\x05\x94z4T\xe7\x18\
-\xf8a[\xd9\xfd\xfd\xa6\xbc\xa9\x9d\xf4\xacd\xc0\xd8\
\x06\x18\x0ffo\xaf\xe9\xef\xee\xd9}\x07\x94\x944^\
\x12\xa0 \x82\xf3\x0ee\xab\x22TH\xffI\xc9\xeb\xa8\
\xb1\x9d\x0dT\xa6CQ\xc3\xf9\xac\xcb\x18\xad\xb1\xb8s\
qI\xde\xde\xa3x\xb4\xb0\x18+\xabk\xe2e\xd7\xf3\
\x15-a\x1a\x01A\xdb0r^!\xf9\x95\x00\xca\x07\
\x12\xbd\x1b\xbb\xe0\x88\x5c\x0c\xdd\xd7'\x84\x1c\x8f\xd2\xe6\
\xad\x1c\x8f\xd7\xd5\xb3\xc1\xb3\xe8\xc9\xb7\x09\xc8\xef\x08\xd6\
\x84\x93g)\x09&\xd8\xb7\xb6X\xa9>\x13\xe7.\x5c\
\x8a\xf1\x89\x09\xb5\x0b\xf6\x1d\xdbq=NMO\xc6\xd4\
\xecL\xf4\xf1ir\x19*\xa6\x00\xd0\x13v\xd5\xf5\xc3\
\x13E\xea\xfbK2VPu\xa5\x193\x936*\xac\
\x88\xbd\x84\xbd\xe8P\x17X\x1b\xbeK\xc6\xa5\xc0)\xde\
\x0e\x13\xdf\x85\xb1*\xf9\x97s\x1a\x16\x13\x9a\xf0'\xcd\
\xd1\xe1\xc0\x93\x99\x0c\x01\xd9f\x85'o CF<\
\x1e>\xbe\xc0\xd7\x8dY>\xc0B?O|\x0a\xe9\x19\
Y\xa3\x97^\x0f\xc6\x8fc\x22/\xa6\xd6\xafy*\xc9\
\xd2\x03\xde\x01\xc38\xf1)\xf2G\x1a\x8e.,.\xc4\
\xa2<(&\xd0Y\x91\x9e{s\xa7\x81\xb2\xa1\xac\xc9\
\xce\xe7\xc8\xefX\xd1O'\x8b:\xd4\xeb$\xe18\x8d\
\xd3e\x93u\xf3\xabf\xac\x9e\x0eH\xa2'\xf6\xd4S\
mn\xed\xc4\x14\x8b?/^Ic%}\xa1\x9e\xf1\
\x89\xa7f\xa6bzf\xda;\x8d\xe2q\xd9\xabRj\
\xd25\xa5S|7\xb0\xe7\x7f\xfa\xdf\xfb\xebnI\xae\
4!.\x98\xd7\xd5X?\xb2\xd9\xb7{\xd5\xef\x09|\
\xdd\xd7m\xbei(\xaf\xa10/\x93\x06B<\xca\xb5\
=+\xa4\x9f\xd2\x01\x94\x80\xd0\xd2@N\x0b\xa5\x81\xa6\
18\x90\xe3~\xa8\xce,\xa9\xc1(\x7f\x0c\xfb\x88\xe7\
\xf9$5\x98F\x7f_\xee\xe3%d\xbb\x0e^F\xc5\
\xe5\xf7\xfa\x17\x95\x85\x97\x9f\xad-\x15m\xc0|\xb9\xbc\
\xa8#\x9cf\x9eL\x9a\xb3\x0c\xa1%C\x06b\x1cy\
i\x95\xf7\x16\xb9O\x1a\x93r\x0a]\xa2\xbc\x1d\xb2\xee\
q\x0f\xd5\xf3\x1e\x01gU\x8btJ8\x95\xb1\xea\x12\
\xefI\xd9\xf8\xb5\x10\x1f\xb3\xbc\xddu\xf5\xac\xc07,\
\xbf\xcf\xc0\xa2\x18<\xa3\x8df\xc4\x83G+q\xe3\xd6\
\xab\xf1\xde\x8f\x7f3.]\xb9\x1c\xbb\xcd\xbdXV\xe7\
\x84\xc1\xb9~\xf3F\xbcr\xfb\x95\x18`\x03G\xd5-\
v\xa8%9\xee\xec\xb3\x97>\xdf\x0d\x94L\xdf\xff\xd7\
\xffE^\xbb\xc9JC\x09\xc8\x81S\xf4E\xd7\xd4\xcb\
Kc\xf5\xf5\xe0E3V\x05\x5c\xe7J\xeb5`\xa2\
\x0d574\x91\xab\x8b\x103\xd4\x9e\xcc&@G\xbf\
v$#\x86\xbb\x8e\xa1\xc2`\x99\x8b.^l\xa6j\
A\x18\xa3\x5c\xaa\x80W\xc6\xfcE\x1a\xb2,C'.\
\x07\xf2+;~T\xc1\x09\x0ac'\x85#\xd5L\xd2\
\x17\xc0X\x01.\x0b\x1e\xeb7\x00\xbf\xb4\xc6\xea\xaa\x8c\
\x95:\xa9\xc5\x85\x05u\x80=q\xfd\xd6\x8d\xb8\xfeJ\
\x1a+\x05DS\xa9\xf6\xd4n\xb6\x9b\xf2\xc6[lu\
$=,\xdb|\xf0)rY%\x0b\xdd\x0a$\x81\xa3\
X\xee\xe9t]\xbeJ\xab\x1bRk\xdd?\xa1\xc2^\
B\x01\x5c\xf7\xc4T\xf4\xe7$,7\xd0NK:\xde\
\xf0\x9e\x0c\xa4\xed\xa4\xee\xa5\x9a\x05\x15\x0dz0a\x99\
4e\xe34|0\xa3*\xbf\xa5\xc8M\x19\x9c\x9df\
+\xb6w\xf6bc\x9b\xa1\xddvlr\xac\xa3\x5c\xff\
\xfa\xf5\xf6\xee\x9ezJ\x19+\xf4\x0c\xda2:=6\
xr\xff\xfb\x06\xa2\xa7\x9fO\x04\xf1\xea\x05\xd7|z\
\x9c\xbc\x15O\xf9\xe7\x90(M6\x86\xa9\x1bmLk\
\xf8\xbc\x80:\xad\xa32\x17\xe2\xa5\xe6:!5\x18\xc7\
\xfb\xd5\x06\xd5\x09z\xe3c\x15B\x95\xa8\x0eK\xdd\x14\
\xed\xf3\xa2]\xc2\xf4O\xfc}\xe9\xdd\xc1\x81\xea\xbe\xd5\
\x1b\xad\xe6\xa1\x8d\xd5\x8e\xec\x90\xe2T\x95\xabt\xacP\
\xb7:\xe8\xdc\xc6\xc9\x95P\x19\xaa*G\x0e\x0e\xce\xcb\
\x97p\x0c\x5c#m\xf4\xd3\xaf\x17\x5cZp\x87\xf7\x8c\
\xb1\xc2\x10\xa1d\x9d\x06\x9f\xca\xd6\xbe\xae\xb0(\xa1;\
5\x90\x8e\xad\x9c\xd7\xd0qN\xc4\x0e-\xfd\xf8X\xf2\
h\xe7\xa3\xf0\xbcN~2O\xa1\x08@\xa3\x22T]\
\xbc\x00`\xc6*|\x09\xae+\x83\xebR\xd7U]\xe2\
\x10\xe1];\x86\xc2x\xcb\x80wQ1d\x87\xbc\xe8\
%\x1d\xdc\xdf\xefQg\xd8\x1bM\x19\xac}\x1d\xd5\xbf\
\xd96\xd1)\x18l\xb0\x14\x84\xb7\xc5\xd1H\x8f\xf5R\
\xf6\xbf\xdc\xe0\xf6\x95\x95\x8cy\xb1\xe7\xac\xebo\x0b\xcf\
\x02RG\xd8\xfd\xc6\xe08?\x84a\x10\x0b\x9e\x14\xe7\
(\xea\x87\x7fA\xd58_\xc2\x11\xc0\x05*\xcb\x14\x10\
\x11\x0fa\xbc\xbd\x92\xe4\xcb\xd4H\xc6I\xd3\x86c\x84\
LY\xca\xd2\x94A\xe3)0\xe7<\xd0IcU\x93\
qzU\x99(\x9d\xee\x0ajq^\xc2/\x17XM\
\xaa!\xd6\xb7\x09n\xe8g\x00\xf4\xf4l)^\xc2\x8b\
\x00h\x95L\x95\x8d\x95\x0d\x96\xa0n\xe8\xbd)\xa4N\
m\xc4l\xa4d\xa0\xe4Ii\xf4'#E\xbd+\x1d\
CE\xa7l\xc3QB^\x1f\x04\x15\x07\xfa\xff%<\
\x15\x8e7\xf8z\x05\xbd\x98P\xa9\x93\xf9L\xc4\xd9\xae\
cB\xe7\xfei\xd1\xf3\x9f\x8fA+\xd4S\xb0\xd2\xe7\
\xea\x12\x1e\xa5\xb26\xac/\x16\xd4\x1b\xe2KH(\xde\
Ry\xb8%\x09yn\xcao+\xf8:\xeb\x95'\xcf\
V\x87\x03\xe9\x9d\x8cTY\xc3wp\xc8\x90\x90\x07Q\
<d`\x9c'(\x22fe0s\x0f\xedF\xc5A\
7\x0b\xe1\x12\xef%<\x09\x8eJ\xc9r\xab\x19\xab\xe7\
i\xb0\x9e\x9dv\xa6+\x1e\x96W\xa1+\xa8\x8e\x95\x93\
~f$\xdd\x93\x10\xda\xf4\x9eu<\x92\xb7\xa8\xe4\x94\
u'MN\xb4\x1f\x87\x22\xdf\xe7-\xe7\xe3\x90\x86\xea\
q|\xfd\xaaA\xca\x22d\x98T\x07 N\x8f\xea\xa3\
|\x1d\x89\xafDU\x11U\x9f\xfc\x09\x0ed\xc0\xda\xc3\
n\xa1\x92`\xdc\x18\x8a\x93\x9e8\x95t9\x95\x1a\x90\
X\xf7\x8a\xbb\x9d\xaf1\xe4\xf9K\xf8\xd5\x06\x1b\x0d\xe9\
\xc3Y\xf1P\x0a\xfa,\x18\xe5\xc8\x9c\x86\x95\xfa%|\
\xdf \xad\x0a\xb6\x86e*\xec\x9a\x90/\xa9\xf3q\x88\
\x9chw\xd7c#\x96sWR\x18\x1b\xa8Li\x0f\
\x5c\xa7LH\xf1\xf5\x1b\x1b\xab\xb6\xfb\x9a\xe6\xd0\x8b\xf0\
l\xa8P\xb6\xbc\xf3\x12^B\xa5JgC\xbb\xfdO\
C\xe2U\xe8t\x0a\x03\xcb\xfd\x97\xf0\xfd\x06\xdel`\
\xc3Gv\xfbl\xf0e\x1b\x96\xab\xa8Zm\x94\xf4\xef\
}\xf2\xe4\x81\xe1$\x01<-\xf4\xbeg:\xef\xe8\x83\
\x0c\x96\x1f\xadW\xe8\xc8\xe5\x5c\x06K\x9a\xa2\xde\x8dk\
Ht\xa0\xeb\xf2%\x9c\x0a\x90Z\xc1\x93\x80\xaay\x1a\
~w\xe0\x1dC\xa5@\xc7P\x0a\xd7\xc1*^\x1d\xbb\
\xe2\xf7\xc9E\x03{kXF\x0b'!\xc5v\x8f\xfa\
\xbd\x01|\x85\xa7\xb5\x90'\xe9\xc1\xf7\x1f\xdaCp\x1d\
\x91\x05s\xdf,U\xe0+\xcd\xec\xaf\xceV\xda\xd8\x98\
\x9c\xb9R\xfd\xcax\xd9\x83\xd6\xb5TD\xa8\xa3N<\
\xafI\xa8\xe2\xdaX\xb1\x05\x0c\x9f+\x02s\xe22\x91\
\xb1b&T\x9er\xd3\x0e0^UB\xf7x\xdcS\
P\xc1\x97P\xe0@\x8d\xac\x8346\xaa\xcc\xb2\xad!\
\x15z\x04\x19\x97?\x05\xcb\x22\xdd\x82,2\xf8&\xa0\
x2\x05\xa9\xea\xdc\xd9\xb4\x83\x07=\xca\xf3$\xac\xff\
9^\xea\x83\xa7\x12@\x85\xd7\xb1\x0d\x94\x99\x10\xd2T\
w\xd9I\x81\xb9)\xa3d\xc4\xae\x0d~\xb5\x06\xb5\x16\
\xb16V$^D\xf0\xe41\xe8uC\xac\xeaW]\
W\xed\xc9G7L\x0di||\x91Kr:\xa0\x04\
\xddX\xd7\xeb\x1c\x02\x86?\x97684\x1c\xc3\xc3\xa3\
\xd1\xcb\xc7\x22\x14\x8e\x1d\xb1\x0e\xec\xf3z\x17\x8bA\xc3\
\xd8\xd2\x0f;q`\xb0*e\x14U\x9d\xa2>\x0a\xea\
\x82\x92\xedK8;\x1c\x97\xe6\xe9\x80tO\xc3\xef\x16\
N\xe2\xa8\x8eu8)\xec$(\xfaw4n]\xf7\
N\xd0E\xac\xe0\x0b\x0b\xc9o\xe9\xd4\xfd:\x92\x8c\x17\
\xef\xbb\xf1\xf8\x9d\x86\x07\xfb~\x1c_\xc5+\xf8\xcb\x02\
6\xd8\x94\x09\x07H\xb0'k\x851\x1a\x1e\x19\x8d\xc6\
\xd0`J\xc8\x95\x9e\xc6\xac\xb9\xdf\x0a\xb6+j\xb1d\
\x81Wk\xdc\x19+\x82\xc5\x85l\xf2\x98\xd4N\x80_\
&\xe1\xbd\x84'C\xbd'L\xa4\xfeQ\xb8\xb3\xa1\xb5\
\xeb9\x80=\xd3\xe7D\xfb\xdb\x80\xd2\x96\x18\xd6\xd08\
\x13\xf0)~\xd9\x81\xc5\x9d\xb9c\x02\xa5\x1e\x1d\x19\xf3\
\x97\x94\x5cn\x89\xa4\xb2W\x96I\x0eB$\x9f*,\
eS\xea<\x8f\xbdEA\xbb!\x05\x5c\x22\xbf\x84_\
=(\xf5\x7f\x16<;<.\x95\x15\xb6xP\x0c\xa1\
|\xfely|\x9b\x00\x87L\x91\xf8\x5cm\xa8m\xa8\
\xaavVooe\x1f\xff:\x964\xf5\xb4\xdfG\xa0\
\x8c\x0c\xe7w\x9b-\xe3\x00;u\x0c\x0fE\x1f\xef~\
\x0a:\x1e\xb5\x06\xc7\xea\xe8\xca\xe7\xba\x90A\x9f\xe4\x02\
\xba\xc6\xf5cT\xe4\xe3\x9eU%h\xa0\x08\xf0%|\
\x0b\x80grV|\x0e\x8d\xb7PLEz2\x02v\
\xe7\x05G\xc2+\x0d\xe3P\xe2\x15\xa87\xd6\x02O*\
\x05=.j\xeb9 \xe6|D\xd4\x0f\x85^(\xa8\
\x19!&]\xf4/\xb3#\x9e\x93O\x8e6D4@\
\x9dgx\x1a\xe0#\x88$T\xafmO\xd5u\xfcb\
\x83k\xb2]&\x19!\x8c\x94<%\xafD\x17\xee\xb2\
q\xa3nMNMFcx\xd0\x0f\xec\xcaC=\xd2\
\xfa\xdc\xb2\x91\x91R\x1d\x0f\xf4\x83|`\xb7W\xc8\x9b\
\x82\x07\xc6\x9e\xd8\x7f\xfc00\x01\x06^|\x81\xfdr\
\x00\xb2~\x16\xfcf\xc1\xcaw\x06\xb0\xc3\xf3<\xc1\xc5\
\x14W>>\xef\xcc\x9e\x1dl\xa8*\xe4aH\x8f\x86\
?\xc5\x80\xf9\x9e \x8d\x10\x86\x09\xaf\x83\xb8\xfeoc\
UH\xfd\x17C\xf5\xe2\x96\xf7\x18T\xc6\xa7}\x14l\
\xef\xed\xc5\xce\xden\x0c\x8f\x0c\xc6\xf9\x0b\xf31<6\
\x1c\xbd|j\x8b\x15\x06\xcc\xdf\xe1\x0c\xb1\xee\xca\x8bD\
\xb3\xec\xfd\x03}180\x10C:\x0e\xf5\xf7\x0a#\
\x1a\xba5 \x89\xbd\xb4D/\xe11\x80j<\x19y\
\xbaU\xacU\xfe\xd6!U\xf6T\xc6L\x0a^\xbc\x8d\
\xef3\x94\x12\x80\x94\x1e\x0f\xc3\xf31\x95\xc1\xa2\x8ce\
\xa4R\x0c\xd8\xf7\x1dJ\xf9\x00\xca\xe7\x1a\xd4\x0f\xb3T\
\xf9i\xf8^{U\x13\x93\x93\xfe\xea7\x9f\xe4b\x08\
\xc8\xea\x82\x1e\xbc(\xbe\x0a.\xb4\x5c4~\xe6\xd0\x90\
Ak\xc8\xa05\xe4L7\x14\xbf`J\xee%\xbc\x84\
#PovOF\xef5\xc5\xdeW\xdd\x90\x8f{\xda\
\xc3\xc4\xd3\x80\xed\xd5/\x11x8\xc4\xce\x01-\xf6\xb8\
\xdf\xc7B9\xdc\x8d\xfa\x97\xa0\xb0\xc5\x08\x17(\xc68\
\x97nH'T~v\x95\x9d\x99\x99\x8d\x91\xd1Q\x19\
\xa3~\x0f\xe8\x5c\xd1E\x06F\xa6\x9b\xf2i\x1f\x8b=\
\xfaz\x0e\xa2\x81G%\xcf\x8a\x1dj\xede\xc9\xfb:\
\xa2e\x9d\x8cS\xd1\x0a\x22\xd6\x82ux\x5c\xf8K\xf8\
\xbe\xc3\xd1\xfa\x7f\x1c\xa6=\xc2`I\x03l\xb0j\xda\
\xe0k)m\xd7\x1f\xe0\xdfZ\xd4\xb3\xc13'|\xae\
P\x0cP1Bj\xc6nO\x18)\xf6\xac/\x06\xab\
\xb4\xb1z#\xff>\x02\xfc\xbb\x0c*/\xde\xb3\xb1V\
f\xbeO\xc9\x22\xcds\xb3sq\xf1\xd2%{U\x9e\
rW<\xcf\xdd\xe9\x8f\xb8\x9e\xe3\xf2\x8b\xcbig\xd2\
_?\x8c\x01\xc5I#\xa5\xa1\xa0\x0c\xd5\xb0\xacW\xfb\
i\xa036\xa0\x84G\xb1\xbe\xd2\xb8\xae\x92\x9eJ\xa8\
\xf0E\x81\x93\xb64~\x09g\x01\xe6\x1c\xa8e;\xeb\
OD\xbfM\xef\xca\xaf\x0c\x96\xa1\xa3O\xa0\xe7il\
\xb4*,\x0d\xdaJ\xdei\xdc\x05X\x80\xda\x0d\x22\x93\
\xf4\xf4\xd7\x81\xa2\x89\xdf$@\xef\xd9hfJ\xfd\xe2\
QT\xe5\x22\x0c\xef\x8ao b\xb0<db\xfd\xd0\
/\x01\xb4\xebX\x85,\x0b\x81y\x17\xb4y\x88\xa1\xda\
\xf3\xee\xb1\xe3\x93\x13q\xf1\xca\xd5\x98\x91\xc1\xeag\xa8\
g/<\xd3y\xce\x0a}`1(\xc6J\xc6\x9cE\
\xd4\xd6\x12\xdf\xce=\xf5\x06\xe4\x8d5\xfa\xfa\x84]\x9e\
\xd5/\x03|\x97{\xad\xff\xea\x01F\x0by\x9f,s\
\xd4\xf1kWG\xbd\xf39B\xeby\x18\xab\xaf\x09\x85\
\x1d\xf1\x89a*F\x8b\xc6\xb9\xbd\xbdm\x83\xe5\xb7\x11\
t\xcd}\xbc\x89\xef3\xf8\xed\x17\xfdy\xa8[y\x8d\
,\xee\xe4#\xba\x84\xcf\xcaH\xcd\xce\xcbP\x95\xe5\x0a\
\x18j\xc9\x03\xf9\x90\xc6_E\xb2\x0c\x88\xcdy\xe9\x08\
\x192\xb3\xc2=\xdf\x1bL\xcc\x1a\x7ffx\xc1T\xe5\
%|'P\x0c\xd6q\xb0\xea\x9d\xa0$gj\xa2\x8f\
\xb5v\x84C\xbc\xe0\x8b\x054?\x809\x1c\xd0_\xf4\
a8\xa8\xe3\xa1\x1a\xaa\xc3i\xb8\xbf\x04\x80\xe1aO\
\xaa\x96\xbc\xa3f\x93\x8f\xe2\xee\xc6\xe4\xd8\x98\x86\x7f\x17\
bbr\x5ce\xad\x22R\x97U\xe7c#UU-\
\xa7\xe9y\xeb\x1e\xc1R\x1c\xeec\xbcH\x8a\xa1\xe2y\
\xe13\x19\xab\x97\xce\xcbK8\x0a(\xc4\xf3P\x8aB\
\xb3:\xb6\xdbv=\xbf\x12\xd8\xbe\xf9b\x80\xd8\xa3\xc1\
\xb1\xd0\x91\x17w\xf1\xb0\xfc\xbdE5l\xeeu\x0f\x7f\
\xbf\x8f@\x09\x8c\x94\x85\x95\xeaM\x0d\xff6\xb7\xec1\
\x9d\xbft>.\x5c\xbc\xe0O\xb6y:I\x85\xc6C\
*\xc6#'\xe2S\x06\x1e2W\xc4J\xad\x16ce\
\xf4\xd0\xf9\x10\xe3\x9e\xaej\x81t\xcb:\xd0\xb9\x93\xe0\
dU\xe0\xd1\x98g\x87\x92w\x1d\xbb\xa1\xce\x0f\xae3\
\xd6\xdb.4n\xf6\x09\xf0r\xce\xea\xf9\xc3\xf1\xbaJ\
e:\xae\x11\x0c\x81x!\xbeO\xc8\x17K\xf8,\x93\
\x9d|\x9c~\xd7m\x07\xa9\xebL\x83b+\xb2\x94T\
C\x0b\xd73\xca\xeeC*\xbe#\xdao\xab\x90k'\
~\x0e\x90sk\xa7\x82\x1a\x0b\xa40V\xb2\xa2\x8cm\
\xbd\x85\xde\x09\xec>\xaf\x12<+\x14\xde\xebu]\xda\
`\xa97\xda[_\x8f\x86\x83:g\xae\x8a\xf7\xfb\xe6\
<\xa9~9FF\xc7\xec=\x92\x9a%\xbd^\x99\xae\
Rzx\xa7\x1f\xdf+\xb4\xabs\xbf8o#\x96u\
\xaa\x81\xa5\xd2Kf\xca\xd7\x9e\x15\x19\xd5\x8fup\x12\
\xa5-\x93h\xed\xb0<}\xee`\x0b\x5c\x0aTA\x11\
\xd4\x89\xfc\xbet\xfb\xbe#8I\xee\xac\xa9a^\xa3\
\xda}\xa0\xa7\xbf2\x5c\xc2\x03\xa9\xaf\x8f4d\xe2\xa2\
\xa8\xe9\xe8\xa7z+\x9cvM\x80\xee\xa3\x02\x19^\x87\
\x17\xbb\xae\xdd\xf8t\xac\xeb\xabu\x96#\x7f]\xc5\xe9\
.\xddw\x0d\xc5\xb8\xda\xc0vA\x1a\x96\xaaF\xe4\xf9\
\xec\xed\xec\xfaA\xc2\xd4\xd4t\xbcz\xfb\xb587?\
\xef\x95\xe8\x87\xfb-\x957\xe7\x9f\xd0\x04?\xb0\xf3y\
\xa7\xb4\xa6\x8fX\xf0\xa0\x9c\x15\xf5\xdaA~9\xfai\
\xa0O\xab#P\x17,\x88\x91\xea\x16\xec\xf3\x84b\x9c\
\x9c\xb7\x0aR\xf8\x000^@\x11\xd6Kx\xf1 \xeb\
\x8b\x13\x14Q}\xa3\x94\xd5\x9e\x14\x01\xd5\xd6)=!\
E\x16\xf6\xc8\x80U\xfd\xae\x90\xfa\x04K]g\xfdv\
\xaa9\xc3\xbf}(|\x9d\x11`\xbc\xd2S\xb0\xdd\xf0\
\xab\x02YD\xcf@\xf6\xdb\x82\xd2\xfe\x00\xf8\xf7<[\
\x0d\x01\xe20\x1f\xc7\x02\xd0\xa1\xa1\xa1\xb8}\xfbv\x5c\
\xbdz5\x86\x87\x86\xa3\x87\xa4\x07xF\xfb\x95\x81r\
\x0a\xa7\xe1k5\xd5\x95\x8f\x06\xc5yR\x0dg\xfa\x0a\
R\xc9\x8e\xe2\xb7\x0du\x03\x84\xa0\x10\x04\x16\xdbc}\
A\xa9\xf8\x97\xf0b\x03s\x0d(\xf0\xd6\x16\xb8\x15[\
;{\xb1\xab\xba\xe4i\x91\x1b\xa9\xb47\xb7L\x91\x0a\
\xfa\xbd?4U\xe7\xc2|-\xa5\xd45\xd4J}\x97\
\xe3\xb7\x0f9\x14<}\xfe\xb90\xf2\xe8P\xa7m\xac\
j\xed\x8a\xb3\x93\x1eB\xbc\x08\x00\xdf\xe5\xe5b\xce\x8b\
=(\xe7\x9eX\x17\xee5\xf7\xa218\x18\xd7\xae]\
\x8b\xeb\xd7\xaf\xc7\xf0\xf0\xb0\x86y\xea\x90\x14\x87\xcf\xfa\
yK\xe2\xca\xb8Y\x06t^\xa0:2\x7f[R\x08\
\xcdDG;\x01\xecY!\xbb\x9a\x07\xa3?z\xc1:\
\x12\xe7\xbb\x00xbR\x12\x83\xd5\xaa\xe6\xaa^\xc2\xb7\
\x01_\xaf\xc2Q:\x1a\xf6^\xb3\x15;R\xe4\x1dz\
^\x1d7w\xf9B\xf3flno\xc5\xb6\xce\xf7\xa8\
S\xeb\x9cg%\xd4\xff\xe69C\xc6\xf4\xb4\xf2\xe8\x8d\
\xea\xda\x86\x22i\x7f\x17\xf0\xa4\xb9\xab#w|\x91\x0d\
\x9a\xf6\xe3\x16(\xa4a{\xb9\xc2\x09t\xbe\xa3&\xf6\
T\xb0q\x11\x9a\xf7\xcaF\x94p\xc2\x9a\xad\xa6W\xa7\
\xdf~\xf5\xb6\xbd\xaa\xb1\xb1qo\x03\xc3\x9a*\x97\xb2\
\x14\x8cy-\x1dlc0R\x15]\xae+\xf1\xa8\x9e\
\x8bq/\x22*\x899\xea\x1en(*\x82\x9fFo\
G\x85\xf8\xd8\xbev\xbc\xcc\xa8\xc2:8\xf3\xaa\x00'\
A;\x9d3?\x0a\x85\xd9\x93hp\xaf\x18\xaa\x22(\
\x1aA{3\xb3\xcaR\xbf\x84o\x1aJ\x8d=\x1d:\
\xbd\xe1q\xec\xef\xef\x8f\xd7^\x7f#\xfe\xca_\xfd\xe7\
\xe3\xbf\xfa\xd7\xff\xc5\xf8\xe9o\xffv\x5c\xbf}+\xfa\
\x86\x87buc=\x96WVbum\xcd^\x17\x9e\
s\x8b\xb7\xf3\xbdI\xdb\x81\x86\x8dj\xd8\xa2\xc1{\xf6\
\xec\xac\x89\x01\x13Q\xa3\xe7\xbe\xda\x86\xec\x9b\x86\x93\xca\
\xae\xdc\xe5\x05\xb4w~=\x01T\xe2lH\x06\xa5\xaf\
\xda\x0d\xc8p\xc7\xb7\xa4\xafMy\x956^\xba\xef\x98\
%\x89\xc0\xf1\x15\xb7\xde&\x90\xe37\x05\xdd\xf5s\x12\
v\x83=\x1f\xf1Sx\xa2\x1aR\xee\xea\x88\xd4\xd1\xec\
\xa8}\xf67\x1aq\xe5\xfa\xb5\xb8q\xf3\x958\x7f\xe1\
B\x0c\x0c\x0e\xa4\xc7\xach8\xcc\xec&\xeb\x85\xbe\xa4\
\xb7l;2\xc4\xbbJ`R \xa2_\xe9\xf8\x22N\
\xbf\x90\x89\x82\xcc\x10$\xbd\xba\xad\xdfz\xef\xd6\xfb\xa2\
f\x01\xe2\xae\x9d\x04D/\xd0]\xa8\xc7\x15\xb4\x84p\
,x\x12tWJ9o!\x0c\x0d#8\xa2\xf8\xbc\
\xf0\xc8\x11#e\xc1=\x01\xc4QuV\x83\xc71\xf0\
\x1c\xe0X\xfe\xdfb\xde\xdf\x06\x9cT\xdf\xdd\xd0\xdb\xd7\
\x1f\xaf\xbf\xf1V\xbc\xf7\xe3_\x8b\xab7n\xc49)\
\xf2\xcc\x1c\x8b\x04\xcf\xc5|u\xde\xd7\xdf\x17\xeb\x1b\x1b\
\xea\x94v\xad\xcc\xfd\xbaV3\xb5b\xe6\xf0\xc0\xc1\x86\
N\x8e\xc4\xa0\x01\xe4\xf97\x0f\x10>Z\xbe\xa7\x95\xd6\
\xf7\xabH>\xd0\x9em\x90\xd2h\xd1\xd8wv\xb6m\
\x94\x075\x5cb\x98d\x19\x0a\xabd\x86\xf2l\xa8\xc8\
\xf74r>-<\x0b\xadlgU\xfbt\xfa^\xef\
\xf8\xb9\xbb\xd7R\xbb<\x8c\x89\xc9\x89\xb8\xf1\xca\xf5x\
\xe5\xd6\xcd\x98U}\xb2\x83\x02\xf1*\x9f\xca\x00\x09v\
\xcd\xd9k\xd2\x09\x89B\xff`\x0c4\x86d\xd0\xfa\xe4\
\x84\x1c\xc6\xee\xce\xae\x8cT_\xcc\xceN\xc7\xe4\xcc\xb4\
w]p:\xffU\xb6\xc5y\xcbQ\xf9\xb5\xf7n\xbe\
\x8f\x07\xe5q\xa9\xa5\x0cTR\xab \x1f\x15'|\xd3\
\x16\x1f\xa8\xd3\xe4\x98\x95\xaba\x82,7\xe7###\
\xae\xe4\xd3\x18*\xe0\xa5\xb1z\xbe\xf0\xb4\xfa\xa7\xce\x18\
\xba\xdd\xb8y;\xae\x5c\xb9\xe6\x0f\x05\x0c\x0f\x8f\xc4\xf4\
\xd4t\x5c:\x7f1\xae_\xbb\x1e\x97._\xd6\x90a\
,z\x1b\x03Rb\x99\x9fjH\x81we\x0d\xaf\x01\
\xb91<`\x1e\xec\xe0\x90\xb9K\xf4\xc5\xb7\x9e\x03@\
\xf8(\xf1\xa7ee\xfe\xc4r=%#\x14\xfb\x0d5\
}\xc6X\xb1\xe6jX\xf2\xf0\xc8@\xf7\xea\xb4_4\
cU\xbc\xa0C91\x87\x87\xbd2P\x94c\xcf\xd5\
399\xe9\x89\xf4k7\xae\xd9\xc8`\xa8lC(\
S\xad\xfa\xe8t\xf6e\xb1wU\xaf{\xf2\xd4\xfa\x06\
\x86d\xac\x86\xd31\x12yd\xd2\xaf\xb4\xb3331\
9=\xa9\x0e\x0c\x1ai\xaat\xe2\xb9\xbf2\xa7\xd9\xbb\
\xb5\xdf\x8c])@K7\xf7\xe5\xb29R\x0d(\xa2\
\x19\xa8\x15\x16\xe1wc78]\x17>\x09\xa0A\x1e\
\x14\xb8\xac\xf6\xc50Q\xb9xU\x84\x13\xe74\xc6\xea\
%|\xc7\xa0z\xe4[p\xf5\xc9Y\xe60\x06\xe4m\
\x0d\x0f\x0d\xc5\xe4\xc4d\x5c\xbax)~\xf8\xc3\x1f\xc7\
\xbf\xf4/\xfe\xcb\xf1;\xbf\xf3;q\xfd\xd6\xadh\xc8\
\xa0\xed4\xf7c\xbb\xd9\x92bK\xaf\xd09\xa5\xf7\xd4\
\x84\xea\xbdS\xf7\xf5s\xe0i\xda\xf5|\x01N<\x8c\
\x03u\xce\x849\xba\xba\x8fq\xe5\xa8FZ6\xd7\x83\
\xedd\xfd8\xcf\xf5\x12=o8Yb\x84\x1eE\xcb\
^\xc7\x1d\xd5\xc9\xc6\xd6\xb6_\xab\x99\x9c\x9a\x8a\x9b\xaa\
\xaf\x9b\x1a\xd6\xcf\xcd\xcd\xdb\x91\xa0\x8d\xdaF\xb4\x0b\x81\
M\xc8\xd9G;\x99\x5c\x0a\xf3\xa3\x1f8F\x04\xd6A\
\x09-\xa7\x94\x99s\xf7\x83\x96\xca\x00*\xa0\xef\xbd\xf7\
\xae\xbf\x8f\x9f\x86+\xc6\xd6\xa2\xbd\x92\xb4\xce\xac\x5ce\
\xa1K7\xd9:\xa04I\xech,gV\xa1\xb7y\
\xed&\xa2k\x18F\x99\x8b\x22B\x83\xe3\xe6\xe6\xa6\xdf\
\xa5\xe2zbb\xa2#\x08\x92u\xe5S\x87\xa2\xc0\xa2\
v\xec\xefY\xe0Iy=\x09\x8eU\xc4\xb3\x919\x15\
\x942\x7f\x1d\xc8\x97\x87\xeb\x08TLC\xbfK\x0e\x8f\
\x93\x0bJM\xc3\xe4\xd5\x8b\xb1\xf1I\xcfc\xcc\xcf\xcf\
{\xb8\xd7q=\xb2\xceA\x94|ph0\xa6f&\
\xe2\xfc\x85\xf317\x7fA\xfa\xdc\xe3\xa1\xe1\x96\xea\x9f\
\xe1\x03\x1f\xc4\xa4\x17F+3\x07:\xac|2\xdc)\
{\xea\xce7\x01\xd0L\xcc\xc6\x06\xd9\xa7Q\xf6}Z\
d\x15\x19\xae*\xff\xcf^IS\x1e\xc9\xda\xc6\x8e\xe7\
\xe0xjF\xb9\xbd\xf3\xa9\x1bn\x87zy2\x86\x81\
\x06\x18*\x11\x96\x9cT\xc8}\xb0\x82\xd3\x96\x9bX\xa4\
-\xb1\xa9rLF\x09H\xfai\x98\xa8\x83\x16\xd7\xd5\
z\xb8\xa6\xc6o\xd4\x07o\xfc\xddz\xf5v\xfc\xda\xaf\
\xff$^{\xf3\xf5\x98;7\x17C\xe3\xa31:2\
\xea6z\xd0\xda\x8f}y\xc7P\xf1\x93;\xce\xe0_\
\xa7\xdb;8 =\xf2\xa2\x86\xa214\xa2\x22B[\
\x9e\xda\xf6\x8e\xcb0-\x038%\xcf\xaa\xb7\x1f\x99)\
\x81e\x99F-Y<\x88\xbe_\xff\xe9[\xef\xaf\xaf\
\xadJ\xd6\xf4\x86\xfd1 !\xf62\xdd%\xa3\xc5\xac\
}\xca\x82\x8cO\x86\x22\xac\xba\xd0\xca\x99\xdf\x9e&\xdf\
\xea\xdaq\x84\x1c\xfdWKcA\xea\x9a\xc9\xf4\xf5\xf5\
u\xcfU\x95\xf1=\x8a}\x1apE~\xc3P\xe7\xf1\
\xb4P\xc4\xdb\x86\xb3\x938\x15P\xdeo\xa6\xcc\x1d%\
.\xe0rW\xb4\xb3\xbe\xb2\x18G\xe2\xd1\xd0,\x9fD\
\xa2\xef\xcb\x90\xec\xed\xb5bfv6n\xdc\xb8\x11\xd3\
\xb33\x1a\x22\x10\xafR\x04\xd5\xa5\xcc\x15\xa9}\x0d\x09\
\xe6)F\xc7Fczr&f\xa7\x15_J\x8a\xc1\
\xda\xd8Xw4\xf4\xd2\x8f\xc2i\xb6=2\x03\x94\xdb\
w:pR=\x99\xef.|\x1a\x10\x85FT\x80\x92\
\x97\xe5\x07\x8fC\xfd\xb8\x1c\x00F\x8a\xf1\x89?#&\
\x9e\xa3w \xf6\xd4\xd8\xd77w\xe2\xd2\x95\xeb1\x7f\
\xee|4\xf7\xf65\x9c\xda\x95\xac(\x07\xdeG\x87\xaf\
\xb2\xe4\xa1\xd4\xab\x9f\x1e\xd6\xc0+\xf8u,\x1e\xeb\xe3\
\xa0\xce_w<\xb75\xe8V\xa49\xf0\xe9\xb3\x1e\xf1\
j\xe3\xaa\xc20\xbf\xc4\xe2]\xcf5\xa9\xd7\x98?\x7f\
>~\xf4\x93\x9f\xc4\x0f\x85\xaf\xbc\xf6j\xcc\x9c\x9b\x8d\
\xe1\xb1\x91\x18\x1c\x19\xd20\x1f\xe3\xdb\x13\xcd\xddf\xb4\
4\xac\x13\xf7*S\xe6A^\xbc\xbd\xb0\xa5{{M\
\xd5ucH\xedz\xc4\xf5ic\xa5\xe11\xe5\x9f\x99\
\x9e\x8ai\x19\xab~\x0d\x03-K\xd1\xeb\x94\x5cg\xd2\
\x9f\xde\xd9KW\xe2\xa01(a\xee\xc6\xde6/Y\
\xa6\xebV\x22\xf8\xac\xca\xb4\x8eu\xe8\x16\x06`\xa1V\
\xd1\x88n]\x05\xb9\x97\xc1\x06h\x91\xbexX~\x1c\
\xaaa aL\xa8\x9fD\xfb%\xbc@@\xb7Y\x81\
4\xc3\x0a\x08\xf2N\x98\xb7\x05\x912\xf9\x15\x0a\xdd\xb3\
N\xa8:\x89W u\x04\x8d\xeb\xf3\xdc\xd6\xb5\xeb\xd7\
\xe2'\xbf\xf1\x1b\x1e\x22\x9eW\xc3n\xb1\xfc\x81\xa7\x85\
,sP,\x8c@i\xd0\xcf\x0b \x9d\xe4\x95W\xd5\
\x1a\x9e\x06\xed\xb6\x81\xa1S\x99l\xe0\xe4m\xd93R\
\x9b\x1a\xd4\x10\xf7\xf6k\xaf\xc5\xdb?\xf8a\x5c\x7f\xe5\
\xb6<\x91\xa18\x94\xfbr \xab\xc0<]\xb6\x03y\
\x9c\x95\xc7\x85\x0c\xf1P\xbb\xa1\xb4\x95\xa7A\x9b\x9f\x0a\
K\xba:*3\x0fYY2\xc2\x90\x95Ob\xb1o\
:k\xe1\xb6w\xf7b\xb3\xb9\x13c\xb3\x93\xf1\xfa\xbb\
o\xc7o\xff\xce_\x8e\xdf\xfeK\x7f9\xdez\xeb\x9d\
\xb8p\xe1\xa2\x87\x82c\xe3\x13\xead\xc6\xbc\x184\xdb\
j\xd6m\xc7\xcc\xe4y\xe1\x01\xc009\xa2\xe5\x9bP\
\x0c}\xc6\xc6\xccu\x81\x02\xf0@{\x11\xdc\x8d\x9b\xaf\
\xc7\xf0\xe8\x94\x94\x82\xe5\x02\xb9\x16\x849\x07\x84\x97\x99\
@-)\xb6\xcf\x08\xaf\xb00R\x07\xaa\x99\xdf\xfa-\
B\xbc7\x96\xc28'\x1d\x95\xc2\x11ar\xce\xf0\x8f\
c\xfd\xe9\xdf\x99\xc0\xda\x7f\x9c\x9f\x97pZx\x06\xf9\
U\x06\xcb\xf5Ig\xd7\xdb\xefy)V1gM[\
c\x04\x85n\xe6Q\xf4\x86=\x8d\xbc.\x87y.y\
Y\x97.]\x8c\x9f\xfe\xf47\xe37\x7f\xe3\xa7\x1aF\
\x9es\x1c\x0c\x16za\xe3!]9I\xe7\xbe\x09@\
\x0f\x8b!D\xf5r\x88\xfct(\xe9\xd0W\x9f\x13\xa6\
2\xf2r/\x0f\x0e\xa6&'\xbd\x0e\xe9\xbd\x1f\xbeg\
c\xfc\xda\x1bo\xc5\xc8\xf0X4\xb7[\xb1+'\x01\
\xb9e\x912%\xe5tY\x1f\x03\x94\xdf\xf2\x96L\xba\
\xa1\xdc\xabcig\xa0\xcb'Y\xf3`\x8d\xb7\x0b\x9a\
\x07|\x81\x86=\xa8\xb6\xab\xa5$;\xf6p\xa65<\
\x7f\xe3\xed\xd7\xe2\xa7\xff\x95\x9f\xc6;\xef\xbd\xa3a\xfa\
l\x8c\x8c\x0c\xeb\x1es\x91\xc2\xbe>O\x8e{\xfa\x08\
\xbe\xc5\xbf\xc8\x0bR~\x05\x9cou\x9er\xd2\x89\x02\
J\xac\xa3\xb1\x8f^{\x8e\xab:\xef\xfb\xef\xff\x0f\xfe\
\x8d\xf7\xa7'\xa6bxp\xd8\x16~_=\x98\x0b#\
\xe5A\x07\xc9\x86\x1e\x82\x04\x08\x9fc\x11\xa1\xc3\xaa\x8a\
)\x00\xd3$o\xc7\xd1\xb9Q\xe7\xa4\xee\x9cS\x08\xf4\
\x5c\x0aH\x8f\xa2\x02\xd3\x93`\xac\xf0\xae\x864\xfcc\
of&i\xcd\xcf)@\xfd\x83\x7f3\x87n8\x1d\
\x8d:\xa4`\x9f!]w^g'\xf1\xadB\xa9\x93\
\xf6\xb9~\xa8\x1b$\x99a\xdc\xad\xaetn\xb9\x90\x82\
\xe062\x84?\xf4#m\x86mo\xbd\xf5V\x5c\x94\
\xd1\xf1\x10\xc1\xad\xbe\xaa\x99\xea<e\x04\x02I\x8f\x81\
\x1e\xb6\x81\xc5\x81\x83\x8dFLO\xcd\xb8\xd7^__\
\x8b\xcd\x8dM\xebf\x9f\x86\x94R\x17\x11\xcbFW\x8c\
\xc3I\xf0\xb8\xf0\x93\x80\x06\x05d\x9a\xc4v9O\x03\
\x8a\x86~c\x00\x00\xb6{fr\x1a}\xe6Q\xff\x15\
\x0d\x01\x7f\xf8\xde{1?7\x1f\xe3c\x13.\x1b\xbc\
o\xac\xaf\xc7\xa6\x90\x0d\xe8hg\x8c\x1c\xd3H\x15\xa3\
W\xfe\xcc\x91\xfe\xb8\x97\xc6\xba\xf0\x9c\x1dz\xc6H\xec\
\x94\xc7P\x9d\xd7\x0d\x16\xbc\xe1M\xb1X\x97\x0f;\xf0\
\x022^+m~P2\xbfz\xe5J\xbc\xf1\xc6\xeb\
\xe2w\x0e\x02\x92\xffF\xec\xa9\xc3`\x1e\x9b/\xd0\xd8\
@A\x97\x0eD\xc8\x10p{kS\xc7\x1c\x06&\x17\
\xd9\x8f\xb5\xd4\x19m\xef\xb6\x94GO\x0c\xa8\x03\x1b\x1c\
\xcaa |\xecn\xef\xf8E\xe8\x19yj3\xd3\xd3\
\xa2\x8d~dz{\xe4BD\x8a,\xfa\xfe\xed\x7f\xfb\
\xdfz\x7fjr:.\xcc\x9d\x8b\xf1\xd1\xb1\xd8\xd8\xdc\
\x8c\xd5\xb5u\x7fB\x87%lhFNp\xa2\x18)\
\xaa>\x5c2\x87+T\xc8\x11\xf7\xd7sT\xba\xcf\x02\
9\x0b\xba~\x9f\x22TB\x03\xdca!4\x1d\x106\
\xee(\xbd'\x13y(\xf4\xf0\xc8\x88\xbc\xab\x86?\xc9\
s:\x80\x16\xbd\x0c\x05\x14}\x9d\xd5\xb1\xfc\x9e\x05\x0a\
\xffg\x05\xa5\xaa\xce*8;\x89o\x15\xda\xf2R\xa5\
\xa4\x0c%E\x14E\xf5\xed\xf2SY\x8e@\x1c\x10\x85\
*\x01\x9c\x93\x22\x1fm\xb7\x9a\x871>>\xaea\xdc\
{\x9e\xb7\xf2v\xb6\xba\x0fe{OJ\xc7\xd3 \x12\
\x99B\xd5s\x1au\xcf\x9d\x9d\xb2\xa31\x0c\xaa\xfe\xe9\
\xc9\x99\xec~\xf0\xe0\xa1\x0d\x16\xd9\xf1x\x9b\x04\xe8U\
1V'a\x81#zwB\x9c\xd2\x80\xf3\x9cp:\
\xc8\xe4\x11\xecP:\x19\x5c>\xfd\xd8@)6\xd8#\
\xa3z ylln\xeb\xba/^\x7f\xf3\xed\xb8y\
\xfb\xa6\x0c\xd5\x98\xf8\x1fP\x83m\xc4\xcc\xcc\xb4'\x96\
\x99\xf6`\x81\xec.O\xc0i\xfc\xa2\xd3\xdb\xdb\xa8\xa8\
\xc3O1\xc8\xd9\x96\x92w\x1e8\x94\xf2p\x9e\xf7K\
\xfc\x84,S)k)\xa3\x87\xd1\xaa\xdb=\xb5\xf1U\
u\x04\x1b\xf2\xa60\x5c\xe3\x13\x131+\x9ef\xe4\x05\
\x8e\x0c\x0e\xda\x10\xedno\xc5\xc6\xeaZl\xaf\xac\xc7\
\xb6\x0c\xd6\x81\xda\xe8\xa0\xd2\xf7\xa1&r*z\x8c\x18\
\xab]\x19\xab\xed\xcaXu\xbc=\xb2\xc4X\xed\xc8\x98\
5\x0fx\xc00\x12C\xccY\xe1\xd9A\x7fG\xc6J\
\xe7\xc8aZ\xc6\xaa,]H\x03\x91%\x82\x08G\xa4\
\xeb\xc8cR\xb0k7n\xc4\xb5[\xb7cX\x89\xd6\
d\xf1\xd6\x85\x9eh\x930\x0ez\xd9\xed\xafR&\xcc\
?\xc9UA\xbdR<\x8c\x13\x06\xac\xf4\x8c)X\xdf\
n\x03UX\x84W\x00\xa1y\xe2T\xf1\xf1\xa6\xa8,\
\x8e9\x04\xc4\xab\xe2e\xd7\xb3\xc0\xf1<^\xc2Y\x00\
C\x8f\xfcP6z\xe1\xec\x89\xe9\x91\x0b*\xc8a\x89\
\x9cW\xa8.\x14\xcf\x8az\x9b\x9f;/\xc5\x9f\x92b\
\xe6S\x5c7\x1d\x22\xf9\x98\x07T\xc3FI\xe1\xe5A\
L\xe9\xec\x0a\x14%~\xfd\xf5\xd7\xe3\xd6\xcd\x9b^o\
\xb7+\xa5\xdf\xdd\xe3\xc5\xd8~78\x8c+\x86\xf0\xbb\
\x04\xca\x82\xa7\x02\x14^\x0e\xd5\x80\x99<\xe6\xe9(\x8f\
\xf7\xaf_\xe3\xe5^\xd6W)\x9e\xfeY\x923\x7f\xee\
\x5c\xbc\xf5\xce;\xf1\xdb\xff\xdc_\x8a\xdf\xfc\xe9?\x13\
W.]\xd5\xe8\xa6'\xd6\xd7\xb6bg\x1b/&\x0d\
\x0cm\x02D\xfe\xe5HN\x1e\x8a\xa9\x0d\x9d\x04i\xe0\
\xca=\xb5K\xfe\xe0\x11\xb4\xb1\xca{M\xd1\xdb\xd1\xb0\
oK^\x114\xa7\xa7&\xe3\xda\xe5\xcbqQ\xbc\xcd\
\xcbhM\x8a\xe7\xe9\xc1\xa1\x98\x10\xbf\x83\xad\xfd8\xdc\
\xdc\x8a\xadG\x8b\xb1|\xe7n\xac\xdc}\x10\xdb2d\
\xfbM\xb6$V\xb9]\xc7G\xeb\x02y\xf8O\xf7\x90\
\x90\xc5\x04\x1b\x8a\x06OD\xaf\xecR\x86q^]w\
C\xdf;\xaf^x\xff\xf3\xcf?\x89\xfb\xf7\xee\xc6\xf2\
\xda\x8a\x84\x8b\xbb\xd6\x92\xb0\xc4\x94\xb0)FH\xcb\xd2\
\x066\xfc\xf0k\x07\xba\x06\x0d\xd5\x09EG\x18m\x81\
p\xed\xdf\xeaX\x85\x1d\x03\x09\x8d\xc2`\xa8\xb6\xe4\xd5\
Q\x11^\x04\xda`\x11\xa8\x14R\xf7\x1e\x93\xf2\x18\xb4\
=+\xa7\xe8NuZ*\x1dh\x97\xe7\x8c\x90\xf9\xd7\
\xe0\xec$\xbeUp\x95\xf9\x98\xda\xc2\x9f\xdbC\x86\xa6\
\x1c\xaa\xf3\xd4\xc9\xd4&\x1a\x83\xcf\x94\x86aLS\xc3\
\xb4\xb1\xd1\xf1\xb8}\xfb\xd5x\xe5\xe6\xab\x1e\x02\x92\x8c\
8t\x5c\x16\xa5\x1b\x90\xbb\xbc\xd4\x19\x22tA\x91y\
\xf1\x22\x98\xfb\x1a\x95Nlmo\xc6\xd2\xf2C\xe5\xd5\
\xac&\xef\xe1'\x0dj\xa1\xf3\xb4\xfa:M}v\x1a\
9\xfc%>\x0d\xd2Xub\xb6$\x8b\xd5\xb5\xcd\x18\
\xd5\x90\xef\xcd7\xdf\x8cw\xdf\xf9ALM\x8cG\xbf\
G)\xa8}\x8eL\x06\xe5y\xe2\x81\x9e\x93q\x98\x99\
\x99\xf1R\x1d\xe6j1t\x18\x91\x03O\xb2#\x07\x8c\
\x8fNUV\xec]\x86\xe9\xf7\xb1\xe5I\xd9u\x8cD\
z}\xbeS\x19L\xb6\xe0di\x08\xdf\xed\xe3\x8d\x83\
~\xf1\xd4T;dh\xd6\xda\xdb\x8d\x91a\xe4>\x1a\
\xa3\xa3#1\x8c\xb1B\xe6\xaa\xe7=\xd9\x85\xd5\xa5%\
y\xba\x1a\xbe\xaa\xcd\xf5+=\xf3\xdc\xdb\x0ag\xa8H\
\x9b-\xc0\x13\xcf\xa6\x8a\xb0\xc50\x10\xcfjh\xd4\x9e\
\x95GS2\x94\xdb<\x0d\x14?S5\xcf*\xadV\
\xa6/\xe5\xe3\xd87\xdc\xdf|\xff\xee\x9d\xaf\xe2\xfe\xdd\
;2X\xf7cuu\xd5\x0c#\xac\xd5\xd5\x15\x8f\xa9\
Y\xb5J\xfa>\x8f\xa7\x05\x95\x00\xf2\xb4#\x8c\xe41\
\xad\xa8\x15\x94 \x04\xa6\x08\xf6\xb2*\x1e2Z\xc6\x11\
\xa7YP\xe5\xc7jV\xe6\xa80V\xf9tA\x15J\
\x9c#\xe0\xdc\xba0\xa1\xa2\xa8\x10Ru\xc2\x13\xba\xaf\
\x9f\x0e\x08\xe8\xf1\xca\xf0x(\x0d\xa7\x0dg'\xf1\xad\
\x02E4\x8bEI\xe8\xd1)E\xd5h=\xd4\xaa\xc9\
\xd4\xf5\xab\xa8\xc8\x1b\x893/\x91\xefp\xb2^f&\
\xde~\xfb\xed\xb8p\xe9R\xf4\xf4#\x09\x1a\x8c\x22)\
\xb9\xe5\xe2!\x8b\xe8Y!\x92^7\xd0\x88a\x8a|\
82$d\xc54\xaf\xe5\xac\xac,{\x0e\xab\x0cQ\
\xe1\xcblsN\xba\xa7\xc0\xe3\xe2\xd4\xd3\xe7\xb1:o\
\x9f=\x1e\x90Bzy\x19\x1b\xbe\xf9\xb8'\xeb\x93.\
_\xb9\x1a?\xfa\xe1\x8f\xe2\xca\x95+\xde\xdf\x09]\xc7\
#\x22\x8f\xde\xec\x11|\xce\x12\x9d\xb9\xb99\xefZ\x80\
\xd1b9\x07\xde\x15mbo/\xdf\x8fu\x1a\xcb1\
\xd3\xd0\xc89Z\xbe\x15T\x22\xab \xeb\x8c8\xc9\x9f\
8\xe4\x5c\xe1$\xe1\x1cC\xc5\xda/>\x99\xd5\x92\xe7\
\xb4\xba\xbc\x12\x8f\x1e=\x8a\xa5\x85%\x0da7\xf2\xc5\
s\x0d\x13\xd7\xd7Y\xfb\xb6%C\xb6\xed\xa1\xdb\xca\xca\
J\xac\xeb>st#\x1a\xda\x92)6\x83\x07\x0a\xe9\
\x99'\xe0q\xb3tckW\x9ey(\xaf!\x0d\x03\
\x85X\x5c\xe6\xa8I\x03o^g\xa5!h\x1f\x1fA\
}\x9c\xb1z\xe7\xf6\x95\xf7\x87\xfa\xd5\x03\xaa\x94lI\
\xba\xbe\xa21\xec\xf2j\xac-\xad\xc4\x8e\xc6\xa0\xfb2\
T\xad\x9d]\x8d\xbf\xf7\x5ct\x14\x13ko\xf9\x98\x8e\
\x04\xc0:\x1a\xceD\x83\xb9'X=P\x86\xe5hc\
E:\x8b\x8b\x14\x80~m\xede}Ui~\x0b_\
\x0a\xcf\x84*H\x85\xd2kf{\x81~\x19\x97g\xaf\
\x9c\xe7\x05\x93\x22\xa7\x94\xcd\xe5sc\xa8C\xf7\xf5\xd3\
\xc1\x15[\x09\xeb,\x90\xfc\xd5\xe0\xec$\xbe5\x80\xb5\
\xec\xb5S\xe9\xd5\x94\x08\x10fX9\xe7h)WG\
j\x929\x9a\x1eu.\xa4a\x87\x85\xbe\xde\x81\xb8x\
\xe1\xa2\x8c\xd5;1\xa9^2i+\xbe\xc6w\xc4\xa5\
\xe6\xdc\x80H\xc7=\x11\xe2hh_\xe8\x8740\xd3\
\x06\x96\xb1\xf4\xba\x03\xa3\xf7~\xf4hA\x0d\x8b\xc5\x87\
\xc5\xb3\x83\xb6\xce\x95&1\xeb\xed(\x8d\x93\x81x\x8f\
\xc74?\xd0\xa9\x87\x97|\xda\xe9\x1d+\xcb\xa5;^\
\xe5\xcd\xd7]&\xa6f\xe3\x1dyTo\xbe\xf9\x86\xbd\
\x13\x98%\xbeO\x94\x1e\xd5\xe6\xcaX\xd1\xee\x93\xf7\xc2\
\x94\xcc\xb9\xf3\xe7\xe5i\xccp\xc3\xa3\x0d\xbf\xe8\xad#\
\xc37\xcf\x8fUE#\xad\x8f&\x9bm$\xe5B@\
\xe6\xc0\xb5\x91H\xd5\xfcV\x19\xb6\xfa\xae\xdaZ\xbf<\
\xab\x86\x8exO \xf2\xc6\xb3[\x5c\x5c\x8c;w\xef\
\xc6\xfd\xfb\xf7bAFlmM\xb6am-\x16\x97\
\x17c}K\xc6J\xe9\x87Fx\xd7\xb1W\xa3#\x19\
V\xb5\xe1\xb6\xdc\x15\xc6\xcb\xd0\xbcj#q\xc8\xcb\x1a\
\x88\x01\x19\xe5\x01\x19F\x9e$\xf2\xc0\x04\x03H\xda|\
7p*z\xab\xf9H\xb3\xaar\xc2y)A\xdf_\
y\xef\xad\xf7{\x9b\x07\xd1'W\x8d\xa1\xde\x90\x98\x1e\
\xec\xe9\x8f\x91\x81F\x8c\x0d\xcb\xc3Q*&\xd1\xd8\x08\
\xde\xae)\x96u\x97\xd5\xc5J\x00E[w\x09G\x06\
\x0b\xfb\x80\xd3\xba\x8f\x81\x12\xc39\x92@( \xd5X\
\x15B@Hr\xd4\xe3\xe1\x03\x8fM)\x18.\xbf\xf7\
\xac\x16{\xa6\xe0\xf4\x9dj\xcd\xdfnH\xba\x15\xb9\x84\
\x97\xc6\xea\xd4P\xca\x89\xe2u\x0fg|\xae\xfa\xcd\xd3\
\xd2\x08R\xe2x\xc1L\x1eSO{\xbbM?\xe5b\
\x97H\x1e\xd13\x81l\x03\xc4]\x1d\xed\x05\xb8\x9aP\
\xc64V\x15\xd5\x84\x92%\xc7\x8e\x9a$(\x0c}\xe2\
\xfdB\xbc,\x0c\xd6\xd2\xca\x92\x95\x9d{46'\xf2\
\x90\xb0Jb\x9e\xbb\x09\x1d\x87\xee\xfa\xcd\xcbNX9\
\xab\xc7\xc3h\xe4\xbcQ\xca\xc0\xf3?2\x02\xc8\x06#\
\xba\xbe\xb1\xa9\xeb\xdex\xe3\xcd\xb7\xe3\xbdw\xdf\x8d\x0b\
\xe7/8\xce\xd1\x9c(\xffQM1\xb7},\xdf\x18\
pY\xf1&\xf9\xe6\x1e\x8bk/_\xbeb\xef\x87Q\
\x0e\x0bJ1\x0a\x18E\x86\xdf$\xa4\xedP\x17\xb4\x1b\
\x0a\x91\xb5\xd9\xe1?\xc3J\x8e\xba\xab\xfaHs\xa90\
\x0d\x81\xfa\xe4\x15\x93\x9aO^\xe5*\xfb\x86\x9f\xcc\xf5\
\xf0\x0a\x9e\xda\xfa\xc1\x01\x1f\x83h\xc6\x86<-\xa6\x8b\
\x1e,<\x8c\x85\xe5\xa5X\xdb\x5c\x97\xd1R\x98Fa\
\xcc{a\xb0\xb6\xe1\x8f\xf7<\x95\x03\xcdpG<n\
n\xef\xc7nK\xb45jj\xc8\x19a\x99\x0a\xed~\
}cC\x86\xab7\xce\xcd\xcd\xca\xb3b\x05\xbb\x8a\x93\
\x8aR\xb8\xab8\xd6\xdf\x7f\xfc\xbf\xf8\x9f\x1c\xde\x7fp\
?\xee->\x88%\x0d\xf9xR\x01\xc3XW&\xb8\
q\x0d\xd9\xda\xa2%\xc2\x10G\xe9\xd8\xc6A\xf4\x1d\x07\
\xc3B\x8f\xe7\xc2KSl\xa4\xd0\x18\xa1\x1b\x81\xfeP\
0\xae\xb9W\x84\xc7d*\x0a\xc5g\xa4\xb7d\xc1W\
4\xfc\x04&\xd4\xab\x0c\xb1\xc9<\xcaf\xcf\x0a\x96\x93\
]\xa0sV\x07L$\x04)$\x95\xa7\xbc\xd2R\xf2\
c\xc8\x8a9\x1b\x94F|V\xc8!N\x07\x9e\xd7V\
\xcbE\xde_\x17\xca\xdc\x10\xf5\x86g,\xaa\xfa\x93\xec\
U\x0e\xea\xa1-\x07]\xd3\xab\xa7gM\xdd\x0cTC\
\xc0]\x19\x8e\xc3x\xf5\xd6\xeb\xf1[?\xfd\xad\xb8\xaa\
\xa1\x0c\x0a\xcf\xa2:\x9a\x04\x9d\x97\xe7I\x88\x8c\x87\xcc\
\xbc\x8dN{|]\xdd\xabC\x97\xfc\x5c\x8d\x1956\
\xd58\xbe\xf8\xe2\xd3\xf8\xfb\xbf\xf7w\xe3\xe1\x83\x87\xd6\
I\x96\xb8\x88)\xe7\x95)\xa5s2\x22\xd6\x85\xa7\xc0\
\xe3\xeb\xb7\xa2\xa4<\xbbe\xcc\x90\x8c0\x86\xc7<\x0c\
\x22\xaeW~+|U\x0dy]#\x94k\xd7o\xc6\
\xef\xfc\xd5\xbf\x16\xaf\xbf\xf6\x9a\xdb\x08\x0d\xd2e\xa8\x01\
\x8f\xec=\xe4\xad\xc0\xb7u\x99\xfb\xceWuB\x99t\
\xdc\xd7\xf0jUC\xaf\xe5\xa5%\x1dW\xe3\xe1\xc3\x07\
\xf1\xe5\x97_\xc4\xdd\xbbw\xec@\xb0\x87Tc\x80M\
\xef\xd4\xda\x91\xa7\xb3\x13\x8f\x1a\x8a;\x0f\xdaR\xc9\x84\
\x13\x85!fj\x92z\xc0(\xd0Bh\x97\xfe\xa1\xcc\
\xbd\xec\xb5\x9e_\xae1\xa8\xbc\xacfoI\xe6\x0cO\
\x91\x01s^Cr0\xa0\xc3\xa2R\xcb\x8a\xa4\x8a\xcb\
\x10\xd3\xf2\xe9oH\xaf&bp\xf4\x5c\xcc\x9e\x17\xce\
\xcez\xf4\xc4C\x08\xa6\x9d\x98\xa7{\xfb\x8d\xd7\xa47\
W\x15\x15\xbe\xb2\x1e\xf3\x81\x8b\xb9\xb6\x0c\xfa\xfe;\x7f\
\xf97\xde\xef\x93H\x1a\x0d\xbe\xc2!w\x10\xa3\xc3x\
{G\xee\x99\xc2\xed~+\xc3A\xd6=\xc9\x880\xf1\
\x0d\xb2\xa4\x80\xa750\x831\x92hS\x08\x10F\x09\
\xf5O\x18_\xb4(\x8d\xa1\x80n!+\xffp\xce\xe4\
zy\xfb\xda\xbb\x0c\xeaHE&\x11\x8e\x9d\xb4N\x96\
\xa7\x15@\x01\x14\xf8Fu\xde\xad\xf0]\xa9N\x03\xf0\
\x5c\xe7\xfb\xb4`Y\xd4\xe1\xec$\xbeU(\xe5\xb4$\
\x0b\xafU;G\xf9,\x03\xdf\xa0.*\xb0\x81Q\x03\
Uo\xcb\x1c\xc6\xcc\xf4l\xbc\xfb\x83w\xe3\xc6+7\
\xe5\xe6\x0f\xa5\xa6a\xe8\x14\x8bf`\xbb\xc49\xf5I\
~\xa8aE3\x9f@\xd6\x81\xf0\xe3\xc0\x9a<\x96?\
\x8c\x8e\x8e\xca\xbb\xd8\xd6p\xf0\xa1\x8f\x9e$V8z\
f\x94>\xe6\xe4{7\xdd\xe3\xf0\xb4\xfa\x85\xd3\x12\x07\
zmy\x088\x82\x18\xf9\xa6:u\xe6]\x9b{M\
y\x083^\x81\xcf~^,\xe3\x80\x1f\x8aZ\xcf\xc9\
\x0d\xb1J\xdf\x06h\x13\xab2\xde\x94\xc9\xde\x09\xe1\xa2\
\x81Q\xc0\xdb\x9a\x95\x172\xad<\x18&\xb2\x9a\xfc\xc2\
\xf9\x8b\xde\x00oo\xb7\xa5\xc6\xbf\x16\x9b\x92\x09\x1b\x1e\
\xeead\xd4F\xbdI\x81*\x80*\x85\x8f|\x15(\
y\x12i\xd9\xb1*\x0f\x9d\xf3\xa4\xdf]\x15\xbd\xbd\x0c\
\x15u\x83\x9d\x85W\xdae\xce\xb7\xf5\xba\x83`\x0e\x0e\
GE\x115\xd4k\xc6v\x8b\xf95V\xc1\xef{\xaf\
+^|\xc6\x13[X^\x8b{\x0b+q\x7fy%\
\x16dl1\xb8\x1b\xf2\xa8\xf2\x09\xf2\xbe\x9f\x92\x9e?\
7\x1f\x93\xd3\x13\xa2\x0fO)c\xa4\x90\xbf)\xeb\xbe\
\xbf\xfe\xe3\xd7\xde?\xa4w\x12G\x93c\xa31\xa2^\
`\xb82@\x07\xb2\xca\x8c\x95\xd9\xb6\x94\xad9zY\
\xb9*\xe6HHAY\xc9\xca\x8acT\x82\x02\xba\xe0\
\x14\x18T\x1c\xaf\xab\xf1_\x1e]\xd9:\xc2\x82\x8d\x10\
\x95\xa1^\x84\xf9*\x0c\xd6\x80\xf2\xa6B\xa8\xab\x5c\xeb\
\x02\xe5*~\x05\xe5\x0aZ\xd9\xa28R\x99\xa4\xf1\x1d\
\xf3@#8\x0a\x1d\x1a\xa7\x05\x0b\xcc4\xcf\x06E\xc0\
m8;\x89o\x17(c)\xe7\x09\xe5\xb5\xf2H\x9e\
4:\x0a\x83!@\xbe|\xec\x01C\xc5\xf9\xeb\xaf\xbe\
\x11o\xbd\xf5\xa6\x1b\x11.>@,\xd7>\xf3$R\
\x18k\x81\x8e\x1d\x99\xa2(:\x98^\x07\xcb] \xeb\
9!\x8d\x90\x1a\x8a\xf4\x04%\xbfw\xefN\xac\xc8\xcb\
\xa0\xf1\xb0\x04\x86\x8e\xd6\xb9\x98\x00?\x9d\xb4\xa7\x81\xe4\
\xab\x1b\x055\x1e\x12R\x06\xa9\x1f\xbd\x1e\x8a\xf1e\x17\
\xd6\x08N\xcd\xce\xc5\xdb\xef\xfc \xde\x91\xe1\x9e\x9b\x9f\
\xf7\x5c\x90\x87\x8a\xe2+\x8b\x9b\x7f6\xaa\x84\x93g*\
\xbc\xb3\xe3\xa1\x94=\xcd\xea\xda6_\xe7\x18\x0fZ\x0f\
\x86\x19\xafuxd\xd4K\x22\xae\x5c\xb9\x1aW4D\
\x9c\x9a\x9c\xf2bK\xda*\xeb\x15\xa1\xc9\x06\x86\xec^\
A\xfb\xdaV8\xdbJ\xef\xc9\xa8\xb6d$\xd8\x96\x87\
'u\xbc\xb0\xcc\x94xKq)\x8b=k\xa59<\
h\x12J-\x0b\xdd\xba\xfd*^K\xc6\x98\xf5c\xf0\
\xaf \x8b&\xe7\xd4\xf2C\xa7\xf0M\x99]6\xf1\xd0\
7 \xc7\xa61\x22\xbb1\xea'\x81\xbc\x9e3:2\
\xe6\x87h<\xe1\xc5\xe3\xa4\xf3\x99?\xafa\xe0\xd4x\
5\xa5\x96\x9ee\xb1\x1e\x002\xe8\xfbo\xff\xf4\xed\xf7\
ah@\x89Fd\xa4\xe6\xa6\xa7\xe3\xfa\xd5\xab~\x0b\
\xbe!\xd7\xb2WB:\xd8\xdf\xf3\x92\x06\xdc\xdc\xa6\x18\
\xf6\xfbY\xd4\x9f\x04+6S\x90p-\xa4\x10<\x02\
\xb5\x82*#\x1b'\x0a\xe6s\x12%dE\xf3D \
\x85\xd9\x92\xc1\xe4\xc5\xe5\x1c\x02r\x9f\xa5\x12\xc8#\xd3\
\x16\xa8_\xe5\xdb\xf7I\x13\xc18\x1b\xae\x1d\xd4I\x93\
\xd0}\xfdt(<\x9e\x15\x8a\x80\xdbpv\x12\xdf*\
\x94r\x1a\xb9\xe6\x97\xffZ\xb8+\x1b\xb5U\x1d\x1bu\
\xdel\xf2\xd2\xf2~\x5c\xd7\x90\xe7\xdd\xf7\xde\x8d+\xd2\
\x1b\x16\x81\x16:\xd8,\x9f\xd1\xb3\x19\xaa#\xe995\
\xeaGuG\x95\x11V\x82\x81\xa2S\xfc\xd1Ts\x88\
\x9a\xe1\x18\x8b\x05yV\x0b\x8b\x8f\xc4G+=}\x85\
e\x8c\x02\xf5\xf3\xa7C\x96\xb3\xe4~2d\x1c\xb1\xac\
\xbc0\x9cx,\x18\x00\xda\x06O\xb3\xdey\xf7\xc7\xf1\
k\xbf\xf1\x1b~M\x88\x91B\x01\xd6!!\xc1v\x0e\
\xa5\xdc\xb5\xec\xbc\xfa\xbd\xa2_\x22\xba\x9d\x09\x8a\xf7c\
\x83-\xa3\x92\xb71\x06\x1a\xfe\x0d5\xfc\xd8\x9fIy\
\x7f\xa7OC\xc1a9\x1e\xe3\xf2\xc0\xfaF4\xdcb\
\xeeImY\xdeE\xec\x0f6\xa2\xa5k\x8c\xd3>\x9e\
1\xbb*\xeck8\xdf\xa3\x0e\xa0\xb7!\xef\x88'w\
\xf2\x96qPx\x0a\xc9\x92\x03]\xb7x\xa1Yu\xdd\
\x94Qfy\x02#!\x8c\x14\xfc\xb3\xb6n\x00\xa3\xa4\
\xa3\x8d\xb3x\x84\x8f)\xf1t\xe1\xe2\x15\xbf\xc0}\xed\
\xfam\x0d\x89\xdf\x887\xdez+^\x7f\xf3\x8d\xb8v\
\xedJL\x8c\x8f\xd9\xb86\xa43ss32\xb82\
V\x12\x12E\xa6|\xdd\xc6\xaa\xe7\x0f\xfe\xb7\xff\x0eR\
\xb02\xd8\x95V\xe1e\xbeu\xa5T\xd2\x8e\xb5\xcd\x8d\
XZ\xd7\x18Yc\xcb{+k\xf1h}3v\x98\
\xbb\x92\x14\x87\x06Y\x07\xa5\x22\x8b\xb9\x81\x1e\xb9\x84J\
7\xa0\x0a\xca9*e\xa2\x5c\xc9*\x95[\xe4p-\
k\x80A\xdak\xed\xc5\xca\xda\xaa\x94~/&5v\
\x1dQ\x8fa\x13\x87\xbb\xe9tPH\x86\x81re\x9a\
\xbc\x09\x0a( {:\xc2\xe8\x15\x94[]\x0b\x14!\
\xe9\x9c\x0d,\xa0\xa2<g\x80\xef\xdb\x9c\xd5I\xe5\xc4\
0$\xe8D\xe5\x91^\x1e\x89\x87\x91bq\xe6\xc4\xf8\
T\xfc\xf4\xa7?\x8dw\xdey\xdb_\xdfEm2\x9e\
$N\x5cW9\xcd4OS\x138&\xb8\x93A_\
*\xb0'Q\xdd\xcc\xb9\x9bLC\xb7T\xf4\x87\xc6\xba\
\xb3\xbd\x1e\x7f\xfa\xc7\x7f\x18\xff\xf0\x1f\xfe^\xdc\xb9s\
\xd7\xba38\xc0\xecl\x95/\xf1h\xfcg\x80Lw\
<\x0d\x22\xaeHV\x8c\x8b#\x8c\x87\xceve\xb0\x99\
\xd7e\xad\xd4\x1bo\xab!\xbe\xfd^\xcc\x9d?\x17\x0d\
\xcf\x14W\x05\x11\xe0[\x15\xbe|\xe4\xb4Vn\xa0K\
m\x9c\xbeW\xce\x01Tl\x18\xb8V\x1a<\xb52\xc1\
\xcfufs\xe8a\xd7\x87\x1f}\x12\x9f|\xf6Yh\
\x8c\x16s\x97/FKF\x9c%\x1f\xfb\xe2qO\xde\
\xd2\x9a\xbc\xabm\x8c\xcd\xd6n\xec\x0879b\x904\
|;\xe4\xa5\xf1\xcd\xf5\xd8[[R\xc16bB#\
\xabA\xf1\xd4'G\xa5\xbf\xaf\xc7\xc3>j\x91\xc9\xf3\
\x96\xf2\x1f\x1a\x1d\x89\xf3\x17/\xc4\xc5\x8b\x97bzn\
.\xfa\xe5l\xf8eh\xdd\xc7\x10s=00\x22\x0f\
OFP\xce^O\xffP\x0c\x8d\x8d\xc4\xc0P\xae>\
\xd8\xdb\xd9\x8b\xa5\xc5\x95\x18\x13\x9dW_\xbd\x15\xd7\xae\
^\xf2\x1c\x1b\xb6\x08C\x85\xbb\x92f9e\xd6\xf3\xe5\
\x7f\xfc\xbf:\xdcW\x06\xb9(s+\xd677\xc5\xcc\
A\x8c\x0cO\xc4\xcc\xe4\xb4\x92\xe1J\xca\xfdS\xe1\xef\
\xaem\xc4\x9f|\xf4q<\x5c^r\xafy !l\
\xae\xaf\xb8\x22\x98\xbb\xa2W\xcd\xf5Q\xca\x00\x01\x0a\xed\
\xee\xca\xf0 T\xafr\xad\x01\xf1\x18\xdb\xf2$\x81\x8a\
@\xe1X\x83\x01{\x90 -v'k6\xa1T\xef\
Y\x8cU\xb7\xc1;-X@0rF\xf8\xe50V\
\x95\xcc\x8e\x94\x85\x86\x91O\xa0\xb6\xb6\xf6\xd4{\x8e\xc4\
{\xef\xfd(~\xfc\xe3\x1f\xfbS\xe1\xd08\xac\xf6\xdc\
\xa6\xbe\x15\xb9J\x9f\xb5\xd6\xde\x8f\xbc\x06\x8f3V\xc5\
P\x01(\xaf\x0d]UV\xf2\xd9W'\xf7\xc5g\x1f\
\xc5\xdf\xfb{\xbf\x1b\x7f\xf6g\x7f\x16\x13\x13\xe3~\xe0\
S(Y\xdf\xba\xf2z\x1a\xa4\x0c\x8e&Bw\xac?\
\xe2\x13\xdb\xe7\xc6#>\xd8\x0db\x8b\xc5\x93\x92\xc5\xe5\
+W\xfc.\xe4\xed7^\x8f\x89\x19\x19*y/\x94\
\x03\xfd\x87g\xf4\x18G\xa0[\xc6\xe5=\xc2\x02\xdd\xb2\
A\xf9y\x95\x05\xa8\x97\x9d\xb2y\xbd\x96\xcf\xc5\x1f\xf7\
t\xbe!\xa3\xf3\xf1\xe7_\xc6G\x9f}b\x8f\xea\xfa\
k\xafEo#'\xbf\xa1\x82\x1cY\x80\xd4R<\x86\
\xac<\xb5\xdb\x96\xd7\xb4\xa7<0fj\xf8\xb1\xb6\xb8\
\x10\xab_~\x1e\xbbK\x0f\xe2\xdd[\xd7\xe3\xe2\xccd\
\xf4\xb5v\xa2\xb9\xbd\xe1<\x18~\xe3\x5c<\x5cZ\x94\
\xf1a\x9f\xfd\xd7\xe2\x95[\xb7b\xf6\x9c\xea\x7f\xa0\xd7\
\xaf\x0d\xf1\xca\x1eu\xcd}\x05\xca\xb0\xf5)/\x1e\xb4\
\xc8\xeb\x1a\x923T\xf1\xcc>_+Kk1\xa6\xe1\
\xe0\xad\xdb7\xe2\xea\xd5\xcbr\x96\xf2\x1er\xae\x1b+\
\xf2\xee\xfbw\xfe\xcd\x7f\xf5}\x96g\xd0\x93\xael\xac\
\xc7\xdd\x07\xf7b\xe1\xe1#\xeez\x0b\x08&\xd5G'\
'e\xa5/GC\xc7\x85\xb5\xf5\x18\x1a\x1e\x89\xb7y\
\x05B\xe3\xe5\xd9\xb1\xf1\x98\x1d\x95\x91\x91\x0b\xc8\xe6[\
L2\xae\xb3\x17\x11\x9f_\xd2\xf0\x0ec\xc4{Ge\
\x02\xb4\xbb\xc20\x94\xa4!\x9c\x97\x97\xf1\xce8'\x16\
\xc7NC\xaf\xc2\xf2\xa2\x82\x8eB\xe3>&i4\xc4\
!\xfcTp<\xe5i\xc0|$\xd13ArZ\x83\
\xb3\x93\xf8V\xe1\xc4r\xd2\xd8Q\x15y\xbf\xdcb>\
\x03%\xe2I \xc3\xaeFc(^\xbd};~\xf4\
\xe3\x1f\xa9g\xbd\xe8\x87-m\xb1\x0b\x89\x9bt1\x1f\
4\xf8\x13\x1a\xa3\xa0;oW\xb7\xd2\x1a8@\xab:\
-\xf3 \xfeS\x1a\x96\xf7\xf1\xf4\x8duW\xe4\xc7\x0b\
\xb6E\xc7l,\xcf\x08\xc9G\x87\x17{\x97\x84\x09\xc9\
\x9f\xe5\x01L[p\xdc\xdc\xdc\x8eM\x19+<\xaa\x9f\
\xfc\xe4\xd7\xe2\xedw\xde\xaa\x165\x0e\x99Did\xe6\
\xc5(\xf9\x98^\xa2\xef:\xbf\x1aT\x97\xc4\xe3\x14\x83\
\xe7\x86\xabx\xd0)2\xcdH\xd59t\x15\x9b%'\
l\xee\x87\xb3\xb1\xb8\xbc\x1c\xd1\xe8\x8f\xe9\xf3\x17b@\
\x86\xa0G\x1eN\x8f\x86\x8a\xbd:\xf6\x8e\x8e\xc7\xc0\xf0\
\xa8\xbc\x1e\xd6;\x0d\xc7\xc8\xd8d\x8cO\xcd\xcaQ\x98\
\x89\x99\x9999\x1d\x8d8\x941kH|\xef\xbe\xf1\
j\xdc\xbcq%\xe6'\xc7bj|8\xe6ff\x84\
\xd3\xe6\x879:\xa6m\xae\xca\x06\x5c\xbet\xd9\x1f7\
\xc5\xf3\xf2>]\xd2\x11\xd6\xdf\xb1*\x9e\xbd\xac\x5c\x9d\
2T\x5c\xdb\xdb5\xcf\xfaS\xf3e9\x14\xef\x80N\
\xcfLi\x188\xa1tY>\xea\x18\x19\xf2\x97\x01\xba\
n\xf5\xca\x8dUo\xc8\x96\xc6M\xa5^\x93w\xf5h\
y%\xd6\xb7\xe4\x0e\xee\xefJ\x0824\x03}\xd1?\
4$d\xb2\xac\xe1\xcd\xe1\xdf|\xfd\xad\xf8\x8d\x1f\xff\
$~\xebG\xbf\x1e\xbf\xf6\xce\xbb\xf1\xde\x1bo\xc5\xdb\
\xec\xb9}\xe1\xa2\xd7\x83\xe4\x5c\xd4nllo\xc6\x9a\
\x0c\xdc\xd6\xce\xb6\x9f\x12t+\xac'\xe5\x04(\x17K\
%\xcc\x9c#1\x14e((\x96)\xad\x5c\xd1C\xd0\
\xf3T\xf0\x8eBRxP\x92\xb5PH\x87\xd5:\xaa\
\xa8\xa8\x1a\xce\xe5\xd9\xf1\x14@\xebbB\xb0\x86\x87\xbd\
\xc2rdO\x1c\xe5\xff< e\xa0N\xe0kb\xbb\
\x01\xb4\x81:@\x86\x84S#\x0d_{i\x83\x1a\xea\
\x88:\xab[\xb7_\xb1\xa1\xba\xa0a\x00O\x8c\xd3\x9b\
\xcazL\xc3F\xe3V\xf2\xaa\xc2\xf9E\xf9\xf0\xc29\
\xba\x01\xda\xb3\xc8\xfb@1T4\xca\x0c(\x87*\x9d\
\x82\xfd\x92<\xe7\xd2\x95au\x92\xe7\xd5 \xe7\xe6f\
e@y\x08\xa4\xb8\x95N\x10\xe74@\xd9\x0b\x02~\
\xe3Byh\xf4e\xef\x92\x0d\xf4\xfcn\xaczt\x7f\
,\xa1y\x10\xab\x1b2Tjd\xe3\xea\xbc\xdf~\xe7\
=\xc9\xe255\xfaq\xd1P\xbe\xe2\x1d\x1eK\x19R\
\xc6}\xa2#\xfa\xe4Q\xa1\x97\xfa\xe8\xb4\x8e\x05J\xff\
\x0c/\x96\xa7i$\x02\x1e\x12r\x9fs\xe5\xc3:6\
{\xa7j\xe8<\xb9\x97p=\xb1.\x93\x11\xfb\xeaD\
\xb6\xa5\x8b\xdb\x12\xce\xd6>\xbb@\xe0P\xb0-\x8c\xca\
\xc3<\x95xV\x0b\xf7\xd4\x0f\x06\x86\xba\xeb\x91\xa0=\
\xec\x1b\xd4HI<\x0c(\xfd\xa0\xda\xdd\xb0F2\x0d\
\x1c\x0f\xd1\xeeW\xbb\xf5Q\xa9\x89\xe3yj\xc9\x1d\xe7\
\xa61\xc8\xce\xa1l\xc8\xc7\xd4\xd0\x80=\xf0a\x0c\xa4\
\x1c\x1a\xfbL*lvb\xe4\xa3t\xb2\x8c.\x9ah\
#;\xf4\x83\xfa\xa0\xb3@\x85\x12H\xd9\xdbT\xa14\
fUD&\x0b\x9b\xad\x1e\xbf%\xcds\x00V\x1d\x97\
\x04\x96\xbd\xae\xbd\x87\x8d\x87|\x8d\x18\x1a\x19\x8bAY\
nf\xf6\xe7g\xe7\xe3\x95\xab7\xe2\xc6\xb5\xeb~\xa4\
\xca\xa3T\x86\x85\x1e\x02*c\x08\xb8\x12\x94G\xa9H\
\x8e\x8c}\xdb=F\x15\x0ec\xfe\xd5\xc1O&0\xc1\
\x82,`VX\x025\x0cVpR\xcd\x7f' \xc6\
\xb3\xe5U\xf8\xfd\x03\xaa\x03\xa0n\xa8\x07\xb6\x0fj5\
y\x94\xdd\x17W\xae\x5c\xf6\x1c\xd5\xe5\xab\x97T\xc7\xf4\
\x98R/)7G7.\xea\xe4IE\xa7\xe1\x12\xcf\
\xd8\xa9\xab2/\xf3X\xb0B\xd0\xf1\x88?\xa5c\xea\
avv._Oa\xc8\xa1{<\xb5f\xd0\x93\xb1\
N\x82\xc7\x85W \x1e|P4P\xed\xdb\x1e\xcb\x81\
t\x8a[\xac'\xa3\x7f\x9d\x9e='C\xf5n\xbc\xfb\
\xde{1)\xaf\xa2\xb7\x97\x07\x0b\x98T%\xa8\xca\xc0\
\xdc\xad\x0d\xccS\xb2|\x12\xd8xB\x92\x0bh\x15P\
\x1e\x96\x15\xa8\xfb\xd4\x17\xf2dm\x13\xdd\xecN\x93'\
}2Vj3\xec\xfc\xb9\xab\x82\xec4#\xb6\xf74\
\x84\xdf\xdd\xd79{Ya\x88\xe5\x14`\x8ce\xb0<\
LW\x16F\xd1\xcbj\xa2\xdd2\x15\x8fq\x12J\x0f\
0R\xbd:\xefU\xb8\xa2(_\xb9\x15j\xeb\x83<\
\xe9S]LJ6\xe33\xf31&\x8fmbz6\
\xa6t=s\xee|L\xda.\x8c\xa9\x93\x19\xf5\xf7\x05\
y\x0a85=\xe5\xe5\x18lN\x98\xbbV\x1c\x85\xd2\
\x94\xa9\xcf\xde\x18h\xc5~\xaf\x86j=-\x15\x0ac\
\x85\x01\xe1)\x07\x05\x90\xa00Zf)\x85Oe0\
g\xc1X\x1dC\xb3'\x86\xb7[\xcdX\xde\xda\x88\xbb\
\x0b\x0f\xe3\xab\xaf\xbe\xf2:\x8a\xf2\x9e\xdfX\xf5\x22$\
\xeb2l\xb4\x04E!\xf9-\x0aZz\xb6\x02e\xd5\
l\xc7P\xa55~\xfa\xa4)\x1c\x12\xf7\xeb#|\xc1\
\xdf\xd7\xc5\xee\x0a\xf8>\x00U$\x11\x18Z\xfb{\xb1\
\xab:\xce'^Sq\xf3Uy\xd07n\xf8\xd5\x09\
\xd6\xeb\xf8\x8d\x05t\x83\x87\x22]2<\x09X\x87W\
\xe6\x16\xcbS.\xe4t\x12\x14]9\x02\x0a#\x1d\x1d\
\xe1\xf8\xf8\xa4_\x02\x1e\xd2\x90\x86\xa8L\xc2\xe3m\xa0\
\xe4\xdd\xbc$\x1e\x0d?\x09\xc8\x91\x06\xcb\xfa$v\xce\
\xa4\x13gO\xaa\x0d\x0d}\x0e5\xd4\xbc|\xedj\xfc\
\xe47\x7f#~\xf2\xeb\xbf\xe1\x9d\x13\xf0&r\xeb\xe5\
4\xbe\x18\xa8~\xe9*S\x1f\xa6\xa7lJ\xa3;\x0b\
8\x9dH\xd8hr\x14\xee\xabS`!5H\x98\xc3\
\xedh\xa4\xae\xe1L\xe8\xc7\xf3P\xdb\xad\xfd\xd8\x14\xdf\
;{\x18\xa7\x0e\xee\xb6\x0e\xfc`\x80w\xf6tK^\
\x98P2k\xa9\x1e\xc9#\xe9K\x86:\xa6\x83 >\
\xa8\x1f\xe5\xc3\xca\x01F9lh\xc0\xb3NV\x11`\
$y\xe2\xd8;,\x07F\x86gTC\xe3)\x19\xa7\
\xb9\x8b\x97bF\x9e\xef\xf4\xfc9\x0d\xf3\xe6e\xe0\xe7\
cf\x8eE\xa1\xd9\xc1\x9cS\x1c\xde\x99\x04''\xa6\
D\xa7\xdf\x1d\x03\xde^K>[KF\xb4\xa9k^\
\x8d\xdeQ\xa5\xf4\xc6\x902\x97\xc1:\xec\x17\xa3\x12\x8a\
\xd7\x5cHB\xd8L\xd89\x10#\x18-\x16\x98a\xa0\
\x5c\xdb\xba\xe6\x05\xc7{\xf7\xef\xc5/>\xfc0~\xef\
\xf7\xff\xcb\xf8;\x7f\xff\xef\xc6?\xfc'\xff8>\xfb\
\xe2\xcb\xd8\x97\x80\x06Uy\xa3C\xc31!k;.\
+\xeaWh\xba\x95D\x82H\xc3'\x16%`\xd8\x01\
P\xd0\x82\xba\xaa\x8e\x12\x8a\x93q\xfe\x12\x9e7 s\
&Sy}\x84\x05\x8f\xaa\x85\xb8x\xe5b\xfc\xc6o\
\xfd\x96\x8d\xd5\xb0: +\xa9\xaa\x8c\xc7\x1cth\xcc\
Mf]\xa9cc\xceB\xf7\xeb\xc0\x1di\x90Q-\
,\x1b\x80\x91\xde\x1b\xad:\x0a\x85\xd6\x89\xa0{\xc4g\
\x81\xf2\xc4\x84zf\x9e0IA<\x15 \xbd**\
\xf6x \xc2\xf1Hn\x9cj\xa4p\xcb\xae\x00L\xa4\
oo\xb3\x03\xc2\xaeG\x11o\xcb\x93\xfa\xe7~\xe7w\
\xe2\xbd\x1f\xfeHCP\x96\x0a\x0c\xba\xac^K\xa5\xf2\
\x82.\xb7\x1a1\xed\xc94\xbf\x01\x95E\x16F\xd1\xc4\
\xa0\xb0\x96\xcd\xed\x88k\xdf\xb7Tm4\x19\xce\xed\xb6\
Z\x9eSc\xef\xf7myR\x18\xa6\xa6\xe4\xac\xff\x1c\
\xe2*.\x13*\x1c1\xee\x18;\xaf\xbd\x82g\x19\xc4\
\xc22\x97\x5c\xf1\x87Lx\xfd\x06\xa3\x95\x86K \x82\
tb\xbb2`\xbb\xba\xdfT;\xf6\xeb5{M\x1f\
\xb70\xf2;{\xb1\xb2\xb1\x11\xcb\x1b\xeb^$\xba\xb1\
\xb9\xe59?\xde'\x85\x1f\x16\x16\xc3\xeb\xd2\xdaz,\
\xad\xae\xc7\xc2\xcaZ,\xf0B\xf5\x92pq9\xee\x0b\
\x1f,.E\xcf\xd2\x1f\xff\xaf\x0fWW4\x06_\xdf\
\x8f\xcf?^\x8a?\xfb\xe3\x8f\xe5\x19\xady\xad\xd5\xeb\
\xaf\xbd\xea!\xde\xa1\x5c\xcb\x96\xc6\x9b\x0b[\xdb\xf1'\
\x7f\xf1\x0b?\xaa\x9d\x93\x05\xed\x97\x01[\x957\xb5\xba\
\xb8 \x81\xb080\x95\xd4[N\x0cd\xe5\xf1\xb1\x00\
\xfdV\xcaX\x19+\x22\xea\x9e\xe4\xe7\x15\xad\xdb[[\
~\x128\xa9^\x12\xef\xcb\x8f\xa8\xad\xf8\x8e\x96\x02\x93\
\x12\x15\xaf*\x958\xcf\x13\x10y\x1d\xb8\xdf\x15\xf6\x0c\
]\x1b\xd9@\xe9(t\x85\x9cB\x13\xdb\xc3\x83\xef\x0c\
\x9e\x96w\x96\xa1\xf3\x9b\xc3\x1e\xd6Q\xb1\x7fT\xff@\
#\xce_:\x17?\xfa\xd1\x8f\xe2\xd5\xd7^\xb3\xfb\xce\
4\x00\x93\xa7\x981\xa8\xe3Ip\xcc\xdf\x0aD\xcaO\
f\xf3T\xf1\xf5{\xf4\xb6/\x91M\xe7<\x81\xe3\x11\
c\x85!*\xa7\xd5\x11\xd8\xdb\xdb\x8a\x9f\xff\xfcg\xf1\
\xbb\xbf\xfbwb]\xca\xceDv\x1a\x0e\x8cai\x8e\
\x95\xf4\xcdc'\x07\xd7/z&\x1e=|E\xd9\x14\
\x8e\x91i\x1e\xee\xc5\xb6\x1aQK\xbdw\x7fo\xc3\x8f\
\xe7\xaf\xc8\xa3z\xe3\xcd7\xbcj\xdc/\xfb\x8a\xa7\xf6\
Z\xaa\x8a\xb9\xf4F\x92\xf6\xd3\xe0,*y\x92\xe1.\
\x1d\x7f\x11+O\xfaV\xd67\xe3\xf7\xff\xf8\x8f\xe3\xb3\
\xa5\xd5\xb8\xfc\xeak\xd1\x98\x9c\x89}\x0d\xd1\xfc\xed?\
Y9\xbeXCy\x91\x83\x92:\xad\xcb\xae\x93^Q\
X[Z\x88\x85O~\x1e\xadG_\xc5_\xf9\xe1\x0f\
\xe2\xda\xd4X\x0cl.Fs}%\xdfn\x91p>\
\xfb\xf2\x8e\xf0\xab\xe8\xe9o\xc4\x1b?|7.I'\
\x86d\xb8\xf7\xd4q<X\xde\x88\xcf>\xbf\xe3\x8d\x12\
\xe9\xe4\xb2?b\xf9\x04\xab\xdaYB\xd1L\x0fPy\
z\xe5\x80hz\xfe\x12#+~\xdc\xe1\xe9\x88W\xda\
.\xb1x\xe3\xbcg\xf7\xc3\xbf}\xb8\xb1\xb6\x19KK\
\xdb\xf1\xe7\x7fr'\xfe\xe4\x0f?\x88\x85G\x8b\xde\xae\
b^\xee\xda\xe0\xf0\x90{\xce\x1d\x11]\xdd\xd9\x89\xaf\
\xee=\xf2\x10\xaf!b\xec\x188$\x0b\xef\xa70\xaa\
4\xd7u\x01eX>H\x99sV(\x8aP\xe9\xe0\
\x8a\xc9K\xbc5\xac\xe7\xee\xe6\xa6\x8d\xd5\x8c\x5cA\x0c\
\xdb\xc1!on\xb3\xbdr%HN\x9e\x05lH\xaa\
\x22\xe3\x02\x9c\x11JoV\x07\xfc\xcd\xb3\x02\xc6\xca\x85\
\xf9\x16\xe0\xb8\xacP\xe6\xa7\xe5M=u\xcaK\xec=\
u\xbf\xdb\xdbM\xd5uK\x8d\xf4r\xfc\xe8'?\x8e\
\xb7\xde~+?L\x8a\xa2I\xb90V\x00y\x12&\
\xfbp\x14\xac\xa8)/nI\x0d\xd1\x00\xd3\xef\x8e\x0a\
<\x89K\xe2S\x0c\x8e\xd6$\xe5I\xbe-Y\x93O\
>\xfe ~\xf7\xef\xfd\x17q\xff\xfe\x03\x1b+x#\
\xb7\xd4\xbf,[RO=-\xb9\xd3x\xf1\x9e(s\
zG\xf9\xb0\x86\xcex}g]C\x90\x88\xd1\xc1\xb1\
\xb8q\xfd\x95x\xe3\xad7\xe3\xf2\xe5\xcb^)\xce\xfe\
M\xe4C\xdfY\xb4\x8a=\xd4\x01\xd2{\x9e\xe9\xec\xea\
\xf65@\x8c \x0bq\xc3\x03\xb2?\xf8\x93?\x8d_\
\xdc{\x18s\xd7^\x89\xf1\x0b\x97\xe3\xc0\xc6J\x0c\xd9\
Xe;,u\x8d\xb1\xb6q\x17\x09&~\xd6\x96\x1e\
\xc6\xa3\x8f\x7f\x16\x87\x8f\xbe\x88\xdfy\xaf2V\x1b\x8b\
\xd1\xdaZ\x93\xb3\xc8|v\xc4g_\xdd\x89\xcf\xbf\xb8\
\x13\x87}\x03\xf1\xc6\x0f~`c50s.\xd6E\
\xe4\xf3\x07\xcb\xf1\xf1\xc7\x9f\xc6\xa2<\xa1-yu\xf4\
U\x0c\xa3\xf1\xdc\xc8\xcf\xfa\xa0#\x19\x96\xb6\x9d\x9d\x18\
\x06K\x88\x1eU\xe1\xdd\xd0\xb3\xf3\xc1\xdf>\xdcT\x01\
\x97\x17\xe55\xfd\xd1\xe7\xf1O\xfe\xd1_\xc4\xe7\x9f}\
\xe1\x1e\x83\x84l/\xcc\xe2.\xf9\xdbq \xa3\xb4\xaf\
\x86\xe7'p\xca`Hq\x86TqT?\x05N%\
PE\xa1\x96\xb6\x90\x5cgX\x8f,:\x0c\xd0\x14`\
\x9c\x1e\x99\xad#\x1e--\xc7\x9e<\xb6iyj\xd3\
\xe3R\x04\xb9\x91\xdf\x98\xb1\x22\xef\xe2\xf9\xbc4V\x8f\
\x85\xc3\x9e\x1c\xf4\xb7'\x91\xd5\x80\xf9\xba\xc9\xceN\xcb\
\xdf\xfd\xfb\xb5\x9f\xfc$\xdey\xf7\x07\xfe\xa2\x09O\xfe\
\x90I\xe6Co\x98F\x03\xc4\x7f\x04\x0a\x0f\xbc\x9e\xf1\
8c\x05\xb4\xab\xa6\xc6\x1ea\xdd\xec:\x1ea\xd2\x85\
R'Vj\xf2\xd1\xcd\xaf\xbe\xfc4\xfe\xc1?\xf8{\
\xf1\xc1\x07\x1f\xda\x88\xf0R\xefI\xc6\x0a\xef\x82tf\
\xcf\x96O\xe5\x85G\xe9!z\xc6T\x04\xf3\xa4;;\
\xf2\xa8t{Ve\xff\xc1;?\xf0\xcb\xc8\xbcFT\
\xde\x83\x15\x07\xce\x07\xbe\xcc\x02\xe4\xaa\xb2\xd8X\xe1\x81\
\x10\xf8\xad\x01L\xa8,=\xfd\x1ar\xed\xc4?\x91\xb1\
\xfa\xf3;\xf7b\xfc\xe2\xe5\x98\xbe|#z\x87\x86<\
\xf4\xe3\xc9:\x06:9\x86\xe74 \xd9\xc6:\xc6\xea\
\xc1G\x7f\x1e=\x8f\xbe\x8c\xdf\x91gu}j\xbcm\
\xac\xb0w<\x11\xc5\xab\xfa\xf4\x8b\xafT\xce\x81x\xfd\
\xedwc\xf2\xf2\x95\xe8\x9d\x9c\x8b\xa6\x1c\x9b\x0d\x09\x8e\
\x85\xa6\xebr\x80X\x9dN\x22\xe62Y\xda\x82^!\
'\xce\x9156\xa34K;1\x84\x83\xb61\xba\x86\
)\x0b\x92\xfa\x96q\xe3\x83\xa2|\xd1\x82\xdd\x17\x99W\
\xa2\xe7d\xe7\x03^\xc0d\xbfh\xe6\x02\xfa\xfbY\xd3\
\x22\x97W8(b\xc3r\xdfx\x7f\x90\xc7\x8e\x98\x1f\
\xea\xe9\x907\xaeU\xe9~\x83\xdb\x19\xd0H\xb2\x12\x11\
\x88T\xc7\xca\xca\x13\x87vs\xe7\x1c\xd3\xab\x7f+|\
\x15\xfc\xcdA),\xa7g72\xbf*\xe0=\xd1A\
)\xc9\x9e\x94qyc\xcb\xab\x9a\xcfi\xb8\xf3\x93\xdf\
\xfc\xf5x\xfb\x9d\xb7cJ\x9e/\x1e4\xf5d\xaf\x86\
?\xceu,\xe8:\x14R\xdf\xa6\xab\xf3'\x01U\xd3\
\xdd\xa8\xbb\xaf\x81T'\xe5a\x83\x92\xda\xcd\xe7\xa2\xc8\
\x86\x9c\x19\xa6z}\x90\x0c\xe3\x81\xf40\xe18!\x1b\
\x17\xd4\xcd\xecq\xa18j$\xcc\xbe0La\x89\xcd\
\xf2\xca\xaa\xdf\x81}\xeb\xcd\xb7\xe2w\xfe\xd2_\xf6^\
\xf2\xf3\xe7\xe6\xf3\xe3%U\xde6T\x94U\x9e\x80\xf3\
\xe9.\xa7\xe9\x7f\x9bP\x0a%\x0fQ<\x0e\xc9\x93\x02\
X\xf8\xe9\xaf\x02\xe9^1\xf2u\xe8\xba4\xd0F\x89\
\xb7/\x17\xca\xf1\xddST\x11u(t:iy?\
\x14\x0f\xbc\xa94\x11\xc3\xc3\xe317\x7f>.^\xba\
\x1c\xd7\xae]\x8f\xeb\xd7nx\x8b\x9b+W\xaf\xc5\xe5\
\xabW\xe3\xd2\x95\xcbq^C\xeas\x17/\xc4\xfc\xf9\
s~-iff\xd6{Y\x8dO\x8c\xdb9bQ\
m?\x9f\x99\xef\x1fV\xbd\xe6\x91\x8f\xa3\xf6,\xfe\xe1\
\xff\xe6\x90\x1d\x09w\xb6\xf6\xe3\x93\x0f\x965\x14\xfc$\
\x1e>|\x14\xb3\xb3,\x00\x9b\x93\xb5\xe3\xb1gN\x92\
\xadni\xb8\xb8\xb2n\xa6\xd9\x8e\x95*\xc2\xc3\xf2G\
\x1dd\x0br\x15\xf9\x80\xad\xe3\x81<#\xf6\xbcb\xbd\
\x11\x11\xf1\xa8\xa4V\xba\x96\xd5T\xe5RV\xde\x0c\xbf\
\xbf\xf0(\x0e\xf6\xd4\x83OO\xc7\xc4\xe8\xa4\x8d\xe2\xc1\
\xc1\x9e\xee\xf3\x98<{\xaa\xa7)\xfd\xe9\xa1\xd0\xe1\x08\
\x07m\x89\x9f\x08\xa5b\xea\x80\x07rVx\x91=+\
\x950\xa5\xa1\xfaj\xa9o]\xdf\xda\x93\xfc\xf7\xbd\xc3\
\xe5\xdbo\xff \xdez\xebU\xbf\xc9\xc0\x1a\x19\xda*\
\xa4X'C*zC\xfd:=\xf9T'm(\x9e\
\x15<!5\xe6\x22\xf1\xbe\x9c\x9fc<\x1dHK\x1d\
\xe0\x11\xe1\xeds\xce\xb60t}\xfd\xf2\xf0\x81\x85\x85\
{\xf1\xfb\xbf\xff\x0f\x85\xbfo\xc2\xbc \x0b3\xfb\xf2\
\xd0QL\xe7\x87\x5c\x0eYQM](\x12\xff2\xd0\
-\xd1b!cK\xba\xc8\x8e\x1f4\x9e[\xaf\xbe\xea\
/\x0f\xcf\xe9|ll\xd4\xf9z\x857\x94\xf4\x9f\xbd\
\x7fzX\xfc\x9b\x9c\xbc\x06\x00}\xfd\xf6\x87\x81\xc9\xc3\
\xbe\x86e{\xe2\xe3\xe7\x1f}\x14\xff\xe8\xc3Oco\
h8\xe6\xae\xdf\x8c\x91\x89)\xc9\x9e8xV\xe9\x0d\
\x03\xe9\xf5J\xb6\xba\x86\xef~\x11Y\x96,\xef\x7f\xf8\
\xe7\xd1\xfb\xe0\x8b\xf8\xab?y/n\xccL\xc6\xc0:\
\x9e\x15/\x8c\xb3R\xa0'>\xf9\xe2\xcb\xf8\xec\x8b\xbb\
\x9e\xb3\xba\xfd\xc6\x0fbG\xc7\xed\x81\x918\x18\x1d\x8f\
\xc1\xc9YQL\xb9\xfa\x09\xa5\xea\xcb/z\xef\xed\xfa\
-\x19^\xab\xb3N0\x86\x16p/\xe7\xa9\x90g>\
y\xc5\xd3\xb5\x00\x8b\x10\xa5o\xb0\xdc\xb3\xf9\xe7\xff\xbb\
C\x9exl\xac5\xe3\xe3_,\xc6\x9f\xfe\xe1G\xaa\
\xfc\x05[\xc3\xdb\xb7ni\x08\xd8\xc8G\x88\x22\xc8\xe4\
\xd9\xcf\xe4j\xb3L\x7fzj\x22\x0e\xe4\xe6m\xac,\
\x05\x9f\x1b\xc2\xab\xa2\x92X\x91\x91\xc3\x09U\x9e\x0aw\
\xd8\xabc/_\xcaA \x8d\xacd\x0c\x80\xf8a\xe1\
\xda\xe2\xeaJ\x0c\x8a\xfe%\x19\xc61Ye\xa6ly\
i\x9a\xf5\x1d9\x96\xceB\xd5\xe1\xec\xaf\xb3P\xe8\xb3\
\x1b\x99\x17\xcdX\x95!U\x01ds\x5c>\x0c\xc7k\
\x80\xac\xba\xe4\xe3\xc6\xa4r\xd0\xb9@\x92\x86\xe6\x1d\x1e\
\xe5\x9a7\x86'\xd4#^\x8d7\xde\xe0e\xd3k\xf2\
\xb0\x99\xa3bG\x83\xecd\xeapR\xdd\x1c\x01\xe5M\
>\x05\xccE5\xb7s\x16\xb0\xb1R^9\xd5\x90r\
\xa0\x11\x10\x86\xc1X\xd6\xd0\xe5\x0f\xfe\xf0\x1f\xc7\xef\xfd\
\xfd\xdfSc\xdc\x97\xb1\x1av\x19Y,iK\xa5\x06\
`\xef\x910\x05\xe1\xcd\xb3f\x8c\x86\x02\xb0\xb7\xd2\x0c\
;\x18\x5c\xbe\x1cWUf\x1e\xa5\xb3;@\x99\x0aa\
\x01j\x1d\xa0\xed\xb6\xa66\x91\x01\xd20\x08\xd7\xe0\xc0\
^\xd7\xb7\x07\xa8iY\xc0\xfa\x8bO>\x89\x7f,c\
\xb5\xa6\xf3\xb9\xeb\xaf\xc4\x90\x8c\x15\xdc\xf50\x04\xe4u\
\x15\x0b\x854\xc9\x7f\xd1#v^Y|x7\x1e|\
\xf8\x17\xd1\xb7\xf0e\xfc\xf3\xbf\xf6n\x5c\x9f\x95\x01\xda\
X\x8a\xdd\xcd\x15\xc9\x90\xda\x94\xb1\xfa\xf2n|\xf2I\
N\xb0\xdf|\xf3\xedx\xb8\xb5\x13\x0fw\x0ebS\x8e\
J\xdf\xc8\xa4\xf2\x92\x1d\x90N\xb50X:\x82\x0c\x09\
\xfd\xf4O\xf5\xe3\xfas\xfe\xcce\xe9\x1a\xde5\x84e\
\xd2\xd3\x0f\xa3\xc4\x8b\x0d\x95\x22\xf9\xdc<\xf6F\xdf\xff\
\xf2\x7f\xf8\xaf\xbc\x8f\x126\xe5\xf6//\xac\xc7\xc3\x07\
bl{'\xe6fg\xed\xfe\xd2K\xb1?\xcf\xe5+\
\xd7bb\xee|\xac\xcb\x0b\x1b\x9f\x98\x89W_}=\
.]\xbc\x18\x03\xaa\x14\x94\x88o\x8d\x81,4[\xdd\
b\xb5\xfaa4\xc6FbdR\x95>\xa2\xa1\xe4\x88\
\xdc\xb8\xc1\xfe`\xff@L\x17ks\xd0\xdbuv\x0a\
\x143\x13\xa3c\x1a\x86\xca\xea\xeb\x9e8uCz\x9c\
WU\xfa\xf26\x1c\x8f\xf2\xdc\x80\xe6qV(\x0f\x15\
\xbe\x09(\x8a\xd5\xa9\xc4n\xbaH\xb3\x0e\x5c+N\xdb\
`\xe9\xa8s\x1b*5V&\x93\xe9\xcd\xfa\xd4+\xcf\
\xce\x9e\xd7\x90\xef\x9d\xf8\xe1\x8fr\xcfp\x9e\x04c\xa8\
\xc8\x83\xc9\xd5\xba\xdc\xeb<\x14\xe8\x18\xf6\xea\xc8\xa1\x16\
\xc5\xa7%\xca\x19\xa0\xe4u$\xbf\xcaX\x01\xbb;\xdb\
q\xff\xfe\xfd\xf8\xe2\x8b/\xccC\x9f\x86q\x80;g\
\xa2\x98/\x0cs\xeeh\xba\xab\xce\x96F119\x19\
Wd\x9c\xdez\xfb\x9dx\xef\xbd\xf7\xfca\x87\x0b\x17\
.\xb8\xdc\x0c\xa7\xe8X]n\xc9\xa0@\xc93\x8f\x9d\
\xc2t\xf5\x07\xca\xbb\xc6\xeb\xb7\x058\x02*\xd7\x9a\xda\
\xd4\xbd\xa5\x95\xd8\xd8k\xc6\xd8\xf4\x8c_\xadA\xf8\xf6\
\x88\x85\x1d9\x1e\xed\x8cy\xa2\xbb\xbd\xb9\x1e\x9bK\x8f\
\xa2o{3n]<\x17Sj\xb7\xfd\xcd\x9d\xd8\x97\
gD!12+\xab\x1b\x1a.3\x87\xd5\x1f3\x1a\
\xcam\xc8\x08-\xaco\xc7\x036:\x10.\xaf\xac\xc4\
\xca\xf2r,\x0b\xd9\x5c\x8fm\x90y\xef\x98M\x02Y\
\x06\xc2N\xaf\xbc\xdd\x82\x97\x85\xa3\xc4;\x82x\xcb^\
\xbb)}\xb4Nj4\x07\xb2E\x15\xc8\xf2\x86\xbe\xff\
\xf9\xff\xe8_}\x9f\xcad\x8eb\xe1\xd1F\xdc\xbf\xb3\
\x10\x1b\x1b[\xaeH\x0c\x16\xf3X\xecI3<6\x11\
M\x8d\x1d\xbf\xba\xbf\xe0-W\xdf\xe6K\xce\xf3\xf31\
-CtY\xee\xf2\xcd\xcb\x97\xe2\xca\xb9s~\xcf\x87\
-\x8aG\xa7F\xe2\xe6\xeb\xaf\xc4\x9b\xef\xbe\x1a\x97_\
\xb9\x18\x17\xaf\x9f\x8f\xb9\xf3\xd3\xc2\x99\x98\xbf0\x1bs\
\xe7fD\xb3\xe1-'d\xd9bDy0\xd6f7\
\x07\x00\x03Xz\xd2n\x90\xb8\xab\xb3\x04\x5cJ*\xe0\
d\xd4}\x8c\xc5\xb3\xb4\x92\x13\xe0\xbb4V'\x95\xef\
8\x1c7V\x19\x0fE\xcd\x8e\x80?z\xb3]\x0d\xed\
\xa9+\x9e\xf8^\xbf\xf9J\xbc\xf7\xe3\x1f\xfa\xc3\x96l\
\xed\xc1\xb6\x1d\xee,\xecY\xa4\xc1z\x5c\x09:\x0a\xcf\
<\x07|\x96k\x84_\x9d\x168\xbb\xf8\x0c\xa5\xe3\x22\
\xaf#\x1e\xa6\xe8\xf3\xaa\xcd\xc2\xe2\x83\xf8\xfc\xf3\xcft\
\x8f\xb8|s\x8f\xde]\x1eT+'\x85Az|\x15\
\xc6\xfb>\xb1\x9d\xcd{2\xca?\xf8\xc1\x0f\xe2\xe6\xcd\
\x9b~\x90\x80\x87\x85\xce\x91Wy\x97U\x99\xda\x93\xaa\
Cz\xa6\x14\x05\x99d\x81\xbekc\x05\x1f~\xe2'\
\xde\xd9V\x19c\xb5\xa4\xe3\xe4\xdc9y\xcb\x0c\x8b\x89\
\x83\x1e\xd6G+\x15\xef\xba\xb6\xe7\xa2\xb4[\x1bk\xb1\
\xb1\xb4\x10\xfd\xbb\x1b2V\xe7m\xac\xfa\x9a\xdb\x1aE\
\xed8\x8f\xa3\xc6\xaa/\xa6%\xb7\x03y\x9e+\xdbM\
\x19\xac\x8dX\x91\xed\xc0 \xf1\xa5*\xe6\xc3Ao\x87\
^!\xa30\xf6v/CBV\x16\xe0\xd5\xb3\xd7\x96\
?\xb3\xa6\xeb\x8c\xbb\xed\xfd\xd9wvEo\x87\xe36\
\xde+\xf3J\xb0\x5c\x89\xde\xb5\xa0\x82W\x0a\x91\x93\xa9\
\xdcC\x18\xfaU\xdc\xb2\xf8\xaf\xa1\xf3\x89\xa1\x9e\x98\x94\
,f\xc7\xfb\xe3\xe2\xf4H\x5c\x9e\x1b\x8b\xd9\x89FL\
L\xf4\xc7\x85\xab\x93\xf1\xca\x1b\x97\xe2\xc6k\x17\xe3\xfa\
k\xe7\xe3\xf6\xbb\x97\xe2\xed_\xbf\x11\xef\xfe\xf4\xd5x\
\xef\x9fy3\xde\xf9\xb5w\xe2\xf2\xb5\xcb\x9e+(n\
\xbd\x15\xa5R\x18\xf2\xa8[\xfe\xb3\x83\xd2vk\xd1\xf7\
\x18R\xa9:\xf8d(\x8aX\x95_\x07DI\x03f\
7\xc7\x8d\xf5-/\xcecB\xf3\xcd\xb7\xde\x88\xdf\xfc\
\xad\x9f\xc6k\xaf\xdf\x8e\xe9\xe9\xf1\x18hH\xa1\x99\x97\
\x11\xa6j\x90\xd8T\x8e@1\x1c\x0c'\x8a{_\x9e\
0%\xd6\x8c\xca\xd7\x80\xee\xb2\x16\x9d\xe0\x17=\xf1N\
\xb6\x83\xf2\x00\xfc\xca\x8dtT\xc3\x1d\xbe\x0c\xcd\x07W\
\xd9\xb3\x9c\xc9s^\xef\xb8\xf1\xca\xad\xf8g\xff\xd9\xdf\
\x8e\xbf\xf17\xfef\xfc\xb5\x7f\xe1_\x90\xa1z\xd7/\
\xe1\xf20\xa9\x1f\xe3,\x8f\xcc\x1e\x15\xa5n\x97\xe1\x84\
\x82\xd7t\x8a\xf9\x99\x17\x05`\x0b\xdeY\xa8\xca\x03\x01\
>8\xea\xe9\x19\xca\xa1\xaa\xf0;\xb6G\xca\xd4\xa5C\
\x0a\xf7\x03/\x11*#\x1b\xe2@\x93:\xb0-Hc\
a\x80\x0c\xed\x96\x87rCC\x83\xd1\x92\xf1\xe1\xf3\x5c\
\xe0\xfa\xfa\xba\xb7a\xc6\xc3\xc2\xbb\xc2\xcbbzia\
i1\x16\x97\x96\xfc!\x0a_\x0b\xd9\xf1\xd5\xf8\xe0A\
<xp\xdf\x1f\xa7`\xbb\xe6\xfb\xf75$\xd5\xf5\xc2\
\xc2C\xc5\x97\xb7\xf7\xfe\xbf\xf5/\xbd\x8f\xa21\xa3\xbf\
\xb8\xb0\x11\x0f\xee.\xc8\xban\xc6\xf4\xe4\x947q\xa7\
\xe0\xfd\xf2z\x1a#c\xb1}\xd8\x1f_\xde\xb9/\xa6\
\xfb\xe4M\xcd\xd9P\xc5\xdeJ\xf46\xa5\xf4*\x17\xaf\
)\xee\xeci\xfc\xba\xbc\x18\xcd\xbe\xdd\x98\xbb:\x1d\xf3\
\x97\xa7\xa2g\xa0\x15}\x8d\x96,<_\xc2`9\x04\
\xef\x15\xb2o\xd5P\xdc\xfd\xeaa\xac.\xad\xca\xf0\xf5\
\xc5\xb0\x0a\xecI\xfa\x14\x85\xfeS\xf9\x11X*l\x22\
\xa7m\x15\xd1\xf9\xe3=\xab*\x8e\xd3\x95\x0a\xfaz\x80\
\xd1>+\xc0K\xe6_\xc3\x0esG\xe0\xa4\xc6\x91\xe9\
;\xc7\x0ep-\x8e\x94\x06,\x1e$\xd1\xf2\x5c'\x90\
\xd3\x01C\xe2y\x04\xb9\xdd<Pa\xdf\xb0W\xe4Q\
\xb0,\xe1\xdd\xf7~\x18\xe75\xa4\xe7c\x1d}\xaa\x07\
\xd0\xc3\xbf\xea\xafM\xd3\xe7G!Y*\xe5*\xf9\xa6\
\x17\xd4\xcd/\xe9\xad\xeb\xc9\xe0Q\xe4\xae\x1a\x87\xd3\x14\
\xc4;\x01\xdbq\xb2q\x00\xf6z\xa8w\xf1I\xb9\x96\
\xd4\x00>\xff\xe2\xf3\xd8\xda\xe2\x0b\xbf\xfd~7\xf5\xc2\
\xc5K\xf1\xe6\xebo\xc6{\xef\xbe\x17ok\x88\xf7\xfa\
k\xaf\xcb\x8b\xba\xe5]\x22\xa64r\xa0A\xb3f\xca\
\xfa\x83\x91\x22\x7f\x91'\xa76\xff\xb5\xbc\x0b8\x88\xa3\
\x7f\xab\xf3\xaez\xb37\x96\xb7\xcf\x0e\xf0\xf0\x044\x1c\
\xa1\xad\xfa\xd7o\xa9s\xea\xfa\xd1\xeaz\xdc\x97w5\
13\xaf\xceg(\xc3\xf7+\xedU\xbcd\x17\x22\xe9\
$p\x86L\xb74\x0c\xdcZ\xc1\xb3\xda\x8c\x9b\x97\xce\
\xc7$\xab\x01\xe4Y\xed\xe3YUz\xb6\xcc\xd7mV\
V\xbdVrN\xc3\xe6i^f\x1f\x1eS\x1bo\xf8\
\x85\xee\xf3\x0a\xbb\xa4\xb0\xcb\x97.\xc6%\x8d\xb8._\
\xba\xa0\xba8\x17\xf3\xe7\xe75\xcc>\x1f\x97\x09\xbb|\
!.*\xde9\x8d\xca\x18v\xef\xcb\xb3\xe2A\x1d\xd3\
N#\xa3\xc3~\xb0119\x1a\x93S\x931%\xbc\
z\xedJ\xf4\xfd\xcf\xfe\xc7\x7f\xe3}*{G\xc3\xb1\
%\x8c\xd5\x9d\xc5\xd8\xd9\xdcV\x0f;\x15\xe7g\xe7\xfc\
\xe65\xbb\x11\xb2\xad\xc4\xd6~o|\xfe\xd5\x1d\x11\xed\
\x8fK\xcaxr@E\xdcY\x8f\x1e\x19\xa8\xbeC\x09\
@tV\xe5\x06~\xb1\xf0(v{\xf7c\xf6\x92\x0c\
\xda\xb9IU\x1c\x9bq1\x81\xbb\xe7s\x89G2\x1a\
\x0cyv\xf1\xe5\xe7\xf7c\xe5\xd1\x92\x97E\xb0[C\
\xa9c\x8b\xbf\xea\xa5\x01\x1a\x8f\x85l\xa1j\x98\xa8\x13\
\xe2\x9a\x94c<\x0e\x88D\xdcT\xbe:>\x0b<\x8b\
\xb1J\x0e\xeb\x08?ms{\x04\xcef\xac\x00\x8cU\
\x1a#\xee;5\xde\x859\x95\x82\xea\x971?n7\
s\x02|\xb8\x92\x9d\x12\xde|\xeb\xadx\xf7\xc7?\x8a\
[\xaf\xbf\xea\xf5S\x03\xfd\x0d\x99\x18\xfaP\xf7\xa3\x9d\
\xa3h\xa6w}\xb2\xbc\x0a\xbf\xc4KL\x1aD\xef\x84\
%\x9a\x04\xe5\xf6y\x17\xd6\x8c\x92\x87P\xb5\xeb\xfc\xcb\
\xbc(\xa7\xc3\x81\xea\xc8\xdc\x12\x93\xe5\xcc\xbb\xcdk\xd8\
\xc3\xb7\xf7n\xdd\xba\x1d\xaf\xbd\xfa\xaa\xe7\xa1^\xb9q\
\xc3\xbb30\xbc\xf5|\x14\xc3Z\xd29q\xc5O\x05\
\x9c9?\xf2%\x5c\xd8=\x0cL~\xf8\xcb\xf8@\xb7\
\xb12\xcd\xa3\xc9N\x0di\x94\xdcJ\x5c\x97\xdd\x7f\xe4\
\x94\xe6\xa9\x00\xe7\x95>y\xc8\x1b\xb1\xa8!\xd9\xfd\x85\
e9\x1b\xa314:&\xb1\xf3\x82\xb3\xa0*\x0f;\
\x22p\xeeT$\x87]\x1d\xb7\xb6\xd6bS\xceF\xff\
\x8e\x8c\xd5\xc5y9$\xd2\x8b\xbd\xad\xd8W\x1bO\xaf\
*\x8d\xd5\x92\xbc&&\xdbY\xder\xee\xb2\xbc\xd3\x99\
\x99\x18\x97Q\x99\x9d\x9d\x8c\xcb2L\xd7.\x9f\x8b\xab\
\xc2kW\xce\xc5\x95+\xe7\xe3\xda\xf5+q\xf3\xd6\xf5\
x\xf5\xd5\x9b:\xbe\x127o\x5c\x8f\x1b\xc2\x8b\xd2E\
\xd6]\xf1\xe9yV\x02\x8cO\x8c\xc5(\xbb\x9cN\x8c\
\xfb\x05g\x90]P\x7f\xf8\xde{\xd6H\x15\x04\xe6\x93\
\x91JRU\x09\x10\x01\xf7rH\xc6x\x92\x0d\xf1\xf1\
v<\xbc\xb04\xf5\xa3S\x94\x88\x09[f\xf7Y\x03\
\xe3G\x96\x92\x84_\xb4T\x14\xbcK\x1e]{\xde\x84\
\xf4$\x92\xa2x\xa1\x9d\xdcw\xe8\xf3\xe7\x86\x81\x10\xab\
cBZt\xbf\xf4J\xba_Q\xb0\x8ckhCQ\
\xc9\x09\xf4c`i$k\xd9\xfc\xaeW+\xe7\x00\x98\
C`\xde\xe9\xdc\xf9s\xf1\xd6\xdbo\xc7?\xfb\xdb\xbf\
\x1d\xbf\xf9\xd3\x9f\xca\xb3z\xc5\x1eH\x7f\xaf\xea\x80F\
qF\xd1\xa6\xd7{4Q\xf2\x94a>?\x05\xd0\x06\
\xeax\x1cD\xa7*\x13\x8b\x89\xa5]\xc1K\xc6\xc8\x80\
\xac0V\xbc\x14\xfb\xd3\x9f\xfe3\xf1W\xfe\xca_\xf5\
\xe7\xd8\x7f\xfd7~\xc3\xaf\xc6\xf0&\x06\x0f~\xd01\
\xbc\xf6\x02\xa9\xd7'f\xf6\x8d\xc1Y\xe5yZ\xf06\
95A\x95\xfa/\x98;\xf6\xf2\xb0\x0a\xe3\xb3i\xcf\
3\x87uG\xcb\x9c\xf1sn\xae=\xe4\xe3\x1a9I\
\xdeL\xc6\xbb\xdd\xf9\xc8\xdd\xf4\xc2\x88\x8b\xf3\xe0t\x8a\
\xca<\xf5\x8c\x0c\xd5\xe5\x0b2L\x17f\xe3\xe2\xech\
\x9c\x9f\x1a\x8a\xf3\xd3\xc3:\x0agF\xe3\xd2\xb9\xa9\xb8\
u\xedR\xbcv\xebF\xbczS\x9d\xc9\xcdkq[\
\xc6\xeb\x96\x0c\xd7\xf9\xf9\xf9\x18g7\x069+\xcc\x1b\
zm\xa7<\xde\xb2\x91'\xfb\xeb\xb3\x16K\x1c\x96\x02\
\x14\x86\xb2\x00\x9c\x01fN\x96\x0f\xa6\xfd\xd5\xe4\xbdj\
\x91\x19\x7f\x8e\x92\xdeN]1\x09\xc7@\x11\xe2\x8f\x9d\
\x0a\x99\xfc\xeb\x917\x15\xfb\x83q\xd0\xea\x8ffS\x8d\
\xabEo\xc8\x86\xfai\xac0\xfd\xd9\x9f\x14\xcc\xfc\x13\
\xb98\xde8~\x95\xa1\xc8%\x15\xf1\xff\xcf\xde\x9f\xff\
\xd8\x96e\xf9}\xd8\x8a\xe9\xc6<\xcf\x11o\x9e\x87\x1c\
*+k\xae\x22\xbb\x9bl\x0emR\x94\x09A0H\
\x01\x82D\x8a2`@\xb6\x09\xf2\x17\x0f\x92\x0b\xfe\x0f\
l\xd8\xb0\x0d\xfb\x17\xfd \x02\x06!\xd0\x92i\xd0\x12\
\xe5n\xb2\xabz\xa8\xae\xaa\xac\xca\xaa\x9c\xa77\xbf\x98\
\xe79\xe2F\x84\xbf\x9f\xef:\xe7\xc6\x8dxC\xbe\xac\
\xca\xcc\xca\xec~\xeb\xc6\x8as\xce>{X{\xed\xb5\
\xd6^{\x9f}\xf6i\xa2E\x8a'*\x0c\xf9\xb2\xf3\
\x80]\xcc)\x5c\xbe|%\xbe\xfb\xdd\xef\xc5\xb7\xbe\xf3\
\x1d\xef\x85\xcdk#|r\x0d#Ek\x7fr\xa0\x1d\
\x1e\xd7\x16\x84\xd1N\xcf\x0e(u=\xd6\xa0\xbc\x16\xda\
0\xe9\xc4\xf2X(\x18\xbf\x14\x8c\xf0\xbb\x8a\xec/\xc5\
\x93k\x1e\x0e\xb5\xc9\x83j\xa8\xb4\xd8KC\x1e\x89\x85\
\x88\x95r\x9a\xde\xdb\xafV\xf3\x93\x90\x14<\x1e\x8e\xd5\
\xe7S\x04\xef\xfb$\xa4ls\x02\xbe\xf8\xa8QGK\
\x93\xb7\xeei\xd5\xa8\xc8\xfb|\xb1K\x82x\x07\xcf`\
f9\xaf\x88\xee\x1a\xcdO\xce\xd1\xbe\xcc\x87&\xac\x19\
8|(\xa5\x85g8#\xc4\x22>\xf3[\xd9iz\
\x13\x9dhQ\x16\xec\x1e\xbc\xb3\xb6\xa2\x01\xd7J\xeco\
\xad\xc7\xfe\xf6F\xecih\xb9\xc3\xd6\xe5\x9b\x5c\xf3d\
q\xcf\xc3>\x96\x99x?+\xf2\x95\xf7\x9f\xacJ;\
\x84c\xc2SAO\xc0+O:^\xd3U\x0a=G\
\x22+\xb9\x93\x19\x14\x849b8\xc1\xde\xcb\xfe6\x98\
\x7fT-\xabGb\xbb\xffT:\xb3t^^\x10\xea\
'P:\xaa\xd5\xd8\xf3\xe7\xe0\xa0\x12\xbb;\x8d\xb1\xbd\
y\xe8\xe5\x12\x14@\xdc\xc2\xd7\xcaLO@\xd2\xe5b\
\x8c\x7f\x9e\xa1l\x83\xc4\xe3\xc0\xbdz\x04$+j\xe8\
\x5c\x06\xc27\xdd\xe8L6\xb66\xdd\xa1\xb0\x8a\xf8\xdb\
\xdf\xf9n\xfc\xcd\xbf\xf9{\xf1\x97\xe4M]\x92\xc1b\
\xef%\x86\xf5\xcc\xf5\xa4h&\xdfO\xe2'\x85\xc2\x06\
\x18\xea;\xae_\x05J\xa3U\xe3\x02\xe7\xaa/\x06\x99\
\xa7t\xb9\xfd\x8a\xae\x9bU\x07E`\xbe\x89\x12Q\x1c\
{_(\xa3~\xf5\x86\x82x\x99Y\x9e\x97\xf88 \
Y\x89\x8f\x05l1\x22\x0d\x16\xe2\xfd4(\xeb\xf3i\
A=\xed\xb4\x1f\xff\x81\xb2\x08\x0c\x09/\x9b\xf7vu\
{\xb1+\xa3!\x1b\x15\x11\x0az\x1b\x1d\xae\x19\xa9\xd8\
2\xe8\xafH\x9c\x12\x91\xf9y\x0e\xcf\x08\xef1*B\
up\x1c\x89NZ\x8f\xb2\x94g\xb3LF\x8b\xe25\
I\x06\x1b\xf6\xf6\xa3\xa1*\x03\xa9\xce\xb2Q\x1d\xe7\x81\
\x0c\xd4\x86\x8c\xd7\xf2\xd2b\xac\xac,\xc7\xfa\xeaZ\xac\
\xad\xac\xc7\xc2\xdcbL=\x98\x8a\xe9\xa9\xe9\xd8\xe0S\
\xf4\x08\xb3\x80'\xb7\xac\xd5L\x8f\x0eC\xc6B`\xde\
3@\xe8A\x15\x04G9\xe5s\xdfig!\x89\xd6\
`s>\x0d\x01\xd52\xac\x1d\xce\x15\xa7 q\xf4\x8f\
u\xc9\x0d,3@x(P\x16\xd3\x15\xd4iC\xf9\
\xf5\x1b\x85V\x1bd\xa8\x9a4>e\x89>+\xdf;\
\xa2\xbb\xbb/Z\xdb\xbb\x95\x8e\xb4xX:\xba%\xc4\
2\x88\x01|\x09-\x18@\xca\x14\xeaH\x90_\x9e5\
\xd3\x0a\xc6\x7f!\x81\x0a\xc0\x8c#\xa4K(\x0d\xfcq\
\xcc\xc9\xed\x12\x09\x03\x10\xaez\xc4\xb5\xc7{\xc2\xe0\xb3\
\xecd\x93% r\x9b\xc7'O\xc5+_\xffz\xfc\
\x8e\x87C\xbf\x1d_y\xe5\xd5\xb8r\xf5\xba'\x9bs\
\xdd\x14} \xde\xae\xd8\xc6\xb9z\xb6\x03\x95Q\x8f~\
\x04\xfe\x19\x81\xcb\xfd\x04H\xfcl\x7f\xfd\x93L\xf93\
_>\x87W\x85Z\xa9\xdd=\xc7S\x22\xe5P\xc7\x02\
O\xe6Y\x0f\xa5\xe1/\xd1\x9eXS\x1d\xba8\xe5Y\
 j\xca[\x1b\x0d(\x16(\xd9\xe6h\xe5W8\x85\
\x97\xde\xdc\xd3\xca}V8\x99\x8c|\xe0Ibv\xf2\
\x9eb\xc1\xcb\xb1\x11\xe2\xcd\x8fC\xb5u\x9b\xf7\x91;\
\x90\x83\xc1\xd7h\xf2\x85\xed4\xe659r:\xd1*\
\xba1\x14~UN\xf9\xba\xf5\xb9I\xe5\x05*\xc6\x88\
~\x97K\x1f\xd0\xb4R\xdf\xd2\xd3\xd5Qy\xb01_\
Z\x02\xfd\x97/\xc2\xd7\xdci\x13\xbc\xaf\x8d\xed\x1d\xbf\
h\xedo\x0b\xee!\xbb\x0a[\xdf\x88\xb5\xd5U/\xa3\
\xa1.,Zm\xb4\x0d`q\xb9\xe4Q\xf9\xf0\xf2\x00\
\xdf\x85H\xef\xcf\x04J}08\x10U\x10\xe1\x064\
\xd1B1\xc0\xae3\xc2\xa2\xbf\x92\xf9\x8e\xa9\x0b'\xc9\
\x7f\xb6\xd8\xde\x85\x81\xfcx\xd3{\xbfQn\x1f\x1f\xc4\
\xac\xc8\xca\xb7\xc9\xdaw\xc8P\xf5G\xff\xc0d\x8c\x8c\
\x9d\x89\xde\x81!\xf5\xf6m\xca\x9b\xf2!\x98\xccK\x14\
\xb8\x10\x0e\xc9\xf0/;\x98\xaf\x1c\x8bza@J(\
]o\xbb\xdf\xc4\x13\xa6qJ\x03\xc5\x97C\xd2\xbb\xcd\
\x95\xd7\xec\xca:>q*\xce\xcbk\xba\xf9\x95W\xe2\
\x1b\xdf\xfen|OF\xea\xeb\xdf\xfcV\x5c\xb9r5\
\x86GF\xfd\xe4\xefh\xcd\x1ae\xbb\xb5\x8b\xeb\xc7C\
Y\xf6\x93\xd0\xf9\xf8\x98Pwz,\xfcc\x81\x8aX\
k\x9e\x82'\xcar\xe7'\x9e\x881N\xce\xc0\xa4|\
J\xa8\xa8\x0e\xfb\xac\x00\xd1\xb4xZ;\x8f\xb0\xc6\x17\
\x15\x8er>\x02\x04=R\xaf\x8f\x87\x93\xb1>6\x15\
z*\xc3\xd0\xaaa`wg\x9b\x87[;;[R\
xyW\xd6\x1d\xe5\xe0L\xd0S\xfd\xf7y*4\xd5\
\xb2L\x0a]\x15\xc9\x1c|.\x8dR\xe9a\xf9fQ\
\x8e\xf5\xb1h\x8f\x83\x03\x0d\xd5\x14\xceB\xf1f\xd8\xc2\
}\x16\xba\xa9\xaet!|\xb2\xcc\x0fz\xe4y\xf1\x02\
\xb9;[\x85\xb1\x15\x11-I\xf9\xd8\x0eh\xf1\xb4\x06\
\x0e\x0c\x06KF\x8ao\x1d\x9e\x90X\x93kb9X\
>\xfcO\xe0\x0a\x94JT\x04\x08\x8a*\xfa\x9c\x10\xea\
U2\xa0\xb1\x81\x17*+\xaat\xbb\x88\xeb\x12\xc3z\
$X=Qi\x1f\x8c\xfe\xe1\xf1\x18\x1a\x9d\x8c\xd1\xb1\
\xc9\xe8\xea\xed\x8f\x83\x96\xdc\x8e\xd5V\x9e_\xc1\xa0\x84\
\xfa\xf3/?\x14\x1c5\xc0?\x8c\x10\x80Q\xaa\xb2\x92\
\x17\x83d!c\xac.\xc3\xa4\xea\xf31\x8d\xce\x9e\x9e\
\xe8\x1f\x1a\x8e\xd1\x89\x89\x18?s:.^\xbf\x16_\
\xfd\xd67\xe3\xb7~\xf7w\xe3\xf7\xfe\xf6\xdf\x8e\xbf\xfa\
\xbb\xb9vhxp\xd0\xfb-\xf9!\x08\x5cU\x81\xde\
\x97\xbc\xf4\x98\xea\x09\xf8\x15!e\xe0q\x19\x11\xf6t\
Cx\x12 \xf3\xa9x\xb2\xfd\xc5\x10\xc2\xeb\x83O\xc4\
\xf8L\xe1\xc8\xb3Q\xb9\xae\xaeZ\x11\xa3U\xc2\x13\x88\
9Y\xaf\xcf\x8ah\x0c\x07o\xee\xf6\xc8\xb3:<\xd8\
\x89\xddm\xf6\x96\xe2=\xc9\xf4\x9cR\x8f\x0b\xcf\xb4\xf4\
V\xea\xa1\xd0\xbdr)\x89\xdb\x1aT0\x9e\x19\xaf\xb7\
\x11\x83p\xf2s\xd5m\x98\xf6<o\xd5\xd5\xd1\x1e\xed\
\xad\x15\xbf?\xcc\xd6\xe6M2^\x00\xdf\x22\xdc\xd5\x08\
\x80\xf9):\x17\xbc@\xce\x01\xf8Q\xb2\xc3e\xe2\x99\
\xb1\xd4\xc2FT#.]7b\xbdR\xb8\x920\xc0\
\x84\xf8\x8c\xf3\xb4\x9c\xdc\xc2\xa9\xaa}\x0e\xbe\x88\x91d\
\x0bl\xb4\xd3\xc8`%\x1d\x8a\x1byP\x11!0\xad\
S\xc3\xc7\xd6hi\xeb\x89\x81\xe11cGwO\xb4\
il\xdd\xd8V\x89]\x95\xc1\xee\x86~W\xc8\xd6\x1c\
T.\x14S\xd0\x95\x8c+)\xfb\xf2\x02\xc3h^/\
0\xaa\xa7\xd9\xd7\x91:\xf3\xa0\xa1Ra\xadY.n\
\xe4\xa9\x0e\xdbBO\x8cO\xc65\x0d\xe5\xbe\xf6\xb5o\
\xc4_\x96\xd7\xf4\xbb\xbf\xfb\xd7\xe3o\xfc\x8d\xdf\x8b\xdf\
\xfa\xad\xdf\x89W\xbe\xf2\xd58\x7f\xfe|\x0c\xf6\x0fz\
\x9d\x1a\xaf\x9a\xd06\xa5\xd1wK\xe1\xa6K\xf0\xc8?\
\x9f\xfc\xc2V\x863\x0a\xb7\xab\x7f\x92\xa7\xcf\xc2c\xe2\
\x94x\x04n\x1fkpq\xfe1P\xe6\xf04,\x84\
\x89\x7f\x09\xca\xb7\xec\xcc\x98\x060\xfaJ\xa0s\xa7\xf9\
\x0c\x81G\xff\xe5\xd6\xc2\xb9P\xbaD\xdd+t\xe0\x18\
\xb9\xd0\x04\xaa\x8d\xfdi-\x1dA\x1b\xacO\x08e^\
O\x03\xb6\x1c\xae\x88\xb6\xfe\xae\x0e\xc9D\x8b\x0c\x04\x93\
\xda\xbbY\xa6\xe8D\x16\xd2{\x97\x0c\x88q\xd9\xa9\x91\
\x90!\xa55\x9e\x8b\xc8\xcf\xc33\x1dA\xc5\xa8[\xd6\
\x8f*\xf0\x8a\x96\xb5\x5c\xe9\xd96(=\xa9\x03\xc9l\
\x93;\xca6&\xf8e\xa8Z+\xb9#\x06r\xc8\x1a\
?\x8c\x9dJ\x96\xe9!$\xeb\xe2\x87\x05\x94]t\xda\
\xc8(^\x97\xbf\xcf\xa0k\xbf8\x0e\xcd|\xd7+\x1a\
y\xb5\xa2\xd8\xf0\x1e\xea\xdd\x08\x12\xf4\x06&\xb5 [\
\x8a\xa4\xeb&]\x83|\xf9\xc2\xc3\x0a\x15@\x0b5\xa8\
\x8bi\xe4\x8dv\x1d)`OV\x96\x86T)JK\
\xbe|\x9e\x88\x85i-\x1aGwEo\x9f\x14\xab\xa3\
[\x95d\xd5p\xb3\x112I\xc7Wv\xfcpZ\xf9\
\xf0K\x80\xe4\xfcO\x05a\x98c\x89&\x86\x00y7\
\xa1\x14\x96g\xc1\x8f\x83\xd28\x1eG\xc6\xec\xcf\x8eb\
\xa8h\x85\x17\xf0\x95\xf9 \xf50\xac\xf4\xdd\xdc\xf0\xd3\
U\xb6\x84e}\x10\xc3\xb93\xa7\xcf\xc5\x8d\xeb/\xc6\
\xb7\xbe\xf9\x9d\xf8\xdd\xbf\xfa\xd7\xe3\xf7\xfe\xe6\xdf\x8a\xbf\
!\xfc+\x7f\xf5w\xe3\x1b\xdf\xf8V\xbcx\xf3\x85\xb8\
|\xf1R\x9c>u&\xc6F\xc6\xa2\xb7\xbb\xcf\x9fE\
\xabH\x18x\xd1\x98\xc7\xd56Hj\x1b^juG\
D\xcf\x09\xd3\x84\x94\x9d\xbd%a\xaa\x8b~\xbaz\x04\
\x89\x0e{\xea\xf1\x18\x93\xeb\x80\xbc\x8e\x90:s$\x9c\
\x5cH\x0b\xaf\x19\x22d\x9b\x96\xc3\x1fh9\x02.\x84\
\x04\x16\xa8$\xc7\x11\x01!\x1c\xfa<\x97w\x94\x01\xe7\
\xf6\xf8KT,\xcf+9v\xa2\x12\xd7\xb0>\xfc\x11\
$]=*\xec$\xd4\xc7\xad\xe5\x09?i\xe3\x92\xae\
c\xf9(\x18\x14\x7fr\xe2\x18.+\xae\xc3\x95\xae\x86\
\xe4M\xce\xfc\x12<WF9\xe4#\xde\x1d\xcb\x8f`\
\xc5\xf1R\x95:\x04\x18\x8a\xf5\xb4\xb7\xc5\x00\xce\x00\xef\
\xda1\xa7)\xb0^c\xddut)\x5c\x93\x91\xc2\xf2\
)\xbf@U\x80\x8f\x9e\xf6q}D\x15\xf5\xd3Y\xce\
OI\xd7en\xf8\x18\x85\xe79\x95\x8e<\xfc\xb4Q\
\x19@\x02r\xe0O\xfa\x972\xc9pNC?\xde.\
\xb0\x8cP\xa4\x8e|\xfd\xc6\x1dt\x11\x06[\xd4\xdc~\
\x7f\xb8zP\x8d]\x0d_\x1b\xd9C\x8d\xfcs\x035\
\xf6G\xc7\xa8\xe0n\xc1,\x12\x90\x84G\x920\x07u\
c\x1f\xc2\xaa\x18FX\x16\x94\x9e\x13\x8c\x97\xf0\xb8\x94\
Fo\xa5\xc1:\xab}wwR\x18\xf2SCP9\
>\xc9\xd3\xd9\xd9\xed\xb9\x16*O9MXe\x99\xe5\
\xcc\x0e\x03\x84\x19\xd2\x1d\xf3H\xff(\x8c<8\xd4\x81\
\xa9+\x99\xfb\x19\x82\x1b\xa9\x0eM\xd3'B\xf1\xc7.\
i\x224\xa3\xb4\xec\x15\xc6\xc7A\x7f\xfb\xb7\x7fK\xc3\
\xb7\xbf\x12\x7f\xe9{\xbf\x15\xdf\xfe\xf6\xf7\xe2\xeb_\xff\
f\xbc\xf2\xea\xd7\xe3\xe6K/\xc5U\x19\xa7KW\xaf\
\xc5\xe9s\x17bDC\xbf\xde\xc1\xe1h\x93\x91\xe7]\
M>\x07\xceD8|\x80\x07\x88\x92\x05^?O\xcc\
\xd3\x99\xc0\x7f\x0c\xa4\xee\x97s:\xe5\xa4=\xa8\xa8\x19\
\xf6\x18t\xa2z|\x0c\x1c\xf1%\xf33\x7f|#\x0f\
\xc0\x91\xb1Jd\xc8\xeb\xc9^\xe6C\x0a\x9a2\x81\xf0\
d\x99\x8fC\x0e%o9/\xf2H:j\xc1\xce\xb1\
\xd0\xc9T\x8c:<y}\x0cIW\x87V\xa0\x13\x80\
4b\x0c\xad\x1b\x05aGt$M.W\x8d\x03*\
 \x05V:@\xc7\xd4\x84\xe7\xcc\xb0\x9c_\x11\xc7\xf1\
\x0atV\xe4#\xf4\xd7uD\x18\xe7F\xf2%+\x81\
\xd5\x8a\xa3\x02\x8f\xa1\xda\x02C\xd1\xaa\xe3pWw\xb4\
\xc8\xc8\x1d\xc8X\x91\x96\xac\xb1\xfe^\xef(}\xcey\
\xa7,\x10\xcd\xcb\xa5F\xaa\x95\xf2\xce6S~t2\
\xa4\xa5\xec\xc2\x1b\xa7#d#\xce}\x194\x06r\xb2\
C\x99F?F\x0eTE)\xc5\x0f\xec\x03ys\x0d\
\xb7\x94\xbf\x22{\xc3C%\xf0\xd3]:P\xee\xab\x00\
{v8;:\xb2\xc5\x14S\x220\x93\x07wj\x0f\
\xa2\xd1\xd0:B\xa8\x08\xf3\x10L\xa1E\x0e\x9c%C\
\xa1\x88\xa3oe/\x9c\xc5@\x04\x15\x14\xe1DW\xe1\
<V\xc6:s\xbb\xfc\xdc4\xee V\x94\xbaCD\
>\xb9Hw\x93\x09\xf9j1?C\x18\xc60\xdf\xf4\
\xff\xcdA*\xc0\xaf\x87\xf46\xee5\xc8O\xe8\xf5O\
\xaacO\xef`\xbc\xaaa\xdd7\xbf\xf3\x1d?\xbd\xbb\
z\xf3f\x9c:w\xc6o\xb1\xb3\x12\x98!2\x1f(\
\xe0\x8d\xf9\x06\x09\xb8'\x1b\xe9\xcd$(<\x1da\xa8\
_4\xcd\x93\xa1,\xf4W\x812\xed\xaf\x93\xc7I@\
|\xd4\xf8th\x18\xab\x14\xb2\xa7\xc3\xc9\xa2I\xe2d\
E\xcf_\xa2;\x05\xf1\xfa$\x94\xe4\x9f\xc4\xcf\x04\xac\
\xd8Y\xa9\xc7\x95\x93FA\xe1u\xf2q\xecZ\xdad\
IQ4\xf4I\x81\xce\x04#\xe0y\x22\x19-U\xb3\
\xb8vR\xf3\x22\x87uu\xa80\x8c%o\x85\x0c\xc8\
X5IX\xaa\xbb;\xa2\x8d\x8d\x9a2O\x00\xc3a\
\xe3\xe6\x5c\x84\x84\x17e\x92\xdeP\xd0|$kD\xa2\
\x84<\xc5_\x01\x8f\xf2,\x8d\x5c\x81\x18.\xca(\x11\
\x1e\x15G+\x02\x09\xc8\xbc.\x8e\x0d\x1b\xe7\xc5\xcf\xf4\
(L\xc6M^S#c\xd9L\x94\x85\x98U\xba\x96\
 (\xcc\x06\x8a\xd9D\x8c1\xe7\x0a\x87>\x18\xab\x18\
\xba\x96q\x13#\x9c5\x19\xcb\xf0\xf0>a\xa3\xc6\xad\
UY\xc7\xad\xdd\xad\xd8\xdc\xde\xf0\x9b\xd3\xbc\xe0\xb8\xb4\
\xb8\xa0\xe3\xba'\xfd\x18\x8f2y\xdc\xd2\xa2\xb8{\xc5\
f\xf2\x22\xc6n=?\x9d\x9b\xb6/9\x94\x8dWe\
^NF\x1fW\xba\xb9Y\x1e\xa6\xf0P\xbd,\xc6Z\
\xdd\xae\x98\xda\x9c\xae\xb5[@=\x98\xf8\xed\x9eH\xbd\
\x80\x17y\xd26b2X\x93\xd8O\x19\x90\x9frN\
\xe6hn&\xef\xfdZ\xa0<\xea\x95\xb4\x94\xb5\x1a\xd0\
\xe6\xcf\xd0\xd8\xa4(\xab_\xc3B\x7f\xea\xa1\xbc\xf78\
x\xda\xbd_\x15\xa8\x8f\xf5\xa5\x80\xf2\xcc\xf4*\x9c]\
\x06\xd6\xf8\xca\xcb\xcar\xacJ\x0f\xb8.\xeb\xcb}N\
\xcd\x1f%\xa0}\xd3\x83\xc4\x08\x17\x88\xd6)\xech\x8e\
\xcc\x092\xcd\x09\xc4KdZ\xa0[\xc3@>\x97U\
\x95gu\xc0\x9a\xa7:\xfa`@I\x9b\x8dB^\x94\
\xb7\x1cV\x1a\x1a\xdf\xcc[\xc7 i\x15\x16\xd7\xc4\xa9\
7N\xe4\x97\x8e\x07s_:J\xc6s\xfb\x9d#\xda\
\xcbc\x0d\x95\x8d\xc3\x05\xa5\x01f(\xa9\xdac\xc7\x1c\
\x9f\xff\xa65Q\x01\xb8{6\x9d\x19fb}\xa2\x98\
\x0a\xf7\x86f%\xea\xa6+W`zU\xac\xa8\xde\x8d\
\x9d]\xb6\x8dX\x97\x81Z\x89\x85\xc5\xb9\x98_\x9c\xf7\
\x9c\x0d\x9e\x15\xef\x03vt\xb4{K\x12r\xce\xaf\xe0\
\xe2f\x16\x0dB\xce\xb5\xb2\x0b\xfc\xd2\x81\x88V%\xe8\
M08\xd4'\x1b#\xeb\x97kd\x88\x85P\xaa\xb1\
xG\x89M\xc0\xeb\xb4\x09\xde\xd2\x8c\xcc\x8b\xd0x\xb5\
\xf9\x112(\xf1\x0b\x08Y\x03S\xee\xfaX\xf8\x98\x83\
`\x0d\x93\xe4\xc32ST\x03\xa0\xca\xa5\xa0\x02\x0e\xe7\
\xd2A\x19+\xb9\xf6\xf1P*\xd2\xe3\xe0i\xf7~\x15\
(\xeb\xc1<\xaae\xb8\x08\xa7\x0b\xc7\xbb\xe0#\xc2\xb3\
s\xb3\xf1\xc6[o\xc4\x9f\xfe\xe8G\xf1\xd3\x9f\xfe4\
n\xdd\xba\x1d\xeb2^~\xc2\x86|\x08\xddY\xd3\xbe\
\xf0\xa1\xf8\xd1\xf2V\xc7\x1a:\xe4\xa9\x95 \x1e\x93\xdd\
\xbd=\xdd\xd1\xd1\xaa\x0eqO\xa3\x16y\xb4\x19\x9d\xfc\
\x8a|\x85\xfeJ\x91\x88'\x0d\x05cl\xaa\x12/\xea\
\xe3\x9a)M\xed\x81\x97!\x8f\xf5Es\xea\xf4\x05\xd4\
\x8c\x95\x80W\xea\x98hg\xe2\x9ds\xe6\xb1\x98\x1a)\
wW\x11\x09Ez\x9d`7\xe8\xb4\x84\x1e\x91\xe8h\
\x03G\x5cS\x02A\xf6\xb0\xa0\x95\x12\xb3\x10*R\x82\
\x85\x0de\xe2\x22o\x0b\xca\xb8\xbaKb\xae\x95\x9e\xef\
\x00\xf2\xe8}\x8f\xedb\xf9\x96\x11\xdb\xcb6h\xdc\xd2\
X\xd5\x90\x90I\xe5-\x0d\x0b\xd9\xcc\xcb\xd1\xa3\xbd\xbd\
\xcdoYk\x00\xab\xf1\xefA\xec\x89\x0b0\xca;\x8e\
\x8a\x91i8UF\x81_6\xa0Qq\xce\xf3\xc7\x1a\
\x94\x9c\x1bL%Ma\x86\x19\xaa\xa9\xfe\x0bq\xf7\xe5\
d\xd5\x83\x1bN\xcc\xcaae\xb6\xc6\xd1\x04n\x81\xf6\
\xba\xb2\xbc\x12\x95\xddo\x0c\x5c4\x0d,\xdam\x98\x84\
\xee\xcc\xb8A\x1d$\x80i\xb4\xd4\xd6\x12\x9f\x92T7\
1\xe98\x94h\xd9T\xfd\xc0\xdfd\xa5\x9e\x04\xb4\x0b\
\x0a\xe8\x07F\xb4s\x02u\xe1\x03\xa2\xf7\x1e>\x8c\xff\
\xfe\x0f~?\xfe\xd9?\xff\xe7\xf1_\xfe\xb3\xffJ\xc7\
\xffg\xfc\xd7\xff\xed\x7f\x13?\xfe\xe9\xcfbqqY\
\xfa\xc2&s\xd2\x9b\x83|2L-\xa9yN\x5cS\
\xdf\xe4_i\xa8\x92\x07y,\x0dC\xcd@\xe8\x8f$\
\xb0\x90\x17\xd7{\xe4\x0c0$\xdc\xd9\xd8\x16\xa3\xa1\x8a\
\x1dE1\xa4\xa9_x\xf1\xe8\x18\xb9\xe1\x91\x91\xb3\xfb\
J;\x1c\x05\xea\xbe\xfe\x17\x90g\xc4+\x81\x10\x93\x09\
\x88\x86\xf4\x9a\xc1\x5c\x14\x8a\xfc\x22\xfb\xe4OJ\x9fc\
\x94\x947\x9d\xf5>\x8c\x92\xd0\x17\x92\xedz8=\xf3\
\x9b\xc8\xb5\xe2\xd9X\xf9\xfbj:\xe2\x9e\xd9\xea1?\
R\xa3\x84\xe4\x0cO\x94\x09\x02e\xa3T\xa8\x952\xc8\
h\xc94\xee`\xff\x98\x80\xb3\xb7\xa0\x82\x08\xe7\x11f\
GG%*-*\xa3i_Y\xf1\xae\x92\x8cW\x83\
\xfb\x1do\x10\xcf\xc4{cK\xc5s^^\x99\xab\xe2\
\xb2a\xf2\xf7\xe5\x07\xb8\x93\x0d\x81q\xda\xd7\xef\x80\x0e\
BA\xf0\x1d\x1e\xd6&\xa2\xebz\xb1\xf2\xf8\xeb@\x0e\
)?\x7f\xa0T\xd5\xca\xff-3T\x96\xfa\x14u\xc2\
\xe8\x96_-\x06\x90\xd7\xec\xcd\x95\x96#\xd1\xf3\xf2K\
\x07\xd4\x05\xa0\x8e\xec\xf1\xfe\xde\x07\x1f\xc6\x8f\x7f\xf6Z\
\xbc\xf6\xf3\x9f\xc5/\xdfzK\xc7\xd7\xe3\x87\x7f\xfc'\
\xf1\xd3\x9f\xff<ffg\xbd\xed/\x8b}\x99\xdb\xc5\
\x0b\xe3\x07\xefj\x06\xe81@\x11V~\xc9Q\xbe\xd1\
 }\x22n\x8d\x87\xcc\x077E7s\x9f\x0a\xdf\xd6\
\xd0\xb3\x91)\x05\x95A\xb4\xe47\xba\x96\x06K\xc1\xa9\
\xb7\xc8\xa0Kw.\xfee\xa6E\xc6%\x9c\xb8,\xc1\
y\xeb_=\x92\x19\xf3\x94\xe5\xe4:ai\xcc\x92v\
,\x1dmN\x96\xec\xde\xc2\x87?\xbc[\xa8\xbcA\x0c\
\x9e\x12\xa8\xaeu\x0a\xc2\x93\xa2|;\x1dc\xc4}z\
s\x9ds\x8dP\xd9e\xcbs\x0c\xb4+\x84\x0b\xc0=\
\x95\x82\xd8\xf1\xde\x16\x06/-g\xa3\xf7\x0c\xealo\
\xf5j\xda\xd6V\xc6\xabL|1;,\xb7TD\xe0\
r\xb6TZ\xbd\xe0\xb1\xa3\xa7W=l\x8b\x88\x94\x85\
=h\x89\xc6\x03\x1d\xcbV\xffR\x83\x9b\xa0\xd6p\xb9\
y\xa1B\x85\x08[\xd9#\xb9Q\x0b\x11\xa9\x05~J\
`a4\x1d\x9f\x0f\xd0ltE\xac\x9f\xdb\x932U\
%\x17U\xc9\xc3\xbe\xbc)^\xf1q\xf7\x86\xd02\x0f\
W\x00ijH\x80\xa47=\xfd/\x17@\xb3\x97\x88\
\xa8\x9e\xe8\xc6\xce\xcenL\xb3\xa9\xdc\xd4\xc3\x98\x9b_\
\x8a\x8d\xb5\x1dyS\xeb155\x13w\xee\xde\x8b\xc5\
\xf5\xb5\xd8\x85_B\xb8\x91C\xc7B\xc9\x0b@\x1c,\
/\x8aP\x8aFy\xb4\x0c\xe5i\x01\xdc\x10*}E\
\xfc\xee\xef\xe9\x92^\x1e\xc4\x96\x8cU\xbe0\x5cx:\
\x85J{hn\x9a\x0b\xb4\xd5H\xcf\xc7\x1f)V\x01\
`z\xb5uP\x94\xff\xb1\x00)\x18%\xf4\xbd0\xaa\
~*,\xfa0D\xe5\xb6\xc5\xac7\xf4\x9aC]\xdb\
\x88\x09\xf16-!\xd0\x82\xc1\xa1\x97w\x8e\xf0V\x0c\
6\xb3\x0bB8P9\x0f\xf30L\x08\x9a(\xa6\x97\
D\xf89/k`e\x94\xf0\x15\xa2\xe8\x89\xbd\xd6\x96\
\xe6hkk\xf6\xe2\xb4\xd6\x16\xc6\x9e\x8a\x8e\xa1\xf2c\
S\xe5 F5W\xda\xa2\xafw \xfa\x07\x87D\x03\
O\xbc\x94Z\x86\x12?\xad\x96\xf9\x97\x1e\xb2\xb1\x91?\
\xf3SB@\xd5\xec\x8e\x17BY\x0e\xa5\xcd\xffO\xa9\
\xda\xbf\x09\xee\x95\xc6\x86z\xf1\xa5\xee\xd9\xb9\x85\xb8}\
\xf7A\xdc\xba}?f\xe6\x16csGB\xa9\x08\xfb\
j{{[O\x81z\xf9\xfa\xd2\x00\x95\xa7^E\xdd\
hO\xef\xde)d\x94\xe1\xef\xe6\xf9\x9e\x8eR\x08\x1e\
.yWV)\xa4uHwPd\x0b\x0b\xc0A\x88\
N\x9a\x1d\x1c\xd1\xe0\xe26\x80w\xde\xa2\xbc\xc87\xf3\
\xc8\x9b\xecj0\xd4\xd7\x1b]\x1a\xbd\xb0\x8f\xfa\xee\x06\
\x1fwa\xc4C^E\xa6:2\xf5\xa0\xa8\x1e.\xb2\
f\x8f/\x07\xc9<\xe8^\xea\xe1\xd1\xf9\x11d\xed\x94\
Z'u\xa4\x18jt\x167\xa0\x87:\xf9\xddD<\
,\x9c$]\xf3\x1a\x8d\x8d\x97=(lG.\x84B\
=\xd2\x8e\xf0\xc0-\xeb'\x03\xcb\x04\x96N\xcc0&\
\xbcP\x14\x92\xa8\x00e(\x93\xe8s\x1b&QE\x86\
\x14M\x03\xa45V\x05\x94\x06\xd7\x95E\x5c\xc9d2\
W\xbe\xcd\xaa\xb8\x86~r\xd6\x14 o\xaaEF\x11\
\xf3(\xc6(\xb6\xd2\xea\x12c\xa5\xb2\xf9\xba\xc8\xf8\xf8\
\xa4'\xdcY\xd6\x80\xf7A\x0f\x93\xc2\xaa\xb2\x15\xd7\x82\
\x0d\x9e\x007\xce\x09\xfc4\xa0>\xaf4 \x8f\x96\xfd\
\xb1\xa0\xf4\xb5\xb4\x12\x02I\x81x!>\x8a\xe7\xcc\x0b\
\xa0\xd0\xfb\xbaWU\xab\xfa1\xbc\xc2\xdc\x93\xb8s(\
\xcau6\x8f\xd6\xc9\xf4\xa9=\xeaQ]\xd1qTX\
\xd9y\x80\x9f\x0eg\xeay\xaerk\x98a\xc8\x00\x9f\
Y{0=\x1d\x7f\xfc'?\x8a\xff\xea\x9f\xfd\xf3\xf8\
?\xfd_\xfe\xaf\xf1\x7f\xfb\xbf\xff?\xe2_\xfc\x8b\xff\
&\xde|\xe3\xcdXZY\xf3GE\xa8{\xa9w%\
z(\xe8z\xeb\xa7\x00\x1f\xe1\x9f\x8e_T(\x15\xd3\
\xca\x09\x1ft\x10GLrwwg\xdc\xbcy3~\
\xfb\xb7\x7f'\xbe\xfb\xbdo\xc7\x8d\x17\xae\xc6\xb5\xeb\x97\
\xe3\x95\xaf\xbe\x1c7n\x5c\x8f\xe1\xe1!\x8f@\xa8\x22\
\x1b\x00\xb0\xf0\x1a\xaex\xbeGV=\xbf\xc5\xa9#\xbc\
U\x9e'\x7f\xf0\x86WZH\x0f\x87\xac\x97\xa6#\xaf\
{\xba:c\xb8\x9f\x0f\x08\x1f\xc6\xca\xe2bnw\x5c\
\xb4\x19\x9f\xbd\x93\xef+\xb9c\xe7\x04\xe9\xab\x94\x95U\
\xeb\xfcr\x91/\xca\xcb\x82\xef\x0c\x93\xa5\xf0\xd0\x1d\x83\
\xc2\x5c\x92\x87\x9e\x8aa}%O\x15\x9c\x1e\x98\xea`\
\x8648|W\xde\x12\xf5\xc0\x18R/\x8c\x95\x0d\x95\
\xe4\x93\x8e\x0bB\xb1\x05\xae\x0b\x86W\xb40~\xdb\xaf\
\xee\xfa5\x1e\xcem\x95\xbc\x22\xd8\x86JA\xb2z\xb9\
\x16\x88\x1c\xe0\xbb\xd8\xc1\xb9\xb4\xc8\x07\x082y\xd0a\
1\xb2\x11!\xb4\x5c\xa4)\x1a\x9c1v\xccD\xcb@\
a\x9c@\xbc8\xb3X\xf9\x10\x99-':\xba\xbab\
t\xfcT\x9c:s1\x06\x06\x86\xbcy\xfc6.\xa1\
h+\x99\x90O\xcc\x8e\xe8\xaa\x87\x92\xc6\x1a\xad_8\
H\x81\x82\xd7\xde\x1bL\x0d\xe1\xb9\x09z\x14\xd7\xab\xa0\
]\x11r\xd1\xa8\xceNtW\xbaz,\x9c\xac\xfb#\
XdB\xfa\x12?=\xa0\x8c\x14z\xa3\x84\x13\xb2i\
\xaf\xcd\x9d\xadx\xfb\x9dw\xe2\x7f\xf8\xd7\xbf\x1f\xff\xf2\
_\xfe\xab\xf8\xb7\x7f\xf8G\xf1\x03\xe1\xef\xff\xfe\xbf\x89\
\x1f\xff\xe4\xa7\xb1\xb4\xb8\xec\xb7\xef\xbd\xde\xc69\x1d!\
\xe0\xea\x0b\xd3H}\xdat\x7f\xf6\xe0\x8eC\xfcWc\
\xca\x105\xc7\xa9\xc9\x89\xf8+\xbf\xf3;\xf1\xf7\xff\xde\
\xdf\x8b\xff\xe4?\xf9\x87\xf1\x8f\xfe\xd1?\x8c\xbf\xff\xf7\
\xff^|\xf7;\xdf\x8c\x81\xfe~\xaf5d~\x09C\
\xc1S<\x0f\xc1\x84\xae7\xbc\xd0\xa14\xea9\x9f\xcb\
\x0dA\xc10\xda\x9a\x8bc\xed^\x94\xcfj\xf6\xc1\xfe\
\xde\xe8\xebl\xd3\x10t\xd9{\xa5\xf3\x92\xb1\x06\xe4y\
\x14j\x80nc\x889*\x8d\x12; \xc8t(_\
\xc9,\x85\x1a\xd5\xd7*[\xd9=\x8f\xa2l+T\x06\
\xcd\xe8\xe2\xd4^t@F\xa5\xae\x8d\x1ct\xcd\x1b+\
\x98 d~\x0f\xf9\xc7h\x91V\x08\xe08\x91\x89m\
\x1c\x95\x16Te\x07\xf8\x1a\xce\x8eP\x14\x01\xba\xeb\xea\
Q\xd1\x14<\x12\xdaU\xcd4\xc7\x81\xe0\xfap\x88\x11\
\xe6\xaf\xb8&\x0e\x17\xc4\xa3fB\x8c\x16\x93\xea9v\
\xc5\xc2\xaa\xe2\xaa\x00{,\x8dO\x9e\x8e\x89\xc9S\xfe\
\xb0\xa4Z+6v6TI,\xf0Q\x85@h\xfb\
\xb2\x01\xec\x10\xe56Jx\xa2\x18%\x1a\x01\xb4\xf1\x85\
O\x85\xf4\xa1\xbc\xa5\xc0\xf9\x9as\x9f}\x11\xe18e\
\x162\xd7\xe5\xd0\x9f\xbb\xba\xf5\xd1G\xf1\xce\xdb\xef\xc6\
\xc3\x07\xd3\xb1\xb8\xb0\x1c\xf3\xf3Kq\xf7\xee\xfd\xb8{\
\xe7^\xac\xafo(Z\xe1\xef\xd5\xcbR\x01\x84\x95h\
\x19\xfa\x12Bm\xa9\x8a:\xa5\xae\xce\xf68sz\x22\
^~\xe9\x85\xf8\xee\xb7\xbe\x11\xdf\x93\x91\xfa\xea\xcb7\
\xe3\xf4\xa9\x09\x0f\x0d\xa9\xa2\xbfz.\xbd\xf3~]\x92\
\x13\xbc\x90\x93\xf0X^\x15\xf2R/3\x09:\xea\x9c\
!UWW[\x0cuw\xc7\xbe\x94~o}+\x0e\
\xe4u7\xe9^\xbe8\x83\xef\x84y@?I\x8b\xd7\
\xc45FS\xe8\x07n2>\xd6\xbf\x94G\xfe\xa3\x8b\
\xe8$\xfa\x8c%a\x0a\x89\x0e\x8b'\x9a\xfe\xe4\x9e\xbc\
\xb5C\x855\xb7i\xf8\xdb\xd1\x1e-\xedm*\xa8h\
o\xd9\x03\xe2Rq\x9b\x19\xfd\xf3\xc3\x16\xee\x09)\x87\
S\x8c>\xeb\xd1\xd6\xd7\xd7\x5c\x04)3\x06\xff\xc5$\
O\xb4\xe3m=\x86Y\x86\xa4\xb6\x80\x92\xf4t]m\
z\x95,=\x89\xb4\x8f\xe4\xce\xe3\xd7\xc6rv\x90?\
\x9d\xba\x8er3\xbb:{\xa2\xb3\xa3\xcbC@v\xb5\
\xac\xb4\xf2\xbe\x22\x8fq\xf92\xf3\x9f\x07\xc8:#8\
\xe9\xea\xaa\xee\x85\xf1\x05\xe0\x95\xf9\xa5\xcbzc\x05:\
\x8e\x8e$\xe2\xfa\x8b\x0e\x96u\xd5\x81w\xd16\xd6\xd6\
\xbd\xd9\x1at\xe7\x1c\x0d[co\xa7\x91.\xea\x0e8\
\xcd3\xc0\xe3\x14\xf5\x8b\x0a\xf5\xba\xe3\xa9\x0eu\xc0m\
\xecf\xda\xd9\xe1\x0f\x04\xb3\x0dpo\xaf\xe4^C4\
v9-\xc4\xc3\xbc\x02\x192\x95\xed\xfd,\xfcyD\
6(\x1e\xb9\xb2\x87\xd6\x18\xbd*wd\xa0/:d\
\xb9v\xa4\xf8\xd5\x8d\xadhV\x134+\x19{\xa3`\
\xb0\x00\xba\x8f\xd4a\x1d\x85T\x03D\xbf\xcb\xe1\x9b\xf3\
v,\xd1\xa8v\x04\xf1\x06+2J\x0d\xf2\x10\xd9\xdf\
a\xa7@\xd6k5J\xaf{\x06\xfac@\xc3]\x0c\
\x17\xb9e\x85\x9d\xb1\xf2\xe5B@YE\xe6\xc8K\xe9\
]2\xd4\x5c\xe3\xfb\xa2\x87\xfe&M1.e\xe3+\
\xfd\x18\xb7\xfa\xe5C%0\xf32\xe7<\xb7\xf2$\xbd\
\xce\x16\xe2\xe5\xfd`\xa8 \xbe6L\xb3\x95t\xe9\xc5\
)\x95\x95\x90\xf28R\x85c\xa8D\x92\x8cb\xbe\x93\
\xc8\x06al\x89\xd2\xd3\xdb\xe7OxW\xda\xda\xe4B\
*\x8d\xbd\xd0#\xc2\xeb\x85\xe0K\x01\xe6\xc1\x11\xdd\x1e\
\x8f\x8b\xbf\x5c\xa1\xb0\x84\xdb\x80\xc1\xc1B\x81\xe13B\
a\x01\x84\xe7\x05O\xbf\x98u\x87\xa6D\xcb\x1e\xa7\xa2\
\x97:\xf5\xf7\xf6\xfaK2|!\x19ee\x9b\xdd\xe1\
\xa1!y\x18\xa7\xdd)y\xb8\xf3\xa4:\x15bT;\
\x16\xf0\xac\x86\xed\xf3\x84B\xaf\x8f\xb0\xf8\xe5\x137!\
G]\xe39\xf8h-\xcb8\xb5\xfa)!i\xeb!\
\xf3:\x0e'\xe3\x00\xa5|\x00\xf5\xb2\x82\xa1J\xe7\xa3\
1\xba\xdb[cl\xb0/Fz\xbbcwc-v\
\xd7\xd6\xa2IzXQ\xf4\x16!j\x86\xa1*\xcb\xcc\
\xc5\x0cx7\xe4\x87\x05\xc8a\x22mk\xe0t\x1f\xd9\
$\xbe\xf4\xb8\xa9\x12-\xad\x9d\xd1\xd1\xd3\x1f\xad\xdd\xfd\
\xd2\xdbJ\xacn\xed\xc7\xdc\xf2f\xac\xac\xd3A\xa9\x8c\
\xe6\xd6hoS\x1c9&\xedm\x1drN*J\x87\
\xf7\x86;\x03di\x9e\x16\xe1\xaa\xe0\x1fub\x07\xdc\
\xc6\xfd\xfdv\x19\x8f\x0e\x05t\x8a\xc2\x8aPd+\x12\
\x04`My\xecP\xce\x15\xb1p\x0dC#\xbf/+\
\xa5\xf0\x06\x19\xaa\xc0\x96*\x1e5\xa0\xb8ZC8\xbd\
\x0af\x08\xc8%n\xa1\xd2\xd8\x9d\xa4\x0c\x19D*\xb9\
\xbf\xbf\x17+\x1b\xcb\xb1\xb9\xbd\x19\x9d=]q\xfa\xec\
\xe9\xe8\x16S!\xd94\x88$\xbb\x8c\xba\x02\xcb\xe13\
s?\x1c-\x10u\xf8i)\xb5\x1b\xbc\xc8\x0b\x86\x95\
\x88Q\x01K\xc1\xf880\xd5\xca\x06\x9e\xb2\xac\xa3\x8d\
]\x12\xd4\xc3\xf9)\x880kuD3e>[\xce\
\xbf9H\xbe\xc0\xeb:,\x5c\x1f\x94\xb3C\x9d\x0d\x9f\
\xbe\xfa\xda\xab\xaf\xc6K/\xdd\xf4G\x02^\xbcq-\
\xbe\xf7\xedo\xc6\x0b/\xbc\x10#|\xc8\xc1\x93\xca\x08\
\xeaQ\xdd\x01\xf8\xca\xe7\xd8\xed]\xc0g\x1d=\x84.\
\xc2\xc0/\x14\x88\x9c\xdcyD\xf2'\xe4KO\xf0B\
W\x12]\x8dP\x10R\xa9\x09\xca\xcd\xd1\xaf\xbd\xe8<\
\xabA<\xf1\xcc\xbc\x93\xbcY\xb0\x13\x91\x89\x935-\
X|\x0c\xea\xe5\xb4\x1eR\x0b\xc9?\x0de_Og\
\x8c\x0f\x0e\xc4\xc1\xf6Vl\xac,\xc6\xc1\xeevTT\
8\xcb\x1a\xd8\xde\x85\xe1bcq\x8e\xee\x1e60\x97\
E\xbe\xba\x96\xae\xf1 .\xcb\x11\xa2\x8f\xfa\x93\x06\xab\
#\x92\xddhj\x91\x07\xc5\x17\xd8G\xa3\xbboL\xf1\
\xbbbi\xf50\xeeMm\xc4\xbd\x87\x0c\xff\x17bf\
z)\xf6\xf6\x1b\xa4\xe3}144\x16\x03\xfd\x03~\
\xd5\x0e\x83E\xbd\x98\xdb\xaa\x0a=\x07\xae\xa3\x17\xac\xc2\
\x1c\xf4_\xc7\xc6\xcd\xf5\x88\xedM^\x22\x96+z\xc8\
\xf0K\xa1$0\xc1b\x17\x8c\xe0LaV.\xf7\xfe\
\x05\x1b\xa0\x99\xf9\xa8\xc2\x1c\xd7\xf3+S\x09\x94\x8e|\
h%\xde\x89K\x8fJU\x94a\x04\xa1\x92u(\x9b\
\x22\xe4\xa0\xa1\xaa\x8av\xc5\xe4\xb9S\xd1?2`\x06\
y\xd2\x9e<\x5c\x18i\xc9\xeb7\x0b\x9f\xdcX%/\
T\xfb\x1a\xf9J\xed\x09\xf62\x9f\x12\xfdt\xf5K\x0e\
\xc8L'_\xed\xbe~-\xfe\xee\xdf\xf9w\xe2\x1f\xfc\
G\xffa\xfc\x83\xff\xf8?\x8c\x7f\xf4\x0f\xfe\xe3\xf8\x9f\
\xfc\xfb\xff~\xbc\xfa\xcaW\xa2\xa7\xbbKb\x83\xd2\xaa\
\xcb-\x98\x02\x97\x0a\xa9\xf9\xd2A\xd9~\xf5\xf0\xb8k\
\xe6w\xbc+\x89\xea~\xf2\xfe\xaf\x0a\xa5\xa1\xb2\xae\xd6\
)\xa1s\xafcj\x87\x86c\x93#\xc3\xd1\xd5\xdc\x18\
kKs2Xsj\x03\x142\xbd\x1b\xde%d\x07\
\x04D\xd0\xa6R\xf4yjG\xe9U\xbb\xcc\xe4\x04\xa0\
\xe7\xde2F\xd8\xd8\xd2\x11\x95\xf6\xaeh\xed\xe8\x89j\
C%6v\xaa\xb1\xb6\xbd\x17\xd3\x8b\x1b\xf1\xd1\xbd\x99\
x\xe7\xbd\xdb\xf1\xfeG\xf7bzNFKf\xb0\xb3\
\xbb'z4\x1cf>\x8b-\xcdY\x10\x8e\xbe\xa7G\
\x98\xf3d\x98\x1b[\x1cY\xd2\xc6\xd9\x99\xf5X]e\
\x13\xb8\x16Y2\x8d'\x0f\x19?\x13I\xffUqv\
O`\x0e\xab6\x97B8\xbf:\xc6(o\x9dS)\
\xb2\xe5\xbc\x08\xc4\x1cRI\x87gz9e\xca\x83\xa7\
\x0b\xd8l\xeec\xac\xf8\x84\xf4\xb6*+\xb7\xb4\xeb \
zG+\xd17\xdc\x1f-m\xcd\xa2)\x1b\x95,k\
\xce\xd5o\x10\xcc\x03\xe1'2X\xae3i\x89\x8f\x82\
J`\xe5\xa5\xb2\xf1\x1ey\x98_D\x10\xe4p\xf7\xb8\
\xc1\xaa\x17\xc0/\x03@.\xbd%_:\xe63\xed/\
\xbd\xf4R|\xe7;\xdf\x89\xaf\x7f\xfdkq\xf1\xe2\x85\
\xe8\xed\xe9Uo\xac\x88\x8d\xccnd\xbd\xdd\xbeu\xf8\
e\x84R6J|\x5cX9\xc4)\xef\x7f\x16\x90e\
\x1d\x9d\x03H\x94\xb48F\xfa{\xe2\xc2\xe4H\x1c\xee\
l\xc4\x9d[\xef\xc4\xda\xca|\xb44\xee\xcb\x90\xf1\xc1\
\xd7\x16\x7fL\x04}O\xa1,\xe0q\xa4\xe2\x0a\xa5\xa2\
\xa7.\xcb8\xf1I\xb7\x86\x83\xe6XX\xd9\x89\x87\xab\
\xdb\xb1&\x03\xd3<\xd0\x1b\x95\x81\xee\x88\xce\x96\xd8i\
\xac\xc6\xdc\xea\x5c|8u;n\xcf\xdc\x8b\xc5\x8d\x15\
\xaf\x0f\xe0Ey\x96\xf1\x94N\xa5m\x8b~\xd2\x16\xf3\
\x0b\xc3\xe9M\x00\xd77\x0e4\xbcc~\xaaM1[\
T9\xc6\x88\xe9\x86A#\x8aS\xaejG\x8a<\xcc\
\xe2\x14t\xc6y\xe2sg\x9b\xe9\x00\x0a\xb6\x99\xc1h\
)\x82\xc7\xee^\xbb\xa1xRN\xbc\xb4\xfc\x00\xe7N\
\xecU\xb7\x1d\xd6 \xab\xdf\xdaQ\x89\xa1\xd1A/c\
\xa0 l\xbfI&]f\xfd9\x82\xe8?\x01\x08\x80\
\xe7\xdd\x0a\x83\xf54(\x85\xc5|\x81\xa7LR\xe2\xa1\
\xb2\x96\x8c\x81\xbc\x00\x1e\x12-\x1b*\x87\xb2\x98\xf2\xc7\
\x19)B\x1e\x0d\xfd\xa2\x01u\xceIu\xd6\x0fu\xcb\
\x8b\x1a\xd2\xf0\x83\x09e\xbe\x0d\xc7S.\xbc*\xa2\x95\
ut\xbd\xb8Nv}\xa1\x81v:\x06\xb4\x1dm[\
\xc3\xec\xc4\xc0\x9cB\x11*\x12U\xad\xd5\xb78~\x1a\
\xc0\xe0F.\x89\x0c\x85N\x18j\xaa\x5c\x88b\xaf\xaa\
\xb2|\xc7SXw[K\x5c;\x7f:\xce\x8f\x8f\xc4\
\xce\xc6f\xdc\xb9\xfda\xac,\xcd\x8a\xa0\x83hif\
\xb8\x08mB\xe7 \xe4\xc4\xa4\xe6\x89\xffs\xa3\xb8b\
\xd2\x07\x15\xc0\xf1\xc0n,\xad\xac\xc4\xfd\x07\x0ft\x5c\
\x8d\xc6J\x83\x86\x85\x9d\xd1\xd1\xdf\x19\xbd#\xdd\xd1?\
\xd6\x1b\xed=\x95\xd8\x89\xadX\xd8X\x889\x0dEW\
66b\x93W\x8d\x0e\xaa*Ku\x90\xe1J\xea\xa1\
\xd9cg\xcb\x91\xb1\xaf\xffT\xf4\xf4\x8ek\xec\xd8+\
\x22[4\x1cd\x0d\x10\x8f)e\xe9dc\xa0\x0e\xc6\
z\xd7K\xb2\x813R&\x99\x1ag\x97\x06D\x111\
f\xba\xe7\x95\xe9\xa4a\xf7\xd1\x06f\xfe+\x99\x1fL\
\xa4@\x1b\xbd4\x86\x0cy\xd8\xda\x97uU{U\x16\
\xa7\x91\xb6*\x97\xef \xc6\xc6\x86\xe2\xd4\x993\xd1*\
\xb7\xb2A\xc3\xc5\x03\x95\xcf;L~\xf9U\x95\xa22\
\xd0\xc0\x99\xd7a\xa9$\xa6\x04y\xf9\x99f\xb1\xba\xeb\
\xbcDW\xc4Xp\xfa1@=IGk`\x1c1\
\xb2|e#\x0ee\xcc\x8b<\x88\x83\xa1\xaa\x8a\xee\xf2\
U\x00\xaf\x07#\xba\xce\xf3Z4\x15\x98\xbd\x85\xee\xb8\
\xfa\xbap<\x04K\xd4\xcb`\xa1\xb8^d\xa7F\xf2\
W\xa6\xf1\x5c\xc9\xc8\x13\x8fM:hh\xce\xa3c\xd1\
\x85\xcc\xf9\x01\x07qt\xb4\x9b\xae\xf4OE\xd7\xf9\xd7\
\x03\x94\xeeq\xf0\xd8\xf2\x84Iw\x0e-x<\xce\x87\
\xbbY\xe4\x87\x81\xf2Sa\xb5\x1bb\xd4,\xfez;\
\x5c\x85y\x01a1\xa5\xc0Cc\xeah|\x1c\xa8\x8c\
\xdf$\xb8}\xea\xc0\xed\xab\xfa\x81\x88\x09\x86\xc9[&\
1\xe7\xa1:[Ct\xa4\xed<7T\x5c{\xbd\x92\
\xeaj\x95\x12R\xab\x03Y\x8b\x1a*\xbfc\xdb\xf4(\
\xcc\xfcU\xcc\x1aR\xa0\x94\x95E\xa3\x1cs\xedT\x96\
O\xd9P\x03\xf2c\xf8\xc9<\xd4\xa8\xbc\x9d\xaf\xbfp\
#\xae\x9c;\x1bUyX\xf7\xee~\x14\xb7>z7\
\xd6\x96\xe7c\x7fwS\xb2\xb5\xe3\xb4\xc8)\xe5\xee\xe3\
i\xa1\x0b\xfcT~\xd6\xad \x9882(h\xe2\x9a\
\xd2\xde\x9f{\x10\x0f\xe7\xee\xab\xac\x8d\xa8\xb46E\xa5\
\xa3Q\xa3\xa5F\x19\xad\xb6\x18\x1c\xeb\x8f\xb13c1\
46\x10\x95\xb6\xc6\xd8\xaan\xc5\xea\xd6\xaa\xb7\x8e:\
\xf0W\xdb\xc5+\x8a\xd2\xcf\xeb+\x99\x22@\xc6a\x92\
\xae\x1bO\x9d\xbd\x10\x03~\xfa\xd6\xa1\xc2\x19{B\x01\
\x84\x11\x8f\xff\x02\x82t\xee!\x19w\xa4\xcf\xf0\xc8\x84\
\x13\xdfi\xc4P!\x8b\xbd8\xf2\xb9j\xc6\xb2\x87R\
t>\xf7\xe3\xb9'\x94L\x95\xb7]\x13\xb2\xea\x16\x83\
\xe3\x8d\xf8\x98\xa4o\xaa\x8a\xe8\xddh\xaaD\xf4\x0ct\
\xc5\xf8\x99S14>*f\x85\xf2\x85\xd1Y\x9e\x8b\
\x83\x12\xe83\x89\xd9p\x10\xe5J*\xae\xd7h\xe9&\
M\x05\xad&\xda\xc01\xe9\xcd\xc4Gh\xfd\xf0y\x19\
\x8b|\xe1\x1e\xe2\x85\xb1V}d\xd0\x99\xf8\xdb\xdd\xdb\
7\xba#S,\xab ^\xa0\x88\xc3@\x81\xa5k\x0b\
\xef\x9c\x9b\xf8\xe1\x1c\xa9\x87\x04kk}\xddG\xb1A\
\xf7T\x22i\xcdcGW\xda\x14R\xe7\xe1 \xa5S\
eh\x83\x8c\xa3\x1bb$F\xffIX0\xebs\x06\
\xea\x9a\x1eb\xa9\x5c\xd4\x11\x0e\xda\xc0\x22x\xaa@\xbd\
\x92\xd6\x03\xf5\xac7~\xf5\x11,o_40\x9d\x1c\
\xea\xe9v\xb0t\x00yO>dX^;\xcc?\x85\
\xc1\x037\xe8\x09\xf0\xcd:|\x1c\x14\xe1\xb5r\xc9\xd7\
\xe5\xc1+2M\xb4\xc4\x88\xef\xf0\x9f\x97(&\x86\x07\
\xe3\xb7\xbe\xf1\xb5\xf8\xdeW_\x89\x0e5\xcc\xadw\xde\
\x8c\xb7_\xfbq<\xf8\xe0\xed\xd8\x5c\x9a\x97\xf0\xf2a\
\x07\xbe\xa4\xc4z)\x9c\x0592\xc8y\xa1\xc7\x1e\x19\
)O\xeb\x9b\x1aqK#\xa3\x99\x85\xd9\xb83}/\
6\xab\xeb\xd1\xd0\xaaN\xaaC\xfa\xd2\xa28\xc4\xd4\x10\
\x10\xbdnQa\xed\x1a\x126\xb56\xc4\xae<\xac\x0d\
\xc5\xdd=\xd8J\xde\x88\xae\xa4\xb4\xa0\xd9\xf3iBy\
}\xe4\xd2\xc8\xfe2\xae\xa4\x82\x19\x17\xb2\xe6#WY\
KYD\x18\x8b\xda\xa8\xb3\x97\xc5\xcb\x9b(\x97.\x94\
\x9bieZ*!\x9b\xaeD\xde\x17\x07\xf1D:\xa5\
hY(\x02\x8a\xa1\x82\xb7*XL\xd8W\xe5\x8c\xfb\
;\xb2\xc2;\x8a\xc5\x90H\xec\x90\x15mj>\x08\x1e\
0\xf4\x0f\xf4\xc4\xd8\xc4\x98\x0ak\x88\x9d\xfd]\xef\xc7\
\x0c\xf9npe\xe6\x97\xa6\x85\x15!M\x9f=t\x1a\
\x9c=\x95\xc7\x93\x05\x8c\x89T\x83\x82!\xdb\x00=x\
G<\xdd\xdc\x95W\xb7\xbb[`\xb1|B\xc1\xb1\xa3\
zlUeP\x14\xbe\xa5z\xef\xaa~\xbb*\x1c/\
\x11\xaf\x91\xf7\x17\xb7w\xf6dhe\x14\xdd\xcb\xa8\x00\
\xca\xc8*\x9bg*5\x95\x91\x13\xdf\xd6\x0f~\x09i\
\xf0\xad\xf5\x8d\xd8\xdb\xd9\x86 GF\xc8t&\xc1\xc8\
\xe6r\x13\x15y\x96H.i\xb08%Gg]C\
\xe0qa\xbf)(\xeb\x9b?\x02\x1cx\x1cO\xc2c\
\x82\x80\xcc\xab\xb8\xf8\x22\x81h\xb2\xb7_\xcc\xd9:\xe0\
d\xfdN^\x0b\xfcZ\xca1,n|B\xf0kZ\
\xe8\x9a2\xb0\x8c\x18\x0b\xbeg\xb0\xbd8\xd6\xa3\xd3]\
6K\xf6Zu\x1ch\xef\x88k\x93\xe3\xf1\x9d\x17o\
\xc47\xae_\x8e^\xe9\xde\xc2\xbd\xbb1w\xe7n\xec\
\xac\xad\xc7\xf6&\xdf\xf8\x93\xd1R\xa6xW\xbc\xcb\x89\
<\x22\x9f6T\x92P\xaee\x0c\xa4\xb9\x07\xb1\xb6\xbd\
\x19+\x9bk\xb1\xd7\xb4\x1fM\xed\xf2\xae\xdb\xd4\xc9+\
\xcf\x03ys,C\xe2\x9c\xf5\x93\xac\x92\x0a\x8d\x9e\xfc\
\xea\x9d\xee\x998k\xb6l\x8d\xf2\xce\xa1\xab\xc2\x08\x16\
\xe2=\x22\xf1X\x19\xeb\x0a\x15\xcb%\xffL\xb0Is\
\x88\xebD\x99\xf0h29{\x86|\x8c\xa9\x8c\xd0D\
2;\xe4k\xcb\xcd2V8\xa2\x0ag(\x80\x17\xc5\
\xe3O!\x1f\x9c@\x15y4J\xc1\x07\x87\x0c\xa3\xd2\
H\x1dr^\xddQz\x16\x81\xca i\xfc\xba\x7f\xa8\
!\x92\x5c\xc5\xde\xc1\xdeh\xebj\xf7\xc7$\xb6\xe5\x16\
\xe2\xb7y\xd8'T\x96\xaa\x88\xfeA\x1b\x1e\x1dH}\
\xdc@\xa2\x09c\xaan\xc4O\x128\xc2p5\x14F\
\x8am;\xd6\xd7\xc5\xdc\xe5\xd5XZZ\x11.\xc7\xe2\
\xe2R,\x08gf\x97bzf1\xa6\xe7\x16cv\
a.\xe65\x0e_\x93a\xda\xdce?.\xf54*\
\x00O\x8bo\x9e\xed\xeeQ\xa6\x0a\x04U3\x98b\x97\
\x9dK\x81oq\x87\xfa\xcbr\xe1q\x80\xb8\xb8\xeb\xeb\
\xab\xb1\xb5%\x17\xd8O\xc4\xe071}\xe2C*y\
\x1e\xc5\xb8\xbc\xe6<C\xfd\x9f\x9e\xbb\x16.\xac\xbf6\
:\xd6o\x0e\xf2}\xc7#,H?\xc2\x13\xe0(\xd0\
]\x87\xe5\x9c\xc5\x17\x19juT\x1bs<Y\x87\xc7\
\xa1\x05\xf8\x18\x16\x99}B(\xcbN\xb93\x03\x8f\xca\
\xd1O\x12\xe7\xa5 |-\x99-b(\x0a\xbdi\x96\
\x0euJ7\xce\xf7\xf7\xc5+\x1a\x12~\xfd\xca\x95x\
\xe9\xe2\xb98=4\x14|E\xf9\xf6\x87\x1f\xc5\xbd{\
\x0fby\x15\xef\x87\x95\xe98\x00\xb8\x14t\xa2\xd9\x91\
\xa2\x91\xbc\xd7\xca\x88j\x97\xd1\x8c\xf2;\xd4\xb8\xbf\xb9\
\x22\xd3(\x9d\x83\x1f\xf4\xd8\x0a\x15\xa1\xd8\x10\xf4\x14\x9d\
\xd7\xa5h/\xe7}9\x07\x81#[\x83%\xc9;\xfe\
x\xcd!\x8b?\x9b\x94\xb1\x8e\xfe\xd2\x8c\xce\xa9l\xc9\
8\x12\x81GL.\xdd\x84\x8c\x90\x85r\x9e\xf3*\xaa\
\x8f\xc2\x14\x0f\x83\x86\xb7\xa0\x8a\x88\x87B\x94\xd4:\x17\
\xb2\x87\xba\x8f\x81\xc1S\xd3\x10P.gu\x0f\x0b\x8e\
\x91\xaaz\xb2mO\xe1\x87\xcd\xfb\x9e\x90\x1b\x99\x18\xd6\
\xd8\xb7-\xbf~\xe3\x8a\xa88\x15\x94\xf37B]C\
\x01\x0d\x93\xa0c\xe1\xd9\xf9\xb3V*\x9b\xcfOo\xb1\
\xaazkG\x97\xcd100\x12g\xcf\x5c\x8a\x1b\xd7\
_\x8e\x97^|5\xbe\xf2\xf2\xd7\xe3\xd5\xaf~#\xbe\
\xfe\xb5o\xe8\xf8j|\xed\x95\xaf\xc6\xab\xc2W^y\
5^\xb8\xf9B\x9c>u\xda_\x8f\xe6\x01\x04\x06\x8b\
\xbar\xbe\x83\x01\x93\xf7\xe9\x9d\x22\xf0*\xa9\xbb\xe8\xa1\
\x13\xa1\xf3\xa07CX\x92B\x80\x06 \x9e\xc6\xf8\xea\
\xbd\xfc).\x19O\x86\x83\xa5\xb1*\xeb\xc1\x7f\xd2\x97\
)9)\x17\xfae;\xb8\xeaF\x15\x9dX\x17\x96\xb9\
\xfdf\x01\xda-N\x05>\x1b oui\xea\x12>\
s\x16\x9f3\xb8s\x12\xe615\xe2\xe3\xf0S\x83\xa7\
d^\x9e\x9a\xaeTD\xe9D\x1e\xa1\x93\xa1y\x9b\x14\
u\xb4\xab+n\x9e?\x17\xdf{\xf5\xd5\xf8+\xdf\xfb\
N\xbc\xf4\xc2Mo\xd6\xf7\xf6[\xef\xc4\x1bo\xbe\xa9\
\xce|Ur.c%\xb9\xf3\xfb\x7f\xca\x10]G\x16\
i\x1f<-\x14\xbe\xb9\xad%Z\xda\xa5\xe0~\xadF\
:J[r\x8fs\xa1LS\xc6-\x10\x8fk_\xba\
N\x1c4%w[\x81X$\x19\xc44\xe2\xe0(\xfb\
\xff\xe2\x7f\xf5O\xbf\x8f\x9b\xc5\xfbK\x8b\xf3\xf3\xf1\xe0\
\xce\xbdXY\x5c\x88\xeeN\x19\x89\xa1\x01\x7f\xff\xab\xa9\
\xd2*\xc3\xd1\x11s\x9b[17\xbf\x10\xfd}\xfdq\
f|4\xda\x94yU\xdeAukC^\x92\x8c\xc1\
\xdeN\xcc\xac.\xc5\xec\xc6Zt\x0d\xf7\xc6\xf0xo\
tvWd]\xab\xaa\x0f\xccQ|&\xf0wQ\xf5\
f\x7f\x96\x8b'c+k\x8b\x1aR\xad\x05\xd3f\x15\
\x8du\x1b\xe5F\xbar2D\xcck\xb1\xf5\xc5\xd6\xe6\
vl\xacn\x98N\xb6\x9e\xd1m\xd5\x95\x0abhu\
-\xaf)\xf7\xddRR]\xa7q\x14c\xf7e\x5c\xe4\
\x15\xf1x\xb5\xa3\xb33\x06\x06\x87c\xf2\xf4\xd9\xb8x\
\xf1r\x5c\xbbv#n\xdc|Q\xc7\xeb\xc1w\xf9\xae\
^\xbf\xe1\xf3\xeb\xc2\xab\xd7\xae\xc5e\xf54\x97\xaf\x5c\
\x8e\x0b\x17.z\x01\x1b\xe9\xd9\xea\xa3SG\xaa\x83\x9b\
\xbc-\x9e`\xec\x9bZ0+\x90M\xdd$\x0b\xa0\xca\
\xb7\xa1Rd\x0f\xdd\xa0\x19p\x0f\x93\x9e\xec\x99\xb3g\
\xa2\xb7o\xc0\x9dE\xe9\x85\xe4\xf0:\x91\xe4\xee-\x05\
\x98-\xff\xccK\x97Ff\xaes\x0e\x03\x88\xeb\xa8\x19\
\xc6y\x06\x7fb(\xcb,\xa1\x14\xa1O\x0a\x05\x095\
D\xd0\x1f\x09<\x01\xb5\xe0\x13\xf7\x8f\x85\xd7\x1f\x05\xb5\
{\x9f\x01\x9c\xe4\xc5\xe3\xa0>\x06m\xfe,\xb48\xce\
\xb1\x88\xb4\x7fq\xfa\x04@\xee\xcbv\xad\xe1\xd3@\xf7\
\xcbh\x16\x11#\xb2(C\xc0<\xb0\xf2sw*Y\
c\xb4\xc4\x97\xa7X\xfb400\x10\x15\xe9\xfe\x86F\
\x15++K\x9e\x22a\xea\x04Y_W\xa7?\xbf\xbc\
\x12;J?26\x1e\xa3\xea\xc8\x1b;\xdbc\xa3Z\
\x8d\xd5\x9d\xcdh\x90.\xf8#0\x9eb\xca\xf2T\xa2\
\xe5\xba\x04o\x89.\xd8X\xdf\x8a\xa9\x87\x0fccm\
C\xe5\xf1Y\xb9v\xdd\xc4\x19\xd0\xa8\x85-m\xf6\xb6\
\xa3\xb3\xab-FF\x06\xa1?k\x80\xa23We\xab\
[\x82N-\xf4\x18\x05\x14\xaf\xb0\xa2\xf6\xb6dV!\
Dw]q\x9e\xe4\xedk\xb8\xb7\xaf1\xe9!\xe3R\
\xc6\xa2\xf2\x92\xac\x98\xaaT\xba~\x18\xadt\x03\xb7\xb7\
7\xe4Y,\xc6\xf2\xca\x82\x86Bk\x8e\xdf\x84+\xd2\
\xc0SA\x961l)\x9f\xedhi\xdb\x8f\xa1\x89\xde\
8s\xe1T\x0c\x0c\x0fx\xe8Ue\xee\x8c\x92E\x0f\
.\xa8]R\x85`\xe9E\xa4\x85\xcb\xd5U\xdc-y\
R\xcc-\xc1\xd4o~\xe7{\xf1\xb7\xfe\xc7\x7f7\xfe\
\xca_\xfb\xeb\xf1\x95\xaf~-.\x5c\xba\x14c\x0a\xe7\
\x13\xeb\x83\xc3\xc3\xd1?\xd0\x1f}\xfd|\xd6\xbe/\xfa\
\xe5\x1a\x0f\xaa\xc1\x86\x06\x06cld$\xae]\xb9\x14\
\x7f\xf9\xbb\xdf\x8d\xbf\xf5\xb7\xffV\xfc\x8f~\xef\xf7\xe2\
/}\xf7{q\xe9\xf2\x15y[=\xb1/\xef\x8au\
S0\x0c\x9e\xc0\x96\xd2\x98\x02\xc8\x05`#S\xf0\x1b\
\x8f\x93\xc6`\x0fn\xb6~\xc6c\xaa%\x16d\x1d\x9e\
\xec)\x15\xd1\x1e\x0bn\xb3\x02\x9f\xc3\x17\x19\xb2\x91\xd2\
\xf7\x10~N\xedE1\x94\x08\xd8\xb0\x22w\x92U?\
\xa1\xd79oY\xf4\xf6\xf5\xc5e\xc9\xf7\xd7\xbf\xf5\xad\
8\x7f\xe9j,\xcaQx\xf7\xee\xbd\xb8\xb7\xb0\x18k\
rLv\xa4g\xcc\x05[\xb6\xa5x8\x15\xec\xb3\x8e\
\xb1\xe3{\x0a\xcci\xdbN\x18\x0b\x05\x10\xa4\xe1Ry\
V\x90#\x80\x84\xe3\xc0}\xa5#\xbd\xb5Y\xc6\xce\x99\
)\xd8\xc6\x88\xe1\xa0\x95&3rz\x9d\xbaW%\x98\
d\xb2\xae97\xc4dXQQ\x22`\xa0\x84\x07x\
EM\xaa4FK\x06\xc8\x05\xa9\x0c\xe6h\x98\x8c&\
\xc3\x83\xc3\xbdX\xdb\x5c\x89\x87S\xf7cj\xea^l\
l\xac\x06\xdf\x0e\xe4\xcb\xaeX\xd5\x9c\xb3\x92A\x22\x0f\
\xe5\xd7\xda\xd5\x12\xa7\xce\x8f\xc5\xf8\xe9\xb1hmo\xf5\
7\xf3YVq\xa84\xfb\x1ao\xf1\xb2$\xe6\x0bc\
\xedu\x1a\x22\x89\xa7\x18;\xa2\xb3_\xe3\xefo~\xfb\
\xdb\xf1\x97~\xe7w\xe2\xc6\xcb/\xc5\xd8\xe4D\xf4\xc9\
\x08uu\xe7\xf7\x0b\xfd\x05c1>\x9fR\x82\xaaF\
yT\xdd\xca\xf9\xb9v\xc5\xe5%\xd4\xe1^y\x95\xea\
I^}\xf5k\xf1W\xff\xda_\x8bo\xcb\x80\xb1\xf8\
q\x7f\x0f\x03\xad\xf8^fp\x1c\xb8\x86\x07\x00\xfc\xca\
E\xb6\x07\xb1)\xafl}c\xc3sh\xb5G\xfd\xb4\
\x03\x9c/\xe2\x1btN[\xfc*\xc2\xfci(\x80\xdb\
\xf89|\xa6`\x19\xc9\xd3\xcf\x050\x18\x8c\x05js\
\x9c\x92q\x5c\x17?\xdd\xc3\xb8H\xe6:\xda:cd\
|2\xae\x7f\xe5\xabqY\xf2\xbe\xdf\xd9\x13\xef?\x9c\
\x89\x0f\xa7\xa6cek\xcb\xc3B\x1e`\xe1q\x01\xe8\
\x09k2\xc9\xdb\xf9(\xdc;\xac\xc8\x98\xd5\xe6\xa1T\
\x16\xc7\xbc\xa6H\xf4\xcb\xcf\x89\x9d\xc7\x93\x00\xde4\xa6\
;F\xc4\x92\xfcL\xe4\x10\xc5p6\xba\xb0%V\xee\
\x9e\xc8\xe6\xa8p\x94\xdas(\xdc\xd7\x91D\xa4s\xb8\
,\xad\xc32'\xc5a\xf7A\xbe\x1a\xcc\xdb\xe7-R\
\xc8})\xeajli\xf8\xc7\xb0\xaf\xa5\x15c\xa9\xb8\
\xb6B\xc5\xd8\xd5+c\xd9I\xb11\x06Fz\xe2\xd2\
\xd5S1qvX\xe3a6\xf3\xda\xf5d9O\x1f\
\x93\x1e\x18 \xe6\x88A\xd5]>\xe9u(oj,\
^\xfe\xdaW\xe3\xe5\xaf\xbf\xeao\xf2a\xa0\xa0\x81\x97\
\x89y~\xcb\xf6\x15\x22\xd6$\xfa)\x87*\xc5\xdbP\
\x1e\x8f+\x10E\xa7\x9e\xae\x82\xc0\xa5\xe8\x9c\xc6\xed\xe8\
\xe8\x8c\xd3\x1aN^\xbbq#&&N)\x8a\xd2\xd9\
\x18g\xe4\xb2/q\x03\x81\x86\x0c\x157L3^\xe2\
\xf6\xd6\xb6\x9f\xb8P\x10\xf9\x96^!@Zcq\xfe\
\x1c\x9e\xc3\xa7\x05\x85H[\xe6|!=\xf0\xc32\xa0\
\x945\x19\x80\x16\xe9\xea\xe0\xe0`\xbc\xf0\xe2\x8b\xf1\xe2\
\xcb/G\x97\xce\xe7VWcny\xd5{\xceY\x1f\
\xe8h\xd1ou\xfc\xe8\x16R\xce>WG\x1e\x95\x85\
;\xb1\x90\xfd\xd4\x15\x9c\x1a\x9c\x14\xe6\x95\x1d\xf1\x09\x90\
7\xe9\xcb\xa5C<\xc1c\xd1\xa5z|2<\xdc\xf7\
\x06\xf3\xf8\x08^\xb0\x88\xeb$\x8f\x87\xa7\x07\xf8J\x0c\
xr\x0d\x10\x19\xb0\x9e\x8a\x18RW\x19\x0ev6\xf4\
\xa21\x08\x95a`2\x9b\xf5E\xf9y\xfaFW\xa8\
\xb3S\xe3\xe2\xde\xaeh\xefh\x8e\xce\x9eJt\xf6\xb6\
F[\xa7\xf2\xd00\xd0\xb3\xfe\x18\x10\x0c\x1d\xc3B*\
\x04\xa12d#\xa7F\xe2\xf2\xb5\xf3\xf2\x96:c\xef\
p'\xf8&!\x8a\xcd\xa4{z{\xd5\xd8\xd3x\x1a\
\xdf\x04\x03\xf2\xe2K\xaf\xc4\xb5\xeb\xec\xc48,\xa6\xf3\
\xbc4\x81\x06\x82\xa9\xeeM\x84\xd4\x85\xf6\xc1@)\x9b\
4\x80\x18\x1f\xd7\x11\xcc\xb90\x00O1\x8d\xceA\xb4\
\xb54\xc7\xc8\xf0H\x9c\xbbp>:\xbb\xbbL\x03\x00\
?\xdc\x9b(?\xf2\xc5\xd0+\x07\xdd\xc9L0<\xf9\
Q\x8e}\x7fJ\x9eM\xe8lh\xc53/[\xc0\xd8\
\x17\xb1\xdd\xeb\x15\xf8\x17\x05N\x8c\x10\x1e\x01\xee\x97\xed\
\xf1E\x04\xba\x97\x94\x84\x8f\x03d;\x11\xf9(L\xc5\
S\xe1\x93\xd6\xfbI\xbcD\x9e\xd0\xb3|\xd2\xaa\xa3{\
\xea}\xe9\xba\x8c\x87\xf46;u]Q\x11\xc5\xe9\xec\
\xea\x8a\x0bW.\xc7M\x19-t\x8bWs\xf6\x14\x7f\
\x9b\xa7\xe3\xd2\x17,\x80W\x13H'\xfc\xe4V\x7f\x14\
\xcd\xdc\xac\x8c\x80\xd15\xb5\xec\xe7\xb54\xc5\xf1J8\
\x92zi\x17\xfa#t'\x0d\x8a\xa3\x8d<\xc1\xf2\xdb\
\xcdF2K\x8b\xd8(\xc5kR\xe4\xb4\x17R;\x0a\
!\x17)\x92\xbd\x10\x15m\x14a6p\xd6_e.\
\x83i;\xa3\x7f\xb9'\x96\xaaQ,\x10\xc5\x88\x90G\
E\x9eR__g\x0c\x0d\xf7\xc6\xc0`gt\xf5\xb4\
\xc8\x98\x90\xf9\xbe\xe2\x17\xdcUD\x9e\x1e\xb0\x9a\x9d\x15\
\xb2\x14\xd0\xde\xd1\x12g.N\xc4\xe9K\x93Q\xe9j\
\x8e\xad\xfd\xcd\xd8k`\xb8\xa8\xbb\x8d\x87\xb1-\xc5\x87\
\x81\xfdC\xc3q\xe3\xc5\x97e\xa8n\xa8\x9c^\xbb\xa6\
^\x17\x06\x9du\xc0\x15\xbc$=\xa5R\xafD\xea\x95\
a L,\x8d\x05\x9e\xa5\xbd\x1d!\xc3\xe6\xeeN5\
\xe2\xf9\x0b122\xaa\xbc\x1a=\xfc\x14\xd1\x8a\xcf\x82\
X\xa5\x81\x07\x85\xf1\xa5\x91J!a\xf8I\xfa\xaaz\
'\xbb\xd1*\xc8\xbc\xa7\x0c\xf2\xf7\xef\x08l\xb0\x8a\xf3\
\xe3@\xa3?\x87\xe7\xf0x@\x04\x1f\x07\x1e\x8d\x08=\
\x1c\xab\x93i\x00=qgN<\xddC>\x89\xcft\
\xc7\xa5K\x97\xe2\xeb\x1a\x12^\xbax\xc9\xd3(k\x1b\
\x9b\xc1\x97yl3$\xdf87)\xe3u\x05\x17\xf9\
\x02\xe4\x03\xd8!\x91\x84\x97\xf9#\xec\xf5\xf2\x9e\xa0\x90\
\xbal\x0a5\xd5\x7f\x15F\xef\xcev\xbb\xe9!\x14I\
\xc9\xbc8\x85|+\xad\xae\x89\xc26\x17T\xf0H\x91\
\x95\xb7\xaey\x85\x84I\xba\xe6&\xbc)<\xabt\x0f\
\xd9\xbc\x1eg\x86\xd8xX\xed\xedM~\xfa\xd7\xd4\xc8\
D|~_\x90^\xa6\x043\x9a5\x1a\xba\x7f\x18\xba\
\xdf\xb4\x17\xdd\x03\xedq\xe9\xfa\x85\x18\x95\x97\xb5\xd7\xc0\
\x06}\xba'\xe7\x90E\xa0\x9b\x1a\xfe\xf5\x0e\x0c\xc5\x8d\
\x170T7\xfd\xc2l\xba\xb6\xd0\xe9,\x9f\x08Oj\
T\x03\xf7\x8a:\xf2\xbflT\xa0\xb9\xb5%&N\x9f\
\x8a\xf3\x17.DWgwzI\xca\xcc[E\xd3p\
\xeasr0\x8d'Eg\xa0\x1c\xdc\xa0\xd9\xabmn\
\xf2\x01\xd8\xcd\x82\xe7\xe4\xad#\xd9\x7f\x0c\xbd\xc7\xe1i\
\xc4?\x87\xe7\xf0(\x94\x12S\x1a\xacR\xfe\xea\xa1f\
\xd0\x8c\x8c\x13\x22\xda*\xadqQ\x86\xea;\xdf\xfen\
\xdc\xbc\xf9\x92dw;\xe6\xe7\x17=\x9d\xa1\xc8\xd2\xff\
\x13\xb2(9.E\xb9\xd4\x1b\xfe\x17\xea$\x1b\x22c\
\xa5!\xe1\x13\xc5\xbd\xeeFN\xb0\x8b\x10\xfdO\xa2e\
\xe5\xac0\xca\xcd\xee\x9a,$O\xfe\xca\xca\x94\xae#\
\xb9(\xd4V\x99\x0ceK\x89\xea\x0a\xf9\x1c\x87\xd2^\
\x15\x0e\xa2B\x95\x07\xbe\x01\x93p\x99\x07\xab\xd5Y0\
\xca\x87#t\x14\xb2\xddL}]\xed\xee\xcb\xdb:h\
\xdc\x93\xa7\xc3\x1c\xd5\x8e\xd7^\x0d\x8e\x0f\xc5\xe5\xebW\
ct|\x98\x11ll\xed\xed\xc5\xe6\xceNtt\xf5\
\xc6\xd5k7\xe2\x82\x98\xd9\xd9\xd1Y\xeb\x11\xf0\xfa\x5c\
G\x98.z\xcd\xb4\x82q\xcf\x02\xc9#\xea\xeb\xaa\xd6\
\xf1\x80\xac\x0f\xbdQ\xe0\xc5\xcbW\xe2\xdc\xf9\xf3\x9e,\
d\xa9\x84\xd9\xa28\xdcgY\x07cx\xbf\x06$\xe3\
J\xa7\x00\x10\xc6\xe7\xf4\xb7\xb6\xb7\xcd\xe3|\x8d\x01\x84\
\xaf\xcfJ\x1f\xf1\xa0\x05\xa3\xfc\x1c\x9e\xc3\xb3\x01r\x8a\
\x03\xc1\xb1\x5c+\xf58\xb0\xacs\xc2}!\x8eI\xab\
\x0c\xd6\xd9\xb3ge\xac^\x88!9\x07\xb3\xd3\xb3i\
\xb0\xa4\x83\x1e\x0d\x91\x8e\xf8\x12MO\xb0\x17\xba\x07\xa2\
\x0f y!\xb9\xe5f\x06\xc4IY\x06\x1f\x85B\xc2\
1!Ih*dFv(\x05\xea\xe8BPr\xae\
 \x98!\x0d5\xe0>\xd7\xfaQ%\x8e\xf9\x81B\x15\
\xac\xbfc/\x11+q\xa9\x88\x22Q\xc98z\xf6K\
L\xc3\x85T\x04aY)\x03\xd9\x93\xa7~,\xd9\xcf\
E\xa3{\xd1Xi\x8cS\xe7O\xc5\xe5\x1b2J=\
\x1d\xb1\xba\xb1\x1e\x1b\xb2\xec\xa3\xe3\xe3qVC\xb2A\
>\xe9% \x9di\x87Y\x99\x8b\xc3\x0d\xae\xdb\xb3A\
\x8d&!\x8dg\xbe\x08M\xa5\xea\xcah|`p \
\xce\x9e;\x1f\x03\x03\x83\x9e\x87\xc2H\x12\x8d\xfa2\x97\
\xc6P\xd6\xe5'+t\xcc|J\xcf\x8aF\x85\x22\xea\
\x0b\xc0\xb6\xb2\xdc\x1a\xfaN\x1d\x10\xc7\x89\xb8\x03f\xda\
z(\xef<\x87\xbf\x98`\xd1\xe0Xw\x0e\x94\xf2T\
\x06\xa5\xae\x17\xe1B\xc0C9\xe4\x1d\x83\x95\xc2l\xf9\
$n[[{LNN\xc69\xc9\xfc\xe6\xe6v\xcc\
\xcc\xce\xc5\xca\xfa\x86\xe4\xbc\xcc\xb3\x90E\xae%\xa4\x0e\
\xd7\xd1#\x0b\x9d\xdb\x0a\xd8q\x00\xf1\xc8\xa0\x818*\
\xbf\xe8\xa8k\xb4\x98\x8c\xc2h\x02\x99u\xa9*\x82\xa2\
f\xbeV.e\x05l\xac\x84\x10\xcfD\xb2\x81I\x1f\
e\xb5_e\x96_^\x85\x14\x98\xd86TE\xdc|\
2\xa8\xa8\xb2\xa2\xac\xb7\xc2\xbb(\x892\xa1J\xe1\x22\
\xea=\x0a\x97U\x0e\xa3\x14\x8eQSQxa\xbd}\
\x9d\x1a\xea]\x89\xd1\xb1\xe1\xd8U\x99\xec\xc3sN\x86\
jxd\xa4x\x14*\xc3R\x18\x04\x98\xed\xbc]\xce\
'\x84\x82\x1cW\x85c\xc1\x07\x80k8\x867\xcaV\
(\xe3\x13\x13q\xfa\xcc9\xd3\xcck4~k\x5cF\
\xd9bAz\xd7\x07$[\x16\xbc6{}\xd6\xea\xea\
\xaa\xdc\xe8\xad\x82\x0fYdYJ\xd9`\xa5K~\x0c\
\xf9\x91\x17\x89\x8e\xa5:\x0ey\xff9\xfcE\x84\xb2\xed\
-\x1durP/G5\x90`\x1e\x93\x22\x04U\x7f\
\xb9X9\xc3\x91_\xf4\x0b\xe3\xc1w\x10G%\xf3\x18\
.\x16\x8bO\xcf\xccx#M;6\x0c-\x0c\x99\x1b\
\xc5x\x94S\xcb<\x81\x22<?\xc6\x89\x00z\x8e\xbc\
\xac\x04t\x8c\xdb\xb2#G\x99\x01\xdc\x00r&^\x89\
\x8c\xa9\xf8v\x1d\x99t\xc2\xc6\xd9\xb5\x12\x90\xce(\x83\
 #U\xad\xca\x10y\x01\x80\x08P\x98\xb7z\x151\
Lp\x93\x8f\x89a\x18$O\x83m2xG\xc9e\
*^9\xde\xcd\xff\x09\x1e~\x8aR\xbb\xaa\xb6[\xa2\
\xa5Y\x06\xb0\xf90\xba\xfb\xda\xa3\xb7\xbf\xc7\xfb$\xf1\
\xcd\xc13g\xcf{y\x02\xb6\xd3\x0b\x5c\x9bx,\x9a\
O6x\xe1Y%\x98)%c\x9e\x0a\xd0j\xcb\x8f\
\x87\x94i\x18\xd6%\xfd\xc9\x13\x87\xe3e\xea\xc8p\xb7\
\xb7\xb7W\x06\xf3\x5cLL\x8c\x07\xdfP\xdc\xd6\xf0\x8e\
\xdax\xfd\x1a\x06TFL\xd4\x0b\x95F\xe9\xbd\xeb\x84\
\xf8\x80\xb1b8H\x9e\xf9\xd2&\xbfg\x84g\xa9\x8a\
\x22\x95\x0f\x0c\x9e\xc3_Lxfy*\x00Y\xc1d\
Xn\x8a\xc4\x96w\xe9U\xca{c\xb0\x09B/\xdf\
L\x18\x1d\x89u\x8d\x10\x1e<x\xe8u\x83\xfe\xc4\x96\
S\xa4\x8e<\xae\xf4G\x8c\xe43\x10\x88\xd5q\xc2T\
J\x85\x90P\xe7($F\xc5\xd6Pq\xbc\x1e\xc2\xc6\
J\x8aGUp\xdfDR\xa6U\x0c\xa2\x091r\x18\
\x1d\xde_t\xba\xc2\x08\xd9k\xb0\x22Zu2\x0fc\
\x19~Dm\x86\x0a\xc8K\x07{qX_R\xb9\x5c\
\x0d\x07\xd9\x18U\xfa\xdf\xd2\xcaj\xdb\xde\x98<=\x19\
CC\x83\xc5\x12\x85\xac\x0f\xe6\xc9FV\xe92\xf53\
p\xa4\x06f\xc6#)Jz\xb2\x11\x08\x10Mv\x97\
yUH\xde\xd5\xa9\xf1\xb8t\xed|\xf4\xf4\xe6\x9c\x19\
\x0bas\xa2\xbd0\xee\x06\xa5/\x8c\x1c\xf3V\xbc\xca\
\xc0\x04\xa5\x85@\xc8\x162\xb5\xfc?-\x10\x8f\x93\x9b\
\xcf\xe1/\x22\xd0\xf2\x85_\xf2\xcc \x91y\xac\x11\x91\
v\xf9\x88\x8c\xf2E\x1bF3\xd8\x86\xc5\xc5Ew\xba\
\xb9S\x8b\xe2|\x029~\x96X,2*N\x959\
\x86\xa7$E\xe79\xf4\xd0\xb9\xa2\xd8;\x12A\x1c\xfd\
\x82\x22FCXN\x9eA\x93\xe3pBV$3\xb1\
(i\x0e\xc38U\x88\xc3\xbd\x9dK\x96T\xfc\x87\x8e\
\x92\x96\x04\xa7\xb7R\x17\x8a\xce\xe4?^\x19e)}\
~W\xb0\x1a\xed\x9dm1\xc6\xbb\x8a\xed\x95\x22_E\
\xc0\xb4S(CR\xd7#\x110\xbdy\xfadP\x16\
\x94\x8dit:\x1ba!F\x93:\xd6@FQa\
l\x22\xc7S\xd0\xde\xee\x9e\xb8~\xe3\x858\x7f\xfeb\
45W\xe4\x16\xcb\x08)\x16I\x92\x1f:\x81\x16\xf3\
]\xecW\xa7\xc0w\xfey\xf5\x86\xe1$\xa1\x80\x8f\x05\
\xbd%\x94\xf7~\x15(\x85.\x9f\xe9<\x87\xbfh\xe0\
\xe5FB$\xea\xd7\xf1\xb2\xd3\x89\xc16\xa4\xefD\xe7\
\xcaki==\xbd\x1eI,.,\x12\xc9\xc2\x8a\x1e\
fG\xfd\x09\xa0\xd4\x91\xc7\xa4\xc2'(\x14\x5c\xc32\
\x86X\x0d\x12g+i**C\xba\xbc\x120\x7fd\
\x1a\xf1&T]\x8c\x85\xee\xdb\xc3\x12\x07\xd0\xadT\x8a\
LG\x22[g?\xb6\xc7`\xf9\xa6\xef\xc3<.\x19\
\x86\x1ejHw\xa0\xb2}[e\xd4<1]B\x1b\
\xbbM6\x899\xa6H\xe5\x97\xc3\xb3\xcd\xed-\xef2\
\xd8*\xeb\xde\xd3\xd7\xe7\xe5\x12^6\xa0\xb4\x1e1\x8a\
\xa9\x0c5\x1b4$\xcb/\xf1\x1ca\x0eqUF\x81\
\xb04\xcb9BL$\xe3ivPHO1\xa1f\
\xbc\x0a\x03\xe6\xb20\xd4\x05\xf2:\xcf\xb5\x9b7e@\
\xc7=\x89\xc8\x9c\x1a\x1c\xa1.\x12\x1br \x1b7\x0a\
\x8d\xbd!\xd7yem\xc5\xf5R\xe6\xbeG\x83\xdb\x17\
*\xe8`\xf0\xd8D\xdd\x8a\xc6,\xf1\xe3\x80\x18G\xf5\
I|\x0e\x7f\xb1\x00\xbd\x02\xd9\xc4\x12\xc4X\x1d\xdb\x91\
\xb4@F\x08\x1e\xc5 WO\x90-dN\x9aj)\
B\x0f\x88\xcb*\xf7\xae\xee.\xee\xfa\xfb~\x14\x96\xaf\
\x94I\xeaKy\xae\x03\xaf\xcb\xe4X\xdcK9Nd\
$T\xce5;,\xa3\xba<\x95%\xe3@\x04\x8dE\
Y\x07\x85\xc2{^\x8a\xc8E|2\xb5EE\xc9I\
\xa6\xb0|\x7fN\x0a\x83&I\x09\xf1\xb62\xbe\x03\xcc\
\x10L\x19)\xec\xa19\x9f\xbcN\xc8\xbc\xf2\x97\xc4\xb8\
,\xce\x89_\x1c\xd3p\xa5a\xc0hp\xc4\xb2\xef\xed\
\xed\xc7\xc6\xfa\x86\x9c\xad\xc3hn\xa9DGG\x87*\
\x93\x9e\x1f\x15\xf5\x22P\xce}\xad\xf3\x92\x09\xca\x98y\
\xa1z\xe3\xf34(\xab\xf58\xa0N\xe6\x13\xe7\xfc\xd3\
)W\x95\xa6\x16\x7f(\xe1\xd2\x95\xcb\xd1\xdd\xdb\xaba\
\xde\xae\x87\x84\x8e\xaf\x88\xd9H\xaa\x17?\xa5\xdf\xd8X\
\x8f\xe5\xe5\xa5\xa8\xca\xc3\xaao\xdc\xa3IJ\x92!$\
\xcf\xe1\xcb\x02)\x15G\xe0~\xea\xcf\x09\xa4!I\xdf\
^\xe7P\x00\x00\xa4\x9aIDAT\xb0\xae\xc9f\xb0\
\x0f\x1e\xf3\xc3^\xaa IM\x0dNY\xc7\x9d\xb1N\
\x17X\xcf\x9b\xd4\x85#p\xd6\xb5\x08\xba\x97\x7f\xfe\xe7\
-\x9c9\xa3P\x1b,V{\xabp\x82Q\x1c\xf7\xef\
\x1c\x15\xb9\xfc\xae=\xde\x90-0\x9eD14\xcc\xd6\
p\xb6\xba/\xc3\xa0t\x04\x95\xde\x02\xc7t\x1dU\x15\
\xaeA\x9d'a\x9c\x03\xbaP\x22\x1b>B0\x8eJ\
G<\xd2\xf2:J\xee\xff\xcc\xf5\xa1\xd731'\xc4\
\xea\xf8J\xa5]yB+\xe5\xeb\xa8\xac\xdc\x83\x14X\
\xf8\x7f\x89\xca\x9f\xb0\x8f\x03\xc80)'\xc0\xd4\xd5\xa5\
?\xaa\x8f\xe2\xdb\x88\x1fDWW{\x5c\xbcp1.\
\x9c\xbe\xa0\xa11O\xfd\xd4\x88\xd4E\xf1\xdc\xd8\xd0\xa8\
\xfa\xf2\x10\x00#\xb5\xba\xbc\x227z\xcbK?j\xe0\
|\x8f<\xb1\xe7\xf0\x1c>K\xb0\xcep,\xf1ct\
\xa4\x94\xe3\xd2\xbb\xe2\x15\x1c\x9en{\xad\xa6\x0cF9\
U\x84\xcc\xdb`\x95r\xac\xeb\x12\x9c\xc7c\x80\xf0\xa3\
{\xd2W\x9c\x15\xabo\xa9\x91\x94\x8d\xb7\xa4S\x1b*\
2\xe5\x0f\xf4\x93\xbe4\x14\x19\x91Xef\x80\xcd\x80\
\x8e\x8a\xac\xfc\xb2 \x10\x12\x8f\x14\x0e\xc2\xf3\xbc\xb8\xf6\
\xff\x04\xdf\xd3\x9fS17U\xe4W\xce\x8b\x11\xb7\x1c\
vZ\xd5\xe51\xedW1PxMx\x88\x14\xadp\
\xe7S\x22\x89\xf4\xcf\xd6V\xf9\xf95q\x1d\x09\x7fF\
\xa8\xafe=\x90Er\xeb\x08L\x83hd\x03\x89\x89\
\x91\xe1\xb8|\xf9r\x0c\x0d\x0ez\xd2qo\x97\x05\xb0\
2\xf0\xea\x81\xd2T\xd1\xd0\xf9\xce\xe2\xe6\xe6\x86wa\
\xc0\xa0\xd5C6\xcd' \xf69|!\xe0d\x8b}\
\x9c\xe2\x7fQ\x00:?\x91\xb4\x11Yz\xc6\xf7\x06A\
:\xde\xfa\x8d$\xb9g\xdd\x15\xf2\x1d\x86\x93\xf2\xfdd\
\xed\x12X\x99\xd0\xef$\xaa\xd1N\x1b\x995\xc8\x0c\xa8\
\x10\x0fW\xec\x01PN\xa3\xf4:\x8d\x84\x87p\xfb\xbc\
\xc7\x86Q\xe2\x9a\xf0\xbc\xa7;\xf2T\xf6\xa5\xa2,\xdc\
L\x1b*-L\xa4\x1c\xd6\x1a1\x17V\x14\xee\x92\x0b\
p\xbeY\x18W\xba\x8f!)\xce\x0b\xcb\xcc9G\xbe\
\xe8\xe20\x5cM\x9d\xf3\xe84=A\x94\xbf\x84\xa4\x0f\
(\x8f\x9c\xb9X\xf21\xb5IyQJ\x0d\x8fA]\
\xc0\xc9{\xf5\xf1k\xc7\x92fAS\xb4\x08\x9b\xa3\xad\
\xbd#\xce\x9e?\x177n\xbe\x10\xfd}}9\x91\xce\
&f~\xe3\x5c \x9a\xec\x95\x0av\xb6\xb75\x1c\x5c\
S\xbd\xf2\x9eyR\x82\x8dm\xf2\xe19|\xf1\xc1\x92\
\xa0\xf6{\x04\xcb{\xb58\x89\x5c\xe49\x17\xbfy\xb0\
a\x15zd\xc1)\xc7\xc7\x90\x96\xf5J\x9d\xb4j\xab\
\x22^\x10\x9e7\xeb\xecH\xd6\xdf\xc1\x8a\xe7\x17\xf6\xad\
\xcb$U\x97\xed\x9dV|\xbb\x88\xcb\x91\xfc\x92\x10\xcf\
}\x095\x0cTh\xea\x8b,b\xbap\xe8\x06\xfd>\
\x13ne>(O9\x0c,\x89\xe4\xdc\xd7 F\xc0\
F\x843(g\xbe\x08\xf2I\xcfO\xc4a\x88l\xc4\
\x14\xa8\x83CU~Y\x19W\x08$.\xe5C\xab\xe2\
$\x96\xf9\x14\xa0{mm\xccU\xb5{(\xc5\xa7\xbc\
\xaa\xfb\xcc\xf9\xc08\x8c\x93\xaaJ\xf9>\xaa@\xca\xd3\
\x11\x94\x85p\xde\x99\xdf\xd1/\x03\x13MF\xad\xb0\xe3\
\xa0\x185\xc8h\x84$\xcaWJo\x89\x17\x16\xc5\x83\
\xbe\xfe\xc1\xb8r\xf5\xaa\x8dVG{\x9b\x0d\x16_\xf3\
\x01h\xe0\x9cgk\xf2S\xc3\xa5\xa5EO\xc6\x97\x85\
\x97np\xc9\xefz>\x95\xf8\x1c\xbeX\xe0v\xe1\xa7\
\xf6\xe2\xe1\xca\xd1\x8e GmVb\xa9?^D\xed\
\x0eI2\xa1C=~\xdeP\xa7\x025\x1a\x98\xdf}\
\x12-|\xd1\x99\xba\xa6JKfU/\x87\x17\xb2[\
\xfe\xaf\xc9\xb2\xd0\x1e\x96\xed\x07\xe9\xa5\x8b\x85\xbe\x81i\
O\x88I|\x8c\x0f\xcb{\x08g\xce\x9a\x81`A\x8d\
3\x80q\xa4\x92\xa2\xb3\xbd\x8b,\x01)k\x8c\xf5=\
\x81\x19\xae\x0c\xc8R:i\xd0]\xff\xd0B\x0c\x057\
\x95\xab\xf2-\x86\x81\x8e\x97\xb1\xb8v\xe5\x88[\xc3\xbc\
\x9f\x9c)\xbd\x0f\x9dC\xbd\x8ef`\xe1\x890\x97S\
im\x8e\x8e\xaeV\xa5\xdb\x8f\xad\xedu\x09F~\xe1\
\x97\xfc-\x1c\xb6\xbaEi\xfc+!\x0bz& \xe6\
\xb3\xc7N\xa0\xacl\x1c&\xf7\x1bbhx8\xae\x5c\
\xb9\x16\x13\x93\xa7}\x8d\xf7\xea\x87\x13\x8a\x92\xfcl\xf0\
WvfggcK\xc3A\xee\x9b\xe8\xe7\xf0\xe7\x02\
\x9e\xa9)%\x07\x9fT\xce>\x0f@\xfd\x9eFWm\
\xdaEz\x87\xcaS\xdb\xecX\xd1\x01\xe9j!\xe7\xc0\
\x91\x9e+\xa0\xb4\x19\xb6+\x1cI\x87\xae\xa6\x1dJg\
H\xe7\xa5=\x12(I*\xb7\x7f\x0e\xcc\x1b\x09\x94\x02\
f8\xbf\x1ap\xaa[.\xbc\x8c\xa3\x83\x1fKrt\
\x08\x05\xe7\xb0\x10\xa3\x05\x01\xc7\x80d\xc7\xa0.\x7f\x01\
Y\xe5\x09y\xa7a\x03\x9c\x8f\xb0\xa5\x85U\xe3\xed\xd1\
\xdcr(\xafdV\x95\xab\x8a7<\x9c\x87\x00\xa5)\
\xb0\xac\xec'\x85\xfa\xe2\x81\x93\xb9\xb8\x07*\xce\x8f\x00\
:9\xd2[d\xd9\xad\xadmq\xfe\xfc\x85x\xe1\x85\
\x97b||\xc2\xc3\xd6\xf4B\xd3\x90\x13\x87E\xa1\xf3\
\xf3\xf3\xb1\xbc\xb8\x18{\x1a*>\x87/7 \x17\xbf\
\x9a\xd4}\xf9\x00y\xe75;\xe4\xb8R\xa9\xd8\xa1H\
\xd9G\xdfSoK\xdd5\xa07bN\xc6\xe1H<\
\xecC\xeaB=\xe7J\x8f\x14\xf0\x97\xacH\x81\x17\x92\
;o\x16\x19\x14v\x05C\x84\xf2\xd7\xe6PTP\x16\
\xce\xf3\xbe$\xb4\xf4\xa2j\xa0@\xf6vr\x0a\x85+\
G\x91ROB\x01\xe4\xe3\x03\xf9e\x90Ae\x11F\
\xfcG\xee\x17\x99\xb0_VK\xa5!\xba\xbb\xd8d\xbe\
A\xc6j^C\xac\xdd\xbcI\x1dtp\xda\x02\xcb3\
[\xfb\xba\xd0z MIc\xedn\x11p\x94G\x02\
\xc1<Q\xc4`\x1d\x07\x05\xa8\x0c\xaf3Q$?\x19\
U\xe3\xb5\xb5u\xc4\x85\x0b\x17<\x7f\xc5\xfe\xd6,\xa0\
c8HC\xe1,b\xb8VW\xf8,\x18\x9b\xf3o\
{\xbd\x16Yc(q|\xed\xfcf\x01\xcf\xe1K\x00\
\xc8G\xbdlp\xfdq\xf0,q>W\x10\xfd\xb5\x0e\
\xf91\xc2g#b\xc5l\x08\xbeN\xce\xa5\xb7\x0aW\
g\xcc\x052\xfd\xe4Je\x86\xc8\x7fzU\x5c\x93\x0e\
e\xa0\xa3\xe7:mQ\x99Ic\x1c4\xf9\xdb\x0e\xac\
\xd2d\xcdRU\x09I\xc0\xae\x9f\x84\xe5\xeb2v\xc0\
\xec\x0dx\xc9\x82}8\x86\x87\xac\xc0\xce\x8c<\xf6t\
\x1c\xaey\xca\xc5\xd39\x1d\xa5e\xd4\x87\xc2\xd3\xdd#\
+\x9d\x8b\x80\x5cU\xeb3E(\xdf\x13Tz\x12\xe8\
\x0fu\xf5\xfbx\x94\xc7\xdc\x8e\x98\xe0\xad\x91\x85\xcdM\
\x0d|\x1f9z\xbb\xdae\xb0\xdabss=6\xd6\
\xd7\xbc\x17:\xf4A'\xf9\xb8\xb2\x18V\x94\x1f\xab@\
\xb8A\xd7:\xaf!4QM\xa1\x17\xcf)\x9a\xa9\x81\
n\xa1\x99\xa7\xf4\x18a>\xf6\xc8\xee\xa1\x18\x12\x9e|\
\xc0\x972[\x8a\xc3\x97\xb4!kR<\xceU7\xca\
\xe8\xee\xee\x8d\xcb\x97\xaf\xc6\xc5\x8bW\xa2\xbd\xbd\xb3f\
\xac\x00\x8c\x1b;00o\xc5\xfc\x15\x9d\x87\x8d\x94\xee\
\x91u\x91\xfds\xf8\x92\x02\xed\xec\xb9\xdd:<\x09\x1e\
R\xa9\xdd\x8f!\x02\xf5k\x02\xb2S\xbf\xd8\xf9q\x98\
^\xcbq\xf0\x0b\xcc\xc2r\xc1\xe8I\x8066\xdb;\
\xa8V=2@\xd6{\xfa{5\xe2i\xb5\xae\x00\xe9\
\xfc\xa0\x03:*\x0b\xe28a\xd1\xfb\xba3G?\x8b\
\xa3\x8d\x95\x8e\xf6\xbaPF\xf4T?l\x84u\x1a\xd0\
\xad\x22S\xb2SF\xe4\xe5\xcct\xb3\x88\xe4\x0c|V\
\x04\xe9:\xa3\x1e\x85SXCa\xc8\x8a\xac\x0d\xd0\xe7\
\xf9u\xcek\x19'\x94\x0dR3\x1c\xb5\xcc\x9c\xbd\xa1\
\xbc\xc7\xae\x9f\xcd\x1a\xfe\xf1.\x12w\xbb\xba\xdbcp\
\xb0[\xd6\xfc \xee?\xb8\x1b+++I\x16\xff\x9c\
\x8eh\x08F]\xa6\x86G\x85\x05\xa8/\xfb$\xb8\x0e\
`q-Q\xa2\xa0\xac\x93\xc29\x16\x85\xbb\xb4\xb2\x9e\
I\x0b\x1eTc\x8c\x8c\x8c\xc5\xab\xaf~=\xbe\xf1\xcd\
o\x89\xf6\x9eb\xb2=\x9f\xa6p\xcePp\x9d\xad6\
\xd8\xb1\xe19<\x87/\x08\x94\xfaT\x0f\xa5\xae\xae\xaf\
\xad\xc7\xb2\xf4\xae\xb1\xb9)\xfa\x06\xfa\x0b\xddd\xb1(\
\x8b\xb1S[\xf8\xff4\xdd*bd\x9eFkU\x81\
\x096f\x99\x9f\x14L\x04a\x01=\x91nu\xd3\xff\
Z)\xf4\x06\xf2 t\x8f \x0c\xa7\xf3#\x8e\xc23\
-q\xb3 +j=\xd4.\x0bb\xf0L\x8a8\xa4\
\xa5\x08\xf3\xc3\xc6\xce\xb1j\xf7\x08\xb6)p\xa1\xf2\xd6\
\x14\x07&\xb0'VKkS\xf4\x0f\xf6D\x7f\x7fw\
\xdc\xb9{;\x1e\xceL\xe56\xab\xfeA\x9d(w}\
J\x83\xe5\x10\xe5\xf38\x03v\x1c|7\x89I,\xd3\
'\xa1Fl~\x0e\xd3\xb2\x0e|\x09\x9b\x85\x14>\xaa\
\x08\x8eY\x13\x1d\xa1]u`\xbf\xad\x17_|9n\
\xdcx\xc1\xcb\x1b\xf8`D\xc1\x0a\x1b[>\xcf\xe5%\
$.\xe79<\x87\xdf\x1cX\xff\x9e\x22\x87l\x85\xf4\
\xe0\xc1\x03\x19\xac5\x7f\x07\x94\xad\x8f\xd1<\xde\x11\xf6\
\xdb0\x92w/,*<\xac\x1a<.K\xebt\xea\
H>%g\x84\x96v\x02\xf5\xe0\xd59'Tp\x06\
\x16HXI(\x8a\xee\xff\x18%\xb9c\xdcv\x1c\xa5\
r8q\xec\xd6B\x813\xf3\x9d\xd2\x94\xfa L\xc3\
\xa7BE\x80\xf7j\xe6fF\xc9\x12\x8a\x00\x8eEJ\
\xff\x08H/&\xbd\x14\xca\xf3#\xe1C\xd1\xd2|\x10\
=}\xed1>9\x1c\xd5\xd8\x8b\xe9\xb9\xa9XX\x9c\
S|\x0c\x92\x92(.\xb9\xe5\x13\x0b\xbc\x15<\x19\x86\
\x9d\xba.\x09+J\x03\x5c\xb6\x90a\x9c\xc3\x89s,\
^\xba\xccl\xb0\x7f|\x98\xa6\x1fQ\xcb\xa3\xcf\x8bk\
\x9f)\xa5\xd2\x81\xbc\xce\xc4\xd6\x1a/\xbc\xf8\x92\x87\x85\
\x18\xac\x1c\x12\x1e\x06\x9f\xb5go+\x8f\xf7\x9f\xc3s\
\xf8\x0dA)\xabO\x03dtm}-\xee\xdd\xbf\xaf\
\xf3C\x7fk\xb3\xadR!\xb1\xef[kk\xf6\xa4\xb0\
\x11\xe8M\x8eA\x1e\x01\xeb\x8b\xe2\xdaX\xc9PeZ\
\x85):K\xac\x0a\x8b!p\x01B\xff\x11C\x99;\
$\x8f2\x0d6\x0e\x9ecAK\x014Rws\xcd\
D\xf1t\xcbkF\xf0\xbed\x18\x0e\x12M\x84\x8a\xca\
|SuKev%\xea0\xd7\xa5\xa4qI\x13\xa9\
\x9f\x22\xa7\x81\x122\xafV\xc6\xa3l\x95[\x91w5\
<\xd2\x13C\xa3\xfd1\xbf<\x17\xb7\xee}\x10\xab\xeb\
\xcb\x8a\xc3F\x7fJ/\xdb\x04\x9f\xf0\xc4\xf8l\xbd\xf7\
\xf0\xc2\xf0)\xac\xd6 \x0a3c@.\xfd\xcfw\x1e\
\x0b\xf5\xb7\x93vQSC\xae\x8b|\x01\xea\xec\x1e\xe2\
\xa8\x0c\x9edNNL\xc6\xd7\xbe\xfe\x8d\xb8~\xfd\xa6\
z\xa5n\xd5mO\x86j3\xd6\xd6V\xddc\x91G\
v\x0a%$\xbf\x8f\xf0\xe8\xf0\x1c\x9e\xc3\xaf\x0b\xa5\xdc\
\x1e\x93\xdd\x12\x14d\xb5\xd1\xa9\xf5Rq\xf6\xf7\xf6b\
~a!f\xe6f\xa3\xbd\xa3#F\x86\x86\xd5\xf1\xb6\
\xe7pM\xbaZ\xda\x02\xcb\xb1\xd2\x95sp\x1e\xe9\x90\
_\xa1Ay\x1fG\xc4\x97>b\x03@[\x01\x05\xb0\
x\xf4h\xceJG\x07\xfafF \xbb\x04\x9d\xeb\xda\
CD\x93[\x87*\x9d3\xfc\x00\x88\xb3\x97\xe5[\x10\
\xa6s\x85\x99P\xfd+\xedi\xa6$\x1eg\x09\x9c\xdb\
\xd8Q\x11\x88,n\xe5\x047\xb1\xa9\xbf\x18D<\xae\
\x95\x1f\xb4\xec\x1d\xf2u\x9b\xfd\xe8\xe8l\x8eKW&\
\xa3\xb3\xbb9\xa6\xe6\x1e\xc4\x9d{\x1f\xc5\xe6\xe6\x8a\xe2\
\xee9\x9e+\x0e\xb3\x9cg\xe6U_~=\x98^\xa1\
y\x02:\xf4\x09\xe0|\xa0;\x0dy\x22\xe7,\xae-\
\x86rdR\xf0\xb2\xde\xf60\xa6\x1f\x1b\x1d\x8f\xaf~\
\xf5\xd5x\xf9+\xaf\xc4\xc0\xc0\x90\x17\x8d>|\xf80\
\x16$\x04N{\xccX\x01PS\xa2\xe0\xe4\xed\xe7\xf0\
\x1c>M@\xbe\xad\x93\xe8v\xea2\xa2\xb7_\xad\xfa\
\xc9\xf5G\x1f}\xe4y\xe4\xc9S\xa7r\x97\xdeb]\
fM.-\xff\xf2\x8a\xe4-\xd9S\xca\xc0<G\xb6\
\xeb\xe4\xdbQ}L\xddL\xfd\xd4\x91P\xfd52\xa6\
$\x01\xc1\xd2e+\xb5O\x08\x108{\x12\xa69R\
T\x15\xec2\x88P\x8f\xfc\xa7\xe0\xa2\xf0\x1a\x0d\x18-\
]\x82\xfctD\xa1\xf1\x8cL\x5c\x1da6R\xc2\xd2\
\xb0\x90\xad\xfet\xceS\x05\xe2\x13\x0fw\xc8\xd9\xa6\x11\
\xd2\x90\x8e/\xdc\x1c4W\xa3o\xa85N_\x1a\x89\
\xe6\xce\x88\xdb\x0f>\x8a\xfb\xd3\x0fbcg;\xf8\xfe\
\x1fO\xf1x\xaa\x87g\x86\xd9\xac1\x8b\xac\xeai\xa8\
G\xf2\x17\xc1,\x9a\xf5\x968EE\xec\xde\x16\xa8\x7f\
%g\x8c\xe4\x9e\xd7\x99\xdeo\x08\x08\x09\xc7\x9f\xad/\
\x97ckk\xc5\x9f\xb0g\x0d\xd6\xf5\x1b7\xfd){\
\xde\xc1\xe4\x89 \xc2\xf1\x1c\x9e\xc3o\x0a\xd2HIr\
-\xbc\x04\x08u\x8d\x13\xb2\xbb\xb5\x1d\x0f5\xfc\x9b\x9a\
\x9a\x8a\x9e\x9e\x1eo\x80Yi\xa9\xa4\x9e*\x9a\xed\x06\
\xa0\xb8\x9c\x95\x9f\xe8B\xafP\x10\xeb\x81\xe7\xa4\x8e\xf4\
\xe1\xb1P\x96-\x1djLo\xa3\xc4,\x84\xfbV/\
g\x5c(\x0c\x97\x1c\xf8\xe7c*#\xa1eQeJ\
c\x11\xaf\x06uD\x99`\xd2\x97\x99\x01NV\x9fH\
\xf7m\xa0\xb2\xf2x'\xe9\xe9`\x14\xcc\xb3\x22\x0d3\
P\xfb\xb1\xab\xdfa\xdb^\x0c\x9f\xee\x89\xd1\xb3\xbd\xb1\
\xb6\xbb\x1c?\x7f\xeb\x97\xf1\xd1\x9d;\xb1\xb6\xbd\xc1\x0a\
\x0d\x19\x1e\x96Z(\x1fePZz\xc0uq\xc3\x1c\
\xc7zz\x8e\xce\x8e\xc3!\xeb\xa9\x94\x97\x1f\xf3B\x9b\
\xca\xf05e\x15\xe7|(\xb5\xa4\xdd\xeb\xcfj\x9e\x16\
\xe3\xf3&/\x1ae\xb1(\x13\xeeW\xaf^\xf7\x8a\xf7\
z\xc8'#\xcf\xe19|>P\xea\xc3c\x85^2\
\xcc\xbb\xad\xb333qG\xbaU\x95\x87500\xe0\
W\xc9\xdc\x99\x13\xc5\xff\xa5c\x92\xdb\xa6\x06\xb6\x14\xcf\
\xa7\x82e8\x90e\xc8\x11\xe0X+\x88c\x89%p\
n\xe5\xc1I\x12Q:\xb7\xeapT\x01\xcc\xc4\x13\xe7\
\x10/\xc4i\xc9\x988\x85\xc1A\xe9\x14\xee\xebbp\
W\xd0\xa9\xeb\xd2\xe8\x15\x01\x02\xebf=\x14yr\xc2\
\xa14^%p\x96\xb6\xa2\x88S\x18\x0e*G^\xf6\
v|\x87!\x22\xa80]\xefG5*\xf2\xaa\xc6\xcf\
\x0d\xc5\xe0dW\xdc\x9b\xfb0\xfe\xf8\xb5\x1f\xc6\x9b\xef\
\xbf\x1dKk\xab\xba\xab\x14--\x22N\x06\x83\x04\x05\
\xd8\xca\x17\xf5*\x0d\xd8\xe3\xc0\xd4\xb82\xd49\x0d\x92\
\xe7\xa2\xfc\xd5i\xf6W/\xf3\x10\xffd\x84\xbc\x92\x17\
7\x94\xf8\x8a\xc7=\xa3\xe0\xa8L\xa2\xe6V;cc\
,k\xf8\xaa?q\x84\x00\xd4\x5cg\x8e\x8ac\x0e\x95\
yd6\x7f\xe1\xc0<x\x0e\x9f-X\x1fuD\xc6\
\xea\x10\x19\xe4%\xe4\x85\xf9\xf9x\xfb\xed\xb7\xe3\xf6\x9d\
\xdb\xd1\xde\xd6\x16}\xfd}\xde\x22\xa6\xd4\xd7\x84\xb4\x03\
,\xde\xb6\x0a\x14\xe1>\xd5?\x1b+\xe2\xa3\xd3\x9c\xfb\
\xfeQ\xfa\xb4#B\xca\xb5\x8d\xf2\xe2\xe9\xdc\x09\x14\xf5\
\xc3\xf0\x809A\xa6s\x14\x1aOd\xbfPne\xea\
8d\xd0\x84\xb2qN\x1a?\x9c\xf4czo\x90\xa7\
\xc8Ij\x02\x1b\xe8\x91;t\xa0\xecI\x86\xca`\x01\
\x98\x8e\x9c\xa7'\x22\xabmC\x84\xc5\xd5\x7f\x95\xe7\x89\
6\xaee\xb08g\x18\x07\xc3\xaa\x22\xce\xcf&\x1d_\
50\xc9\x0d\x0eo\xe9h\x88\xf3W&\xe3\xfaK\xe7\
c\xa7\xba\x12o\xbc\xf9\xd3x\xef\xc3wbye-\
\xb6v\xf7\x94Fi\x0fs\x1d\x13\x86\x00\xa3\x00'0\
\x0c\x90j\x96Q6\xcc,A\xa7\xb9W|A\xaf\xeb\
\xa3#\xe8\x15\xa4\xf0AX\x18)\x1b|\x85\x90&\xeb\
+\xa4\xfe\xf0\x87x\xae3\xcf'\xa9\x87\x02%\x08\x95\
Jk\xf4\xf6\xf6\xc7\x99\xd3gbT\x86\xab\xa9R\xb1\
\xb1K6)\x8d\xe2\x94X\xbe\xd6\x04]O\x05\xca,\
N\x9f\x05r(K\xc6\x9f\x0e\x94\xc3\xe3\x12\x9f\x06t\
xe\xa7W\x0feX.\x22N\xfc\xb2@\x8d^d\
K\x87O\xd2\x16\x9f\x1a\xa8P\xe4\xae4\x10\x8f\xa0\xef\
Abv\xa0e\xe7\xe8c\x81,\xc8\x86v>n\xf2\
\xfe\x07\xef\xc7\xbb\xef\xbd\x1bs2Z\xad\x92Q^\xb1\
AW\x98\xb7M\xe3\x83\xee\x92\xa94\x94\xb9\x5c?|\
\xc3\xceH\xb2j\xd3)Y\x9e\xd4@\xd6C\xf9\x8bI\
|\x05\xde\x1f\x91\xd1\xb1A\xd7\x94\x88\x165)>\x16\
\xa6\x11b]\x19~\x10N\xdd\xfc\xaf8!\xcc\xe1y\
/\x0bQ\x05(\xba\xb8G\x1c\xda\xa3\x84\xc7\x0a\x9d\xa3\
\x15y\x15i\x8a\xe0$\x1a\xe4\xbc\xc8\x09o\xa9\x5c\xfd\
\x0a\xd4\xa7%\x04\xe6\xd8X\x19\x99\xfc\xc3\xb8(\x1c\xa3\
\xd6\xb0\x1f\x1d}\x958wu\x22\xae\xbcxF\x06l\
=~\xfa\xf3?\x8b?{\xed\xcf4,\xbc\x1d\x8bk\
k\xb1\xeb\x09p\x98\xe3\xec\x0b\xc6\xc9X*\xbd7\xf9\
\xa3GP#\x95\xf7\xfcJ\x91\x90\xbaC\xa5\xa2\xa5\xe1\
\xdcSy:\x82yO\xbc\x81?\xa4\xf1uV\x15T\
\x93\xb8v\xa0\x8bu8e&\xdd\xd4\x8dmo\xd8\xa6\
\x99\x9d\x17\xcb\x84\x99W\xe2Ip~\xce\xec\xf1\x90\xc6\
7\x15\xe5\xe3\xe0Y\xe2\xfc:\x00-O\x83\xf2>\xca\
\x0d-%=Y\x87??P_\xb7\xcf\x0b\x5c\xde\xc7\
5\xc0\x13\x00\xb9\xabj\xb8\xb7\xbc\xbc\x1co\xbe\xf1\xcb\
\xf8\xf9\xeb?\x8b\xb9\xd9)\xbfE\xc2\x12\x032/e\
\xdd\x02\xa9\x80\x5c!\x80`g\xa7_\xca\xeeS\xe5X\
Xg\xcb\x8a\x90\x94\xdeb\xae\x5c\x01\xd4D\xc8\x81\x8c\
\xf32\xad#O\xb4\xf2\x0e\xa0c]A6$\xfc\x95\
\xb7?\x06\x8e\x0cN\xa69\xbaNL\xe2\x8e\x8c\xa0\x8d\
\x8f\x18\x9c\xf7\x8e\xe2\x97\x8a\xed\xe1!\xe1B\xe2\x12-\
=\xb0\xc4\xce\xbe\xd68}y\x22N_\x9d\x8ch\xdb\
\x8a\x0f\xee\xfd\x22~\xf8\x93?\x88\x1f\xff\xf2O\xe3\xce\
\xdc\x9dX\xd9^\x8e\xad\xfd\xad\xd8\x17\x87\x94\xa3\xf2P\
:\x9f\x09N0\xd4L6my\xcd\xb0\x8d\xbd\xb4\xbc\
\xa7VK\xb3W\xef2\x99n\xafo\x7f?v\xd5\xb8\
\xe5\x96:\xa6\x97_\x91\x18\x1e'\xd5\x09)C4J\
\x01\xd4\x0d\xb4\x15+\xce\x0b|\x22<\xe9V\x11N\xee\
\xc9\xadG\x81(\xdc\xab\xa3\xe0\xb3\x81\xa7\x90_B\x19\
\xa54X\x00\xc7gH\xfa\x1c\x9e\x02G\xb2U\x9c\x99\
\xa90\xf9\xe3\xdb\x9c\x05\xcas\xb3\xb3\xf1\xfak\xaf\xc5\
/~\xfe\xd3\xd8\x5c]\x8e\x8e\xf6J\xb4\x0b\xed9\x91\
\x19\xfaRv\xce\xa0d\xd5\xfbVQD\xc6(\xe2<\
\xbe<\xa7\x01\xcb\xdb:\xf1\xebG\xc5\xa52L\xc7\x82\
\xa0\x0c&3\x0e\x0a\x15\xa2|\xe5\xd3\xac\xcc\xaa8\xb8\
\x92\xfas\xce\x89N\xcf)p\x14|\x02\x1e\x09(\xb2\
vfF?\x8dtP\x1a\xa4T\xec\xa3teX\x0d\
1\x04\x8e\x93\xc0\x19\x97&M>dKGc\x0c\x8e\
w\xc5\xe4\xa5\xe1\xe8\x18m\x8e\xb5\xc3\x99\xb85\xf3N\
\xfc\xe4\x97\x7f\x12?\xf8\xe9\x1f\xc6O\xdfz-\x1eL\
?\x88\xf5\xad\xf5\xd8\xd9\xdf\xb5\x97\xe6'\x7f\xce'\x8f\
i\xa8\x18\xda\x91i\x86\xd9\xb0a\x98t]\x15\x0d\xbb\
\xfb\xd5\xd8\xda\xd9\x93\x9b\xbc\x1ew\xef=\x90\x9b\xfc~\
\xbc\xf3\xee{1==\xeb\xbd\xb6x}\xc6\xbc\x14\xb8\
g\xd10\x91\xde\xc8\x13\x8f\xd4\x19o\xcc\xc3\xbb4\x1c\
xr\xb8\xdf\x86\xb4\xday^\x07\xaec\x01\x9c\x16\xd9\
\x1f\x83\x22\x87\x02h\xa7\xc7\x81S\xe7\xe9g\x08\xcfT\
B]\xa4B\xccj\xe7_f\xa0\x1e(.\xf8\x9b\x00\
\xca\xb7l\x81b2S.%=\xe01YB&-\
\xeb2T\xeatg\xa7g\xe2g?{-\xdey\xe7\
M\x7f\xc5ibl8F\x06\x07\xa2\x858rf\x90\
;\xaf4/~\x00\xba\xe9\xb6\x93\x1c#\xcf\x1e\xad\x10\
B\xb8\xf5\xaa\xae@\xc1\xf1\xab\xe2\xba.\x10\xfb\xc2\x12\
\xc9\x14\x0a\x0a\xc6\xa5\x13\x90mf\xaeb\x14\x84\xc1\xa4\
 \x17\x82\xa7eE\xcdko)\xdc\xc8n\x9d\x1a\xb6\
0\xae\x95\xc21\xff\xc2\x86x\xe8Z\x8ey\xa9\xbc2\
6f\x19\xca.\xbd\x0e\xca!\x9f\xd2\x03\xd1\xb9\xe7\xa9\
\x08#\x92\xa3f\x85\xb9R,\xdf\xb3\xd5VHI\x07\
\x1e\xa0\xd759\x94b\x18^\xe1\xe1l\x8a\xa6\xdd\x18\
\x18\xed\x8a\x8b\xd7\xcfhXx.zG[cug\
.>|\xf0N\xbcs\xeb\xcdx\xfb\x837\xe2\xdd\x0f\
\xdf\xf1\xbc\xd6\xfb\x1f\xbd\x17\xb7\xee|\x14\xb7\xef\xdf\xf6\
\xd2\x87\x87s\xd31=?\x1b\xb3\x8bs1\xbb\xb2(\
\x9c\x8f\x99\xa5\xd9\x98^\x9c\x8e\xfb\xb3\xf7\xe2\xce\x83[\
\xf1\x9e\xd2\xbc\xfd\xee\xdb\xf1\xe6\xdbo\xc5\xdb\xef\xbc\x13\
\x1f\xdd\xfa(n\xdd\xba\x15\x0f\xa6\x1e\xc6\x92\x5cgo\
\xf5J=E\x0f\xc4\x99\xe7E}\x0a\xa6\xb8\xce\x9e=\
L\xe2\x1d\xc7\xb7\x00\xd5\xcf\x08_\x0ao\xad\x84l\xbb\
#$^\xb6K\xa6)yXBvJ\xc7!\xbb\x9a\
\xe3\xf8E\x81R\x99\xbe\xf4\xa06\xf5\xa3z\xe6\x7f\xd0\
\x89R\x0f\xea\xa0l\xb7\x12K\x1d8\x19\xfeI\x01\xb9\
\xf0\x9c\xae\x8e'\xe5\xa5\x86e\x5c\xca\xd05\xe4\xb1\x8b\
\xc9\xcc\xc3\xbb\xf1\xcb\x9f\xff$>|\xff\x1du|\xd5\
8uj<FG\x86s\xa5:r(\xaf\xcb\xda\xa9\
tL\xdb\xd4\xf4V\xe9\xb1'\xb5\xa7\xe4\x0aO}\xcf\
\x92\xe8\xa4\x89g\xe3\x86\xdd\xa1\xc0\xfc3o\xbcs\xb1\
\xf2\xb5\xf3\xa0\x92q\x8c\x1av\x97f\x95KU\x84\xed\
\xc4\x07o\xbd\x19\x7f\xfco~?\x1e\xbc\xf7v\x8c\xb5\
\xb7\xc4\x8b/^\x89\xe1\xe1\xde\xe8\xec\xe8\x88\xd5\x86\xe6\
x{z>\xde}\xf0 .^})\xbe\xf5\xf2\xcd\
\x18T\xd6;33\xb1\xbf\xbc\x14\xfb\xbb\xbbqg\xf6\
~\xfc\xe4\xd6\xbb\xb1\xd0\xb0\x1bW\xbe\xf1b\x5cy\xe1\
|\xb4wW\xb2\xc8\xfd$\x00b\xed8Jy\xf7d\
\x5c\xf8y2N\x15-\xaa\xe9\x8a+\xc0\x15b\x91\x99\
\xdf/\xc2\x00\xc2\x08\xd5\xc6\x13\xceO\x00\xf7\x0a\xca\xce\
\x15V|>g\xcd\xde\xe6M\x8d\x15\xb9\xae\x9d\xba\xc1\
GEU\xdf\xed\x83\xd8^\xdf\x89\x8d\x95\x9dX\x9aZ\
\x8b\x85\xd9\x95\xd8\xde\xe05\x17\xb6\xb9h\x97\x8b\xdb\xe1\
#[^\xb4VZ=\xe4\xc3\xbb\x82\x99\xd0\xbb+~\
\xf1j\xcc\xc6\xe6v\xcc\xce\xcc\xc7\xd2\xe2rt*\xff\
\xb3g\xce\xc7\xb9\xb3g\xd5\xa0\xa3\xfe\x86`ggG\
t(\x1f\xbf\xe7$z\xa0\x0d\x83TzN\x9e\x0b\x13\
`|M\xbb\x90R\xa0\xbd\x1c\xbf\x9f\x04x\xa0\x88y\
<\x01'\x85\xd9Q\xfd\xff\x08\xd4\xf4\xc5\xd9\xe3\x81\xbb\
\xf4\xbc\xf5`\xda\x8b\xf3\x12\x9eEqxpR\x0f\x8f\
\xa3\xf9$<\xae\xce'\xe1d>\x5cB\xe3\xa7\x0d\x8f\
\xe3\xc5\xd3\xa0\xe4\x89\x87\xf0\xf5@\xdb\xd2\xe6\xba]8\
\xee\x8e[\x9f\xf3I\xeaS\xd6\x1f-\x1b\x19\xa9\x87\xa7\
\xb5C\x19\xf7d\x1c\x1b\xae\xe2\x1c \x16\x93\xd8\xd6O\
ts{;f\x1e\xdc\x8f7_\x7f=n\xdf~'\
z\xbaZ\xe3\xd4\xf8\xa9\xe8\xef\x1f\x88\xad\xad\x9d\xb8}\
\xeb\xb6?\x19\x7f\xea\xf4\xf9x\xe1\xeb_\x8f\xae3\xe3\
\xb1.\x07\xe5\xc1\xf2b,\xae\xab\x83V\xee\xa5a&\
?o(\x89\x8e\xab \x0cgs\x83\x9c\x9b\x9d\x88\xf9\
\xe9\xc5x\xe3go\xc6\xdc\xf4\x5ctu\xf6\x08{E\
\x85\xcc\xa2<\xba\xd5\xf5\x05\x8dxVclb0n\
\xdc\xbc\x0a\xdf\x1a1\x0bI\xb1\x9f\xf0A\xb6\xec\x97~\
\xd4\xc0\xd7\xd4\x8a\xca\x9e\xe0\x89MK\x11V\xbb\xa5x\
\xfc\xb0\x87^GQ\xb3\xa6'\x12?\x0d(\x97c\x99\
7y\xda\x98\xd5]\x0b\x9d\xb7\x90/\xc2\xb0%3\xc7\
\x83\xaaP\x1eL\xf9\x220F\xae\xad\xbd5\xda;d\
p\xd4\x19\xb4\xf1\x8d\xc1\xde\xee\x18\x18\xea\x8b\xb1\xd3\xc3\
q\xf6\xcax\x5c\xfb\xfa\xf9\xf8\xc6\xef\xbc\x14\xdf\xfc\xdd\
\xaf\xc6+\xdf\xbb\x11\x97^<\x1d\x03\x1a:6tU\
c\xbbi-V\xaa\x0b1\xbf9\x153k\xf7bf\
\xfd^\xcco?\x8c\x8d\x86\x95h\xec;\x88\x8eay\
\x93\xed;\xb1\xba;\x1f\xd5\x96\xed\x189\xdd\x1f\x17\xaf\
\x9d\x89\xd3\xe7\xc6\xa3_\x86\xbe]e[_]!\xf8\
\x09\xaa&\xae\x03\xf4#\x1c\x9c\xd3{\x14\xe8\xf68\xae\
\xe4\xf5Pd\xf5\xa5\x83g1T\x86R\x5cJ\xfc2\
\x02F\xa6\x0est\x91\x88\xa7Q\x9e\xeb\x9f\xb1\xbc>\
\x89\xbf.\x94\xba\xf2,@,tgK\x9d\xfb\x87\x1f\
~\x18?\xfc\xe1\x1f\xc6\xbd[\xef\xc5PGs\x5c\x1e\
\x1b\x88\x89\x9e\xb6\xe8\x92s\xd1\xb2\xbf\xc7\x16!6>\
X\xdfL'Y\xc6\xeb\xc7H\x17\xb4\xdbH\x193N\
\xd9\xfe\xb6\x0b\x8aWO[\x9ec+\xf0\xa50\xf4\xb6\
 :*\xafh\x16\x0byfXd\x90\xf3'i\x09\
]8\x89\xe5\x06\x98_\x22H,vT\xf3\x9e\x0c\x5c\
:\x85\xc8\x1acH\x8a\x82\x8f\xb0p\xfd8\x87\xb82\
\x5c\xc9\x0c\xe4If*\xc0\xf36uH\xfe\x1e\x03\xeb\
\x9c4\xa4\xf5\xbb\x80N\x9f9\x94O\x1b@<\xb4\xaa\
\xae\xabxj\xa2\xd9\x8f\x04H\xa7{\xe4Qii\x89\
\xc6\x16\xa5k\xc4\xa7\xc3\xe6+F\x93\xee\xb5F\xb4v\
7E\xdfhg\x0c\x9f\xed\x89\x89\xcb\xfdq\xee\xe6X\
\x9c\xbd9\x1a\xe7_\x1c\x8f\x0b/N\xe8|<N]\
\x1b\x8e\xf1\xcbC1vi0F/\xeaxyD\xd7\
\xc2\x8b\xc3J3\x127^\xbd\x14\xd7^\xb9\x18\xed=\
\xcd1\xbdp?V6\x16\xd5s\xed\xa9~*\xc3\xef\
\x22&\xf3]/{\x89\xf2\x16\x0b~\xa7%;n\x98\
\x0a\xd6>\x11\x9ev\xef\x8b\x0c\x96\x99g\x00O\xac\xd6\
\xe1\x97\xb1\xc2\xf5\xf2\x0c\x02\x96IU\xc6?\x9d\xe7\xb2\
\x94\xd4\x81'\xe23\x80\xf3B\xf9\xeb\x11\xbe}\x02 \
6\xb4mlm\xc5\xad[\x1f\xc5/^\xffE\xac\xad\
\xca\xab\x19\x19\x88+\xa7&\xe3\xcc\xc0p\xf4\xb5\xa8\xd3\
\x97.\xb7\xc8\x11`\xc9\x93k#\x1d\xcbN\x17\xa3$\
C\xa3rK\xaa\xb9W\xbeyRo\xac\x01:l\xd2\
;\x1dNF\x11\x8f\xbc\xfc\xaa\x9a\xb5\x98\xf8\xd8$v\
`\xc0`9(\xd5\xc5\xeb\x1dtT\x16\x8el~q\
W5\x81\x082\xc4<\xda\xa8\x91\xae\x96\xb9\x90{D\
4\x8fH\x03\xd1yL\xc6\x95X\xac\xb7\x10b\x16\xd9\
J\x22\x7f\x18\xc2<f\x85@\x92g\xb9i\xb0\x84,\
\x17p\xe5\x14N\x98\xcb\x16}%2-T\x94Y\xa2\
+Bi:\xcdx\xa4K\x06a\xf5\xcd\x1a\x8c\x1c\x95\
\xaa\xc8\x8ewj\xc88\xd4\x1e}\xe3\xfd1tf8\
\xc6.L\xc4\xc4\xa5\x89\x18\x17N\x5c\x1a\x8b\xa1\xd3\x03\
\xd1+\xcf\xab{\xa4C\x1eX\xaf\x9f8^\xff\xca\xd5\
\x18\x9a\x18\x88\xe9\xf9\x87\xf1\xc6;\xbf\x8c[\xf7n\xc5\
\xe6\xee\xa6\x8c\x96\xe8\xc30\x8b\x84|XQ\x18c\x19\
\xac\xd2Mf\x98[\xee\xc9\x0e_ \x94#=p\x0d\
\xe1\x85\xf3\x10\xc2\x98:\xf0\xbd\x02\x1f\x07\xf5\xf7\x1f\x87\
\xbf*@e\xd9N5P\x86\xf0\x19\x04\x1e\x13#\x0b\
\x15\x9a\x1d'\xce}\xfd\xe7\x00\xcaz\x1f\xc3\xb2\x8e:\
\xa7\x1dK\xa8\xb5\xeb\x09|Vxl\xd4\x13|\xe4\xb2\
\xa6\x0f5 e\xa6\xde\xab\xee\xc5\xd4\xecL\xbc\xf5\xce\
\xdb\xf1\xfa/^\x8f\xfbw\xee\xc6\xf8\xf0h\x5c>w\
>&\x87F\xa2M\x9eM\xabt\xa7\xa2\xe4M\x07U\
\x0d\xc9\xf6e/0(i+\xf0\x88\xf8`K\xf5\x80\
wq\x8f\x8a\xaf\x95\xa0\x80\x92N\xf4\xdc\x17\xa6'\xf5\
\xd0\x1f\x8e)#\xfa\x96\xae}\x8e^\x14\xba\x12\x87{\
J\xccB\xac\x9c#!\x13,\x1e\x0a\xccy\xae\x9f\x90\
\x1d\x15]\xd5\x1d\xb9~:\xa2:\xb6r\xc4<\xe4\x11\
=\xdeJB\x16\xa0\x14(\x9f#q\x9db\xed\xa3\x88\
2\xea\xcas2\xdc/\x18H\x98F\xa2\x0e\xa3>\xf5\
\x00\xf1i0\x15W\x06K\x5c\x81Oj|\x0c\x9cR\
(\x88{UY\xab\xaaz\x16n\xd7\xa3\x82tl\x90\
\x17\x96\x1e\x18\xcb\x0b\xf6\xc4\x5c\x96\x18\xec\xec\xe5q\xcf\
\xe7\xfb\x89\xbb\x07\xb1\xbb\xbb\x17{|HuOuT\
\xbe^\xd0f\xa2a2e\x11^\x8d\xa6\x96\xc6\x18\x1a\
\x1f\x88\x8bW\xcf\xc7\xa9s\x93\xf2\xae\xa6\xe2\x9d\x0f\xdf\
\x90\xc1\xfa0\x16V\x16b{oK\xa4\xcah)\xad\
\x8f\xaa\x1b\x08k\xd3\x8f\xc5h\xd7\xd5\x9d\x8a\x01\x8aP\
~\x91\xe7\x90\x87\x17\xe2\xa7{b\x8e:\x94P\xe6W\
\x1fVB\xe6~\xf2\x97\xa5\x1c\xe1'\x07\xa7)\x0c)\
T\x97\x04\xd0\x0e\x1e\xb2\xd3N\xba.\xd8ep\x14G\
P\xa9\xba_\x22\xb2W\x7f\xfdq\xf0\xb8z~Q\xa0\
\xf4\x1eX\x1c\xfd\x08\xaaj%?\xc0\x82e\xc6'M\
~?\x1b\x1cE4\x7fuY\xef\xc9\x80\xb4z\xe1\x0b\
9\x1e\x1d\xa6b\xfb\xb7\xb3\xbb\x1bS\xd3\x0f\xe3\xc7\xaf\
\xfdY\xfc\xe9O\xfe8>\xbc\xfd\xbe\xd2\xef\xc7\xc8H\
_\xf4u\xb5G+\xf2\xa7v\xc1)\xc01a\xb4\xe0\
\xfd\xaaT\x16\x93H\x07\x0d,m\x96\xfe\x1c\xecX\xa7\
(\x03:\xd0K\xea\x89\x05\xa1\xcd)9\xdb?\xf3A\
\x9f\xa1(\x05$\xd3d\xba\xacQY\xab\xac\x83<+\
\x87d.\xc6\xd2[\xd2]\x8ar\xe4\x14<\x07eB\
\x85\xe1\x1fx\x02\xdcV\xafx=\x87<\xb8#Fa\
\x09\xcd\xa4LZc<\x077\x1a\xe7\xe4\xe7\xf8\x8a\xdb\
\x94\xf1\x1d\xe7\x09G\x80\xea\x95\x95J\xaf\x0e\x03\xa6\x8a\
\xdbK*\xaeaD\x11\xe6x\x9c\xcb8\xf1N\x93Q\
\xc6\x15\xe3\xc3:(\x8cV\xae\x8b\x12\xcaH\xed\xca0\
\xed\xec\xec\xc7\xb6\x0c\xf3\xee\x9e\xeeWe\x94d\xed\xf6\
u\x04\xf1\xdc\x94]\x91/e\xa92b6scC\
r\x99o\xbct%^\xfc\xea\x0b\xb1{\xb0\x1b?z\
\xedG\xf1\xc3\x1f\xfd \xeeM\xdd\x8b\xb5\xadU\x19\xca\
=w\x02^\xb5\xee\xef,*O<:\x0c~\xd1x\
5o\xb1\xa8o=\xb8MO\xc0\xe3\xe2}\x1e@\x8b\
\x94\xcaWO\x04mU\xb6\xfdI\x80g\xbf.<\xbb\
\x02\xff\x05\x027\xc6\xc70\xa6\xe0})Cn\x0b\xe1\
\xd6\xd6F\xdc\xbd{;~\xf4\xe3?\x8d[\xf7\xdf\x8f\
h\xa9F\xffpW\xf4\x0euDwO%*M\x18\
\x0f:\xd3&yT\x18'i\xacu5\xdb\xa2\x5c\x91\
\xceH\xa5\x8a^\x15:\x085\xc8\x80\xe5 \xa3Hq\
\xb2p/\x89\xe2\xc7\xf4\x08\x88\xc1:\x01\x05y\x8eW\
\xea\xb2\x8d\x9es+\x0e\xce\xbc\x144\x0a3\xa9\xdc\x17\
\xa1\x08!\xbd\xba\xadlN`\x97\x04A@\x1a\x07,\
oV&\xc1d\xd7\x98\x94\xf9\xfb,\x7fE\xfa\x0c?\
:/\x05\xbe<\x826\x10\xce\x07\x9a\xb8\x86\x96\xa2R\
\xd0\x0e\xf7\xa87\xe1\x8a\xafD>\xc2\xa3\x5ce.\xc3\
\x80q\x92a2\xfa\x1a\x83\x841\xaa\xa6\xb7\xa5\xf3=\
\xbc3\xd5\xc5\x1e\x1a\xf19\x17zu{a\xa0\x9cg\
A\xcf\x81'\xc5EcsC\xb4u\xb5\xc5\xf0\xd8`\
L\x9e9\x15]\xbd=13?\x1f\x7f,Ax\xed\
\x97?\x8f{\xde\x05bK\xf9\xcbc\xb3\xcb\x8c\xe9\x12\
\xcf\xd4`\xe9\xe9\x1d\x19\xad')6|\xacG\x1b\x0c\
\xd5\xb9\xc4\x92W\xf5\xf8Y\x019\x83tZ\xb5!|\
]\x18G\x91\x97\xa0\xfa\x944\x03\xdc\xfb\xa4\xf0\xdcP\
=\x1ejm]v\x12\xe0\x09(\x9f\xaa\xe3\x99\xb3K\
\xc9Vu+fWf\xe2\xe7o\xfd,~\xf2\xc6\x8f\
cqc>F'\xfb\xe3\xf4\x85\xb1\xe8\x19h\x8f&\
\x8d\xf7\x1a\x9a\xd8\x8b\x0e\x09U{\xea\xcc\xc8h\xc0\x86\
\x11\x89\xcf\xb29\xc7\x19\xc0X\x95\x0eB\xd9\xdd\xd6\xcb\
qIgat\xea\xe0(\xceIp^\xe8\x9ct\xb1\
\xf4\xd0\x1c\x98\xf9\x22dI\x80Q\xd2\x95\xf5\x87P\x16\
2\xa2\xfc(7\x9e\x89\x10\x85#m\x91\x02p%\xf8\
\x91\x9c\xf3\xf2\x06\xe0\x88\x10\x9dyr\x1f&\x94\x15\x01\
\xca\xf3zCU\xa2\xfe\x89\x11\x1c\xb9W`\xc1J\x05\
\xaa,\x8c\x18\x06\x04\xbb\x95\x86*\xe7\xa5<\x82\xd5y\
\x81\xba\xc1&~| \x83\xfb{\x5c\x17\x06\xa9\xb4\xe4\
 \xd7U\x192\xafFW\xbc\xd2P\xe9\x8f\xe2\xdc\x90\
\xae=\xe7\xaa\xa8R\xc8h\x1d\xc6\xa0\x5c\xe8\xf3\x97\xcf\
\xc6\xc4\xf9\x89\xa8\xca\xa5\xbeu\xffV\xfc\xe2\xad_\xc4\
\x87\xf7>\x88\x95\x8d\xe5\xd8e\x01*{ma\xdc]\
\x8f\xac/J\xceG18\x9e\x84\xfa\xa1Rm\xc8\xc4\
Q4\xd5&\xa3?!|\x9a\x06\xe0d[\x81)W\
\xd0\xa6v\xaeC\x80\xb2\x9f\xb5\xfc\xfax\xc7\xe4\xe9K\
\x0aT\xa1\xe4\xcd\xd3\xf0Y\xc0z&^#\x83\xf5#\
\x94\x12\xb8\xb6l\x09\x91\xb7\xf5\xed\xcd\xb8\xf3\xe0\x8e\xbc\
\xa9?\x8e\xb7\xdf\xfb\xb9\xe4pU\x9dko\x5c\xbc6\
.\x83\xd5\x13\xed]\xe8\xc7F\xec\xednFU#\x00\
P\x0a/\x82%\xedj\x88$\xab,#\x8f\xd6\x0bl\
\x81\xf4\xe5i\xf4K*\x1e\xa1\x0f\x0bp\x12jq\xc8\
C\xe5\xe2\x049\x96\x8aw\xb8B\xf3\xa0x\x8f\xad\xb0\
\x90\xb8i\x9c\xf4CY\xf8\xd35J[mj\x90b\
\x16\xc6\x87\xac\x14n%\x22}\xf1\xf3\x05\xb7\xf2Jp\
\x82P<\xb7L`\xf4*\xee\x22,\xc7\xe1\x8eu\x0c\
L+\x7f:\x12\xaf\xacM=\x98\x9c<5\xbd\xfe\xf9\
\x98F\xc8\xe1Y\xa0\xcbS\xcb\x92\xa1\xd3\x10\xce\xb1\xb0\
\x0d\x02\xae\xf1\xa6x\xd5R\xe95f\xaf60\xc4+\
<%\xb9\xc4\x8d-\x0d\xd1?\xd8)\x835\x1eW_\
\xbc\x10}#\xbd\xb1\xb8\xb6\x14o\xbc\xf3\x86\xbd,\xde\
Q\x5c\xdb\xd8\x90P\xa47\x95\xf3{\x14\x0b\xf7\x5c\xb4\
\x00\xfa8\xe4\xbd\xc7\x81\xe3*R\x0d\xcb\xb0\x023\x83\
#H\xaf\xbd\xac{\x1ei\xbb\xd2\x98c\xe0s\x1e\xea\
Q\x80\xbf%\xc22\xb2~\x1a\x9e\x84G\xaaQ\xc8\xcf\
I(\xe7\xe6x1\xdd\xa8\x8a\x99^\x17\x9ah\xf9\xfa\
\x0b\x00\xd6\xb1\x02J\xde\x9f\x04\xda\xb1\xf4d\x00\xce,\
\xb3\x05\x9f0 L\xa0\xaf\xad\xaf\xc6\xed;\x1f\xc4\xcf\
~\xf9'\xf1\xda\xeb?\x8c{S\xefF\xa5\xb3\x1a\xe7\
\xaf\x8e\xc6\xf9+\xe3\xd1\xd5\xd7\x1aM\xad\xf2\xc2\xd8\x99\
8v\xd4y\xef\x86$[\xcd\x84\x5ck$E;\xf0\
s[P\x12\xb4\x14\xe7\x05\xba\x8d\x8e.kP\xaf\x97\
\x9e\x07\xd7u\xda\x13\x8c+a\xc5\xcd\x022\x8c\xfa\x16\
\xc6W\xe8\x17\x99\xeb3%K\xd2\xa5\xc7\xe23\xff9\
\x1e\x97\x0e!L\x89e\xc5\xad\x5c\x85@\xd9\x0d%\x8c\
B\x14\xaf\x96\x03\xd1\x9d2\xe1$\xc3\xb3\xc4\x84\xb2A\
\xc8\xcbO\xcc\x8a2\xb2\x1c\xa1\xe8*\x1f\xfbgE\x8e\
\x8c]\xe9\xf5\x00\x16ve[\xa2iW\xbeVL\xc5\
cB\x9d\xaf 3\xec\xcbe\x11\x05]\x94-\xca\xbd\
\xac@g\xf0\xbel\x1c\xb2.1\xeb\xa0\xfb\xbe\xe6\x87\
\x99\xcaF\xf5\x5c\x14\xf3P\x8dr\xa3\xe5N\xf7\x0c\xb6\
\xc7\x99K\xe3q\xf6\xcad\xec7\xed\xc7\xfbw?\x88\
\xd7\xde|-\xde\xfe\xf0\x9d\xb8;u/\x16V\xe6s\
\x12^\xc3A\x84\xcey\xaa@\x8ahD\xda<\xaeW\
\x09e=\x9e\x06%\x815\xe4\xdf\x11X\xc9\x8b\xa0\xf2\
N\x19d\xa4\x0c\x02\x1f\x035A,\x8e\xf5\xfc5\xd6\
\x85\x11\xa3\xbc.\xc1e\x17\x90<M<\x09\xa6\x81t\
%\xd6\x83\xa2\xd7\xe7\xf3e\x86z\x1e<\x09\xcbN\x0c\
(\xc3N\x02!\x16\x93\xe2V\xa6\xc8\x0bF\x0b\xab\x1b\
k\xf1`\xf6a\xbc}\xeb\x8d\xf8\xf1\x1b\x7f\x14\xbfx\
\xfbG\xb1\xb0\xfe0\xc6\xce\x0c\xc4\xe5\x1b\xe7c`\xb8\
?Z;*\xd25%P&\x1cy\x03\xc52\x0d\x0d\
\xc2\x1c5\x089\xc7{\xf2\xaf\xa4\x89\x0e\x1aT\x88\xaf\
S\xa3\xeb\xf5<\xe9.\x08\x04\x88\xca\x81\xb8\x8af]\
V]I\xe3X\x0e\xe3\x9a\xf3\x0c\xb7\xa6;KG\x82\
\x18D,#\x16w\x9c\x98\xf0$\xccE\xc8x`H\
\xf2\x91\xa2\xa1v/\xd3\xf2\xab\x9d\xeb\xb4\x0csx\xde\
*\xd2\x90[\xa65A\x85a\xca\xe5\x11\xbaVX\xae\
`g\xcc\xdd\x14-M\xcd\xd1\xdc\xd4\xa2\xa1R\xb3i\
 s\xcf]\x15H\xe6\xf6\x0e\xc8\xb7\x16\x8eQc\xeb\
\x96D\xfd\xb3q\x12\xcf\xd3\xb3\x95Fe|\xd1\x91\xd5\
\xcf\xf3\xac\x8e!\xaf3\x80\xfa\x94@\x10\xf9\x80\x9eo\
\x82\x87\xfaU\x99Lg\x1b\x1a&\x92d\xa0\x9a\xda\x0f\
\xa3\x7f\xac'.\xde\xbc\xa0\x9e\xec|\xec\xab\x07\xfb\xe1\
O\xff(\xfe\xd5\xef\xff\xab\xf8\xc9/~\x1aw\xa7\x1f\
\xc4\xf2\xda\xaa\x8c\xa7\x8c\x9d\xe7\xc0\xe4\xb5\x99v\xca\x95\
\xcf\xc3Q\xe5\x96\xc6\xe0\xf3\x06j\x0e-57_4\
\xd4#\xf5\xf6\xcf\xf4\xe6\xb9\xc3\xb8'\xac\x872\xceo\
\xa2\x1e_$H\xddx6\x04xPt\x92en\x17\
\x05\x1em\x9f#\xf9\x97\xbe\xf0\x04\x99g\xf4\xb3Ks\
\xf1\xc6\xbb\xbf\x88\x1f\xfc\xe4\x0f\xe2O~\xf1\x83X\xde\
\x99\x8d\xf3\xd7N\xc5\xf5\xaf\x5c\x89\xc9\x8b\x13\xd1=\xd0\
\x15\x8d\x15\xd2\xa8\xa3\x95*\xb3+\xae\x14,\x1a\x9bu\
A\xd9ue0\xb7\x9amK\x00m\x98\xd7\xe5\x0b\xfb\
\xb5{\xc5\x7f\xd2\x02\xb5\xd0L\x98\xf1\x0a\xe4\x96\x8f\x02\
\xea\xc9YQ\xddG\xa0\xb04\x09$\xca!Q\x91\x98\
\x7fEF\xe5\xbd\xd2-\xe5^VE\xa0 \x88\xf5\x1c\
\x96\x94\x0d(\xadd\x19\xaf\x16\xf7\x09\x90\xb9&d\x9a\
\x04\x0c\x16\xbf\xd2p\xf9C\xa7\x95\x16\xefr\xe0F|\
\x5c\xcd\x94Y\xfd\x8e\x07e\xeee\xc3\x83\xb9\xd0\x8ca\
\x9c\x1a\xca\xf1D;\x93Y\x05\xd8\x93+\xb2.\x99y\
\x04G\xf9\xe8T\xc0\xfd\x8c\x83_\xb5\x1f{<\xc8\x95\
\x00\xe1]\x89/2V\x07M{\xc1B\x95.yY\
#\xe7\x07\xe3\xdc\xb5\xd3q\xf1\x85\xf3\xd15\xda\x1d\xf7\
\x17\x1e\xc6\x1f\xff\xecO\xe2go\xbf!\xa35\x1d+\
\x9b[\xb1\xb1[\x8dmy}U\xd1d\xa3U\xe4\x0f\
\x94\x06\xe0$U\x9f%\x14\xac\x10\x14\xd6\xbc\x0eJ\xfe\
\xa4\xb2\xc0\x83\x9c\x0fLY:\x0e\xc4}\x94\x9f\xcf\xe1\
iP\xe3\x97\xe4\xedq\x9c+[\x04\xbf\xbe\xaa\x0er\
w\x7f;\x16V\xe7\xe2\x97\xef\xbe\x1e\x7f\xf0\xc3\xff.\
~\xfe\xf6\x9f\xc5\xd6\xe1r\x9c:?\x14Wo^\x8c\
\xf1\xd3c18:\x10\x1d=\x9d2L\xb4\xd9\xbe\xd3\
YSh?yQ\x1e\x8a\x9f\x90\xb1\x1a\x19\xc5\xb9\x97\
\x11\xf1'\xfd\xe1\x01Q::D\x22F\x1d\x10\xe7d\
\x9b\xeb\xda\xb2\xe0_B.Cz2\xc8\xc5H\x8b\xe8\
\xd2Q@g\x8a\xe7\xc4e\x9es\xbft\xffl\xb0\x9c\
\xbb\xff%\xe0\x22\x8a\xd0=\xd6#U3~\x0e\xd10\
.:\xd6\xf2:\x02\xc8\xca\x90,\xdfD\x12_\x05\xe7\
\x10/\xcfa\x9a\x02r\xe2\x90!\xa1\x8f\x5ccP\x94\
\x06\xeb^O\x8b\x00\xa3\xd6L>\xe4\x0a\xbdv\xa3\x8e\
#\xe5\x995\x5c\xf3W\xf2Y\xf1m\x14IoZ\xf2\
\xdc\xc6\xc9\xa9\x1cI\xd1x\x1aZ\x87njh\x91q\
R\xe3\x1f6\xeb\xacE\xbd\x8e{,\x9d\x8bV\x96)\
T\x1bw\xa3\xb1m?z\xc7\xda\xe3\xec\xb5\xc98w\
]n\xf8\xc4HlTw\xe3\xc7\xbf\xf8Y\xfc\xeb\x1f\
\xfca\xfc\x9b?\xfd\xe3x\xe3\xbdw\xe3\xe1\xec\x5cl\
nW\xe5\xca\xf3Rv>\x08@0\xa0\xc0\xfb\xfdA\
\xce\x090\x954z\x81\xe6\x01@\x9d]WR\x13/\
\xf1$X\x80\x84\x9ek,Q\xe1\xa0N\x852\xeeO\
H\xec \xa7\xd1yq\xbf\x8cz\x12\x81\xf2\xf8\x17\x11\
\xcc\x07d\xea\x04\x22o\xe59\x90\x8b\xad\x13J9\x04\
hEZF\x1a\xa9\xa6\xe5\xe9\xf2V\xaco\xad\xc4\xfd\
\xa9\xdb\xf1\x93\xd7\xff$\xfe\xf4\xb5\x7f\x13\xef~\xf4Z\
l\xee/\xc6\xe0XW\x9c\xbd8\x19\xe7\xcf\x9f\x8d\xb1\
\xb1\x11?\xb1\x96\xe3\x8e\xa4J\x86\xd4\xde\xe8\xaf\xf3\x11\
JFx\xb2\xe7\xe9\x16\xcb?F\xa2l+\xfd\xcf\x13\
\x97\xcfyJ<\xc6\x8a\x87P\xa4\xcb8\xaa\x81e\xc1\
\xf2\xe4\x14\xa4Q\x5c]\xb8\x13\xb3\x9c\xe4}\xce)\xa5\
\xbe~\xa5p\xd7\xae\x05\x85\xb1J\x86\xd8\xc0(aN\
\xc2*\x8c\xe1\x07\x13l0\x8c<9\xea\x8f\xe4\xa5\x08\
\x93\x19[\x97\x92\x07\x84`\x99\x9c?\xe9u4\xed\xcc\
\xb9\x089&\xe9:\x9aI:%D\xe7\x9e\x8f2\xb1\
I\xf0I,\x81\xf4\xe5\xcf\xbb,\x14\x86\xa2\xbe\x17'\
v#\x8a\xaa\xa0rB\xd9\x8a*o\x0bT\x09\xb9>\
\x8c\xb5#\xec\x18!ln\xaax\x98\x09\xc3\x18r:\
\x0f\xfd\xf3\x9a1\x8e\xc2$\x83r\xd50\x07\xf2\x9cX\
\xadK\xf9\xdcS\x844\xa2\x89\xb8\xd1\xaa\x8a\x8dj\x19\
F\xabk\x84\x07A\xca_C\xc3\xcaA\xb4uV\xa2\
\xb5\xb3C\x5c\xae\xc4\xe2\xeaN\xdc\x9fY\x8a\xf7\xef<\
\x8c_\xbcw+~\xf6\xd6{\xf1\xfa\xbb\xef\xc6G\x0f\
\xee\xeb\xdejT\xf7\xe0\xa1\xdc{\xa5\xa7\x1f\xc4\xcd\xb7\
\xe1(\x00\x0e\x98\x0d\xa0k`\xc2(\x0e\x091\x96|\
rX\x9e&\x8f\x8b\x9f\x95\x85\xa8\x12<\xde\xb5$C\
\xbf@\xae{^I\xaf\xfc|.|\x1c$o\x95O\
\x99\x17G\xfes.\xac\x87\xa2\xf8\xe7P@r+y\
d%\xe6\x88\xe0\x15P6\x19\xfab/J\xc2\xbd+\
C\xb5\xb2\xbe\x14w\x1f\xde\x8e7>x#^\x7f\xef\
\xf5x\xfb\xd6\x9b1\xbdx7\xa2m/.\xdc<\x1b\
W_\xba\x18\xa3\x13CQ\xe9\xd0HB\x1d\xe8a\xb3\
t\xa0Em\xa5\x0e\xf5\x10\xcf_Ed\xdb\xa6N\x95\
S>\xec\x9d\x8e&XV\xa4\x17\xc8/\x14`\x0f\x08\
B\x16\x89\xc7\xf4G\x1a+\xe5G\x1b\x1b\xad\xe5\xbe\xcf\
\xafl\xff\xbc\xd2\x8fpc\x96\xc5\x91\xba\xe79\x99S\
\x96B(W@\xb8\xe4\x10\xa1\xca!\x11\xef\xdf\xb0R\
T%r7=)[ \xca\xcf0\xdfrH\xd2\xe4\
\x9a\xf8^\x86\x01\x16dJ,\x0c\xa1r\xd2\xb50)\
p\xc1\xf6\x10HCr\xff|\xc3aV\x06'W\x1a\
\x95\xef\xb8\x0c\xeb\x8c\x0c5w\xc5\x18\x9eRd\xfe\xa4\
v\x9d\xa0\xc3D\x1d\x87zE\xe1\x98\xbd\x17\xe7\x87\xd1\
\xd4\xdc\x10--2V2.,\xecl\xc2\xd0`\xa0\
\x8cR\xb3\x22\xedQ\x1e\x10}\x04\xc7\xef=Z\xd6q\
tee`\xe0\x08\xeb\xb9\xaa\xf1`f&\xdey\xff\
vL\xcd.\xc7\xe9sW\xe3+_\xffN\x5c\xb8r\
#Z:\xbb\xe3\xf6\xccB\xfc\xe05\xb9\xf2\x7f\xf6\x93\
x\xeb\xf6G\xf1`~6\x16\xd6\xd7csg'v\
\xab2\x94\x851I^\xc13\xfa\x1e\xbc0\x9d\x8bg\
t8\x18iV\x88\xdb\x80\xa8>\xd4]\x84@\x9d\xee\
\xe9\x9a\xf9<[\xdb\xa41\xf9\x0f\x9d\x12D\xc9\x05\xa6\
\x9d94\xbf$\xa5\xfb\x9e\x13\xe1\x9c\x8a\x9c\x00\xaa\x97\
\x9dC\x1e}N\xfb)S{\xe6\xd0Z\xc4}\x0e\x1f\
\x0f\xf0\xcdM\xa1\x1fZ\xe4\x05\x97H\x8exJ\xfb/\
\xae.\xc5\x9d\x07\xf7\xe2\x97\x1f\xbe\x15\x7f\xc2N\xb8?\
\xffQ<\x9c\xbbmO\xea\xda\xcb\x97\xe2\xca\x8b\x17c\
\xe2\xfcpt\xf4\xb5F\x8b\x9c\xa9h\x96\xce4\xed\xc9\
HE\xb44\xcb\x10\xa9}K\x99\xf1\xbc\xae\xa2\x1c\xa1\
\xe4\x06\xb4}(\xda\x1az\x0apH\xd1\x9e\xd6g(\
\xe3X\xc4\xa9\xb5\xb9c$\x10F\xbe\xcf\x0e\xf5qE\
\x07oX\xef\xee\xec\xda\x89\x82)\xf6\x0f\xb1\xa7\x87\x1c\
\x93d\x00\x1a\x92y\x10\x84\xf1I\xc2`\x9c\x87Y$\
E\xe8\x05>-\xd0@\x5c+Cq]\x80B\x1d\xb7\
>\xb84\x90YTQ\x86\xd0\xaf\xd1\xf0J\xcc\xee\xae\
\xbf\xad\xc7\x1eQ9?\xa6\xd4\xba\xaf\xaa\x14=\xf9S\
\xa0,Lxd@\xb8N!\x90\xdb\xa5#\xde\x1a\xe7\
\xca\xb3\x16\xa7\xc0\xa7\xe7\xee8%\xd4\x9f\x93Wb\x01\
\xd2f^\xbc\x9e_\xde\x8a[w\x974\xd4k\x8ds\
\x97\xbf\x1a7\xbe\xf6\x9d8u\xf5FL\x5c\xbd\x12g\
_\xbc\x19\xd7^\xfdj\x5c~\xf1\xe5h\xea\xe8\x8e?\
{\xf3\xbd\xf8\x17\x7f\xf0\x87\xf1\xff\xfe\xc1\x0f\xe3\xb5\xb7\
\xde\x8d[\xf7\x1f\xc6\xc3\xa5\xa5\xb8\xb7\xb2\x18\xf7\xe5u\
Mml\xc7\xb4p\xa6\xc0\x85\x8d\xcdX\x94a[X\
_\x8b\xe5\x8d\xadX\xdb\xde\x91\x91\xdb\x8b-\x0d\xd3\xd7\
\xf7\x1abc\xbf1\xb6d\xac\xb6\xab:\xf2\x12\xbd\xae\
\x0f\x0e\xe9\xa8\xd4\xee:\x1e\x22\xd1B<)v\xab\xa7\
S\xcb\xae\xd5\xbdB}m\x9e\x08\xa4(\xdb\x906*\
\x8f\xcf\xe1\xe9P\xf4iy.\xc4H\xed\xa8\x83^\xdf\
U\x9bn-\xc7\xd4\xf2\x83x\xf3\xc3_\xc4\xff\xef\x8f\
\xfe\xbf\xf1\xdf\xfe\xeb\xffW\xfc\xe4\xa7\x7f\x16\x0d-\xd5\
\xb8*/\xea\xc5\xaf]\x89sW&\xa2\x7f\xac/Z\
{Z\xe5}\xb1\xacF>\xb8W\x0c\xa3\xd9\xfa\xa9}\
\xd9\xc9\xc0z\xae\xf6\xb4\xa8\xaa\x0c\x0f\x80h\x9e\x14\xff\
\xd4k\x00z\xdcv\xfa{l\xfb\xf9\x86\xfe\xd3\xc6\x8f\
\x8fS\x86qt\x19\x9f\x18D\xe7\xbb?\xfa\xb7\x87\xdd\
|\xa3\xbe\xad#\x1e\xdc\xbb\x17\x7f\xfao\xff\x87\xf8\xf0\
\xed\x9f\xc7pGs|\xf5\xe5\xab1<8\x10M-\
\x95X\x90]x\xef\xfel\xdc\x9e_\x88\xf3Wo\xc6\
\xf7\xbe\xf2B\x0ch\xb8\xb49=\x13\xbbKs\xb1\xb6\
\xb9\x1e\x1f\xce<\x8c_\xde\xbd\x15\x87]\x8dq\xf5k\
/\xc4\xc5\xabg\xa3\x85\x05f\x0d;b\x0a_\x95\xa1\
g\xc6\xc0\xc9\xf5,\x89\xd7\x8f\xa1L\xba\xbb\x19\x96f\
\xa1\xb8\xd6\x01c\xc5x\x18\x86\xc2\xc0\x5cj\x00G\x15\
\xab4\x22\xe4M\x0a\x928\x19\xbd\x05\x86\x8e\x16H\xaf\
\xc2\xad\xc2\x9f\x14\x8fv \x1f\x078]*S\xbe4\
i\xe7W\xa1\xa9\x98G@\xef\xe6\xc1\x97\xe2b(\x8b\
,\x8b\xfcK\x03\x95\xf9$m\x80=\x17@\x86\x80\x1e\
\x0c\xe1[^\xdd\x88w\xde\x99\x8e\xb5\xd5JL\x0e_\
\x8d\xb3\xa7/GW\x8f\x98%>\x90\xde\x86_ET\
\xf7vb}e)\x16\xe7\xa6ceiA\xe7+\xb1\
\xb5\xbe\xa1\x9e\xb11\xdaZ\xdb\x14\x1d#\xa3\xe8\xfb\x18\
\x19\xd5\x01z\xf4k\xd5%\x1b\xed\xe3F\xb3\xa9\x7fk\
\xb9\x05s\xb3\x86\xbbJ\xd7\xca\x1b\xf4\xad\xc2\xf6\xf6h\
\xab\xb4\xfa\xfb\x85\x1dj\xe7\x8a\xf2\xe5A\x10_\x8c\xce\
e#\xd4\x83cr\x82\xbc\xf1\x10\xb9V\x81\xfcSH\
\x0a)\xf7\x9b`\xa9\x80;\x5c\xd3\xd6\xa4)\xe3\x96\xc0\
\x15\xedN\x7f^\xeb\xb9\x0b8`\xc8\x5c\x07\xe6G\x01\
\xb4-\x1e[9\x01\x5c\x02\xa7_\x84\xfd\xacJh\xac\
{Xs\x12\xca\xfax\xa3\xcacu\xc8\x0b{P\x1e\
\x8e\xa57\xb5\xb9\xb5\x15\x0b\xea\x94\x1e\xce>\x8c\xf9\x85\
\xd9X__\x91\x97$_\xb7r\x10\xcd\x95\xa6\xe8\xea\
\xea\x88\x9e\x81\x8e\xe8\x1d\xec\x89&]3\x8dAn|\
\xfc\xd7_F\xa78?p\xd2\x91\xb2\x0b\xde\xe1\x14\x94\
\x0f\xa2t%\xd3\xd5\x1c\xabK\xab\xf1\xf0\xd6\xfd\xd8x\
\xb8\x10_;\x7f#\xc6\xdaz\xa2m[C\xbc\xdd}\
?\xd8\xdeU\xcc\x99\xcd\xb5xGqf\x97Vb\xf4\
\xf4\xa98\xf5\xf2\xf58\xe8\xe9\x8e%9\x14\xab\x0c\x05\
]~B\xa9\x0b\xf5\xe7\x9e\x02B\x9fw\x1bbfj\
6\xde\xfa\xf9;\xb10\xbf\x1a\x03=\x83\x92\xc3V\xeb\
\x1f\xfa\xce\xba\xb0-\x19\xe8\xd1\xd1\x91\xb8~\xfdz4\
\xfd\xbd\xbf\xfb\xd7\xbf\xcf\xd0\x07a\xde\x5c[\x93\xc1\xfa\
H\x8a1\x15m\xe2\xe3\xd8\xf0@t\xb6w\xb8\xf2\xdb\
\xaa\xe3\xfc\xfav,\xcb\x13\x1b\x18\x1c\x893c\xa3\xd1\
\xaeJW\xa58\xd5\x9d\x8d\xd8\xde\xdb\x8d\xd55\xf5\xe4\
\xab+\xb1_i\x88\x81\xc9\xe1\xe8\x1b\xea\x95bH\x99\
\xd0:\x88\x84`\xd1\x9dM%Pz\xc2}$\xd0\x95\
R<\x18J\x90#*=\x1b\xf7\x89Q\x18*\xc22\
}\xc6u\x83:\x1cc%\xa2\xa5EbI\xa2\xf2s\
\xfbH\xd9\x88\xee\xa5\x0b\xb8\xbej\x96\xcc\x83t\xc4\xa0\
\xe1\x10\x10B\xc9\x97\xb2)(\xcb\x80\xc1\xe9\xeda\xa0\
\x84J\xe3X\x8a\xc3\xb1\xf4\xe82\xec\xe8x\x14.\x85\
d\x1e\xec\x80aU\xc4\xfa\xe6NLO\xad\xc4\xc3\x07\
\x1b14p6.\x9c\xbd\x22C\xd5k\xfa\x93\xee\x1c\
\x82\x99\xde\xe6\x96\xa8t\xb4GgOO\xb4wtF\
\xab\x8c\xcb\x8e\x86\x00;\xbc\x1e\xa4\xf8;\xa2aG\x02\
\xb2\xada\xf1\xf6\xfe^\xa2\xeeo\xedUcCq\xb6\
\xd4\xe8\x9b\x1an\xae\xcb\x13]\x13\xaelo\xc7\xea\xd6\
\xb6=\xad\xe5\xedM]K\x11\xe4\x81\xcd./\xc5\xf4\
\xc2\xbcwE}87\x1b\x0ff\xa7\xe2\xe1\xcc\xb4\x86\
\xa9\xd31\xb30'/p9V\xd4\xd6\x9b\x8aOG\
SUEv\xf8X\x06<\x12\x9dL\xcey\x0e\x83:\
\x0b\xf5OLUmt\x9f\xe9\x05_\x9b\x1f\xc5Oq\
\x139\x87I\x05\xe3\x88\xc6\x0f\xfe\x11\xe4`,\xa3\xfe\
\xcb\xd0c\xdc(\x83G\xf3fr\x01E\xd2\xa7\x82;\
\xc5\x029'\x01\x87\x8f\x03\xca{v\xc8\xb8\x188\xf3\
\xc2\x85\x1c!e\xfbA\x09q0\x1aBR\x80\xf8\xf5\
\x1b{\xdb\xb1\xb2\xb1\x1asj\x0b\xde)\xbds\xf7v\
\xdc\xbe\xffQ\xdc\x99\xbe\x133\x8b\x0fcesAy\
\xefFw\x7fk\x0cM\xf6\xc5\xe4\xb9\xd1\x18\x1e\xef\x8f\
\x8e\xde6\x1b.\xe6N==*\xe6\xd90\xa8 \xbf\
f&\xf9.\x87e\xac\xbd\xf2\xd3od\x9eU\xe7\x18\
G\xb5\x15\xbc\xdd\xd9\xda\x8d\xb5\xe5\xd5\xd8[\xdb\x8a\xb1\
\xde\xa1\xe8jR\xbe{\xa2Wq\x19\x12\x22\xf9\xeb\xf2\
\xf2\x16\x96\xd7bC\xb2\xd0\xd9\xdd\x13\xdd#Cq\xa8\
\x0eqSy\xed(\x1f\xe4\x81z\xbap\xeaF\xdd\x0b\
\xc8\xf6VI\xe8\xbc\x1aas}3f\xa7\xe7cK\
:\xd1\xda\xda\xaeN\x98\xa9\xa8\x94\x0b\xb6\x03g\xb7R\
6\xb0\x1c\x1a\x19\x8e\x86\x9f\xfd\xc1?;\xec\xe9\xee\x8b\
\x81\xae\xbe\x98}8\x13\x7f\xf6\xc3\x1f\xc8\xb3\xfae\xf4\
\xc9\xe0\xbcr\xf3Z\x8c\x0c\x0fi\xbc\xdb\x1a\xcb*\xf7\
\xbd\xa9%yVsq\xe1\xea\x0b\xf1\xed\x97n\xc4\x80\
\xca\xc3\xb3\xda^\x99\x8f\xd5\x8d\xf5\xb8;5\x15o\xdd\
\xbf\x13\xdbr\x10.\x7f\xed\xa6\xe2\x9d\x89VyYr\
bEfQ\x01\x11\x01\xd3\x00\x18\xe7\xa3\xc2\xd3P\x14\
\xc2T\x9cs\x91\xd6?\xbd1\x84?\xd7z`0`\
|\xc6U[(\x5c\x09U\xc9&\xd6\x88p\xae,J\
&\x91\xa7oK\xa1\xf4_\x01\xa2I\x0a| \xc5\xa6\
gI\xc8\x86\x85QL\xb4\x97\xe7\x84\x93\x0f\xe5\xf0\x80\
\x80\xc9\xf5\x22\xdb\x22\x8cx\x19\xa7,\xaf\x04{[\xc5\
\xb9g\xda\xe5Ymm\x1d\xc4\xc3\xe9\x85\xf8\xf0\x83i\
\x09\xc7p\x5c\xbb\xfaj\x0c\x0e\x8c\xe3\xca8Nz\x80\
\x18-\xd1`e\x17\x8aF\x0b\x15\xbd\xa0\xca\x8f\x03\x8d\
\xdb0\x98*\x8fx\xd4\xb54\xb69D/\xca\xd4\x09\
\x02\xe9\xf7\x19e\xb4\xaa2^\x0eU\x1cz.\x86\xd3\
\xfb2l\xcc\xffyx\xbd\xb5\x11\xbb\xea5\xab;\xf2\
\x84U\x8e\x9f\x0a\xe9Gg\x85W\xd6\xc5\xae\xa7\xf2\xc0\
\xd89\xb6Ri\x8b\x96\xa6\x8a\xbc\xb3\xb6h\x93GF\
\xa7\xd6)\xa3\xda\xde*\xe3J\xe7\xa74nG5U\
\xbe>D^&I\x7f\x85\x22\x15\x06\xea\x91'\xc5\x16\
\x94#\xc8\x8e\x08J2\xdc2@\xd3\x1cU\xd4w>\
\xce\xb3\xb2\x9c\x15\xe7@\xa6\xc9\xf3'\x01\xb7\x9f\xcd\xb3\
\x22\x0e\xb1\xb3^\x87<\xfe5\xa8\xae\xfe\xe9\x88\x22\x13\
\x22\xfe#u;(\xb7\x94qW\x1d\xc8\xa6\xf4g}\
k3\x16\xd6\x16c{g=\xd6\xd6\x96\xa4S\xcb\xb1\
\xbb\xcb\x97\xb9\xf7\xa3\xb5\xa3-F\xc6\x87b`H\xc6\
\x01\x0f\x5c\xe2r\xd8\xac\xee\x8a\xb9':B\xcbB\xe6\
o\xa9\xc5\x10\xea\xe8\xf7ZU\x86\xf5G\x01h\x0d\xcb\
\x0ch\x9b\xd2\xa3\xe5\x9c\xb6n\xd1ome#\x1e\xde\
\x96gu\x7f!^9w-&\xf0\xacv\xc5o\xf5\
NMr\x1a\x94S\xccl\xad\xc7\xbb\x8a3\xb3\xb4\x1c\
\xc3\x13\x131\xf9\x92<\xab\xee.{Vk\xc8l\x13\
\xd3\x08*\xbfh\x8fR/\xb8\xf6\xb9\xd0\x0f\xdbv\xe4\
Y=\x98\x8d7~\xf6\x96<\xab\x95\xe8\xeb\x19\xb0<\
yI\x91\xe2\xaeo\xac\xa9c_\x8b\x91\xd1\xe1\xb8~\
\xf3F4<|\xf7\xffs\xd8\xda\xacaAc%\x1e\
\xdcy c\xf5Gq\xfb\xed7e\xac\x9a\xe3\xe5\x1b\
W4\x0c\x1c\x8e\x161jE\xec~\x7ff9n\xcf\
\xcd\xc5\xc5+/\xc4\xb7^\xba\x19}\xaa\xfa\xd6\x8c\x8c\
\xd5\xf2\xdc\x09cu\x18\x974\x0c\xbcp\xe5tTj\
\xc6\x0a\x05L\xc2i(\x881\x8a\xf6\xac\x92@\x15\xc4\
\xed\xdd\xdb\x81\xb9b\xa0n`L\xfc\xa2\xb1\x98Y\xbe\
{$\xf1Q\xa2\xec)\x9c\xaf\xf3\xa4\x07o\x8cJ[\
\xc5\xd6\xb9|\xb2G\x19\xe4\xe9u$R\x1c\xbc4\x17\
\xa8|0X\xf0.\x1f,\xa8\xc1\xf9Y\xb1H\x07A\
\x09(\x13\xdbb\x90\x90\xf8%P\x17\xae\xf3\x98\x08\x94\
\x8d\x022\xb1\xcd\x88\xa0\x01\xedjh\x89\xc5\x95\x9d\xf8\
\xe0\xfd\xa9\x98z\xb8\x11\xe7\xcf\xbd\x1c\xe7\xce]\x8f\x8a\
\x1a\xa8\x9c\x1f\xca^%\x0d\x1b\xf9\x14\x19\x1a\xe1d\xd9\
\xebP\x92J)x\x87``\xd0\xe0)\xe1\x84\x00\xe5\
u\xc6\x02H\x9b\xbc'Kr(\xf2T\x9c\x1dyZ\
\xfbr\xbbq\xd1)\x8b\xad\x83\xd0\xf0\x9d\xdd\x1d\xef\x1e\
\xb9-c\xb6#\xdc\x94\x87\xb5\xb5\xb1-\x01>\xf4\x22\
\xddN\xb9\xee}}\xbd\xd1\xd7\xdb\x13\xbd\x1a\x0etu\
u\xba\xde,\x1f\xc1\x0eu\xb5\xb5Gw{\x8b\x0d\x18\
o\x1f\xd0\xe8\x1c\xca7\xf6)\x1b\x84J\xe8&M\xd2\
\x9f\x80\xb1\x22F\x19jc`+\x03&p\xe7\xb32\
V\xf8\xd3\x1f\x0b\x94\xed\xb6\xce\x0e\x11C@ZI\x9d\
~\xa2^m\xb3\xcb\xfc\xf0\xee^l\xeel\xc9P\xc9\
\x13f\x88\xbf\xb9\x19k\x0b\xab1\xfd\xe0aL\xcf>\
\x88\xcd\xeaj\xf4\x0d\xb4\xc5\x80\x86u}C\xdd\xf2\xa0\
:\xa3\xad\x1d\xafICuF9\xad\xe2\x9d\x1c\xd5\x83\
F\xe5\xaca\x9eeU\xe5\xa5\xf7\x99\xe0+\xb3\x0b\xef\
\x84\xad\x8f\x98\x93Vg!\x1a\xa5A\xd6!\x93K$\
\x1d%:\xben>h\x8e\xf5\xd5\xf54V\x0f\x16\xe2\
\xe5\xd3Wc\xa2\xbd7:d\xac\x10\xe2&1\x82\x0d\
`l\xac4\x0c\x9cYZ\x8a\xe1\xc9\xc9\x98x\xe1\x9a\
\x86\x81\x9d\xb1\x88\x07\x0f\x93\xa5\x7f\x94m9\x13\x19\xf5\
F\xd1:\xe2K\xdda\x18(c\xf5\xcb\xd7\xde\x8c\x85\
\xb9\x95\xe8\x97\xb1b\x1bq\x1b+\xf1kC\xe5\x94\xc6\
\xea\xda\xcd\xeb\xd1\xb0>\xf5\xaf$\x0aR\xd6\xbd\xc6\xb8\
\xf3\xfe=\x19\xab?\x8e[\xef\xbc\x13\x03\x95\x96xY\
\x9e\xd5\xe8\xf0H4\xcb\xb3ZU\x0f\xfe\xc1\xdcj\xdc\
\xd1\x10\xe1\xc2\xe5\x9b\xf1\xcd\x17\xafG\xaf\x0a\xdc\x9a\xc5\
X\xcdz\x08xgz:\xde\xbc\x7f;vd\xf81\
V\x17\xe5Y\xd5\x8c\x15\xde\x0cl\xa5\x12B\x18f\xa6\
A\xbb\xaeA\xcc\xc1\x8e\x1asM\xc3Q\xdc?\xbf\x0a\
#c\x95\xeb\xb7\xd2m\xa5\x92\xee\x89U\xf1\x9c\xb7R\
ca\x94tF\x0f\xd3\xa1\xde?{\xfe\x8a\x8dU\xd5\
\x8dU\xd5\xb8\x7fS\xbd\x98\x86N\x1a\xba\xb0\x16\x8c'\
e\xcc\xc7\xb44W\xcc\xa0\x96\x96V\xa5w\x9f\xe4\x86\
\x836\xf3\xd5\xc6A\xe5\xe0\x19\xe8\x9a2\xd8\x8f\xbd\x04\
{O\xa6?\xebQ\x0f4\x12hC*Cu(>\
\xdf}\xb0\x12\x1f\xbc;\x1b\xfb{\x9d\xf1\xd2\xcb\xdf\x89\
\xee\xbe\x01\xf7B\xf0'\x1dq\xf2\x22O\x19/\x1a\x9b\
\xa2\x8b\xfc\xa9$\xc7\xa4R\xfc\xd49\x1c(!\x85\xb6\
0D5R\xf2\x84;y\x9a\xbc\xab\x85\x13\xec\xf2\xd4\
k\xeem\xa9\xbc\xc2k\x83?\xdcSF\x18\xfb\x03\xf1\
\x90\x1e\x9a\xfcw\xa4t\xb9\xb7\x99\xe2a \xe5\x9d\xd1\
F{2j\x18\xb6\xed\xad\xad\xd8\x90AC9Ze\
\xcc\x98\xf7<36\x1c\xa3\x03\x03\xd1\xd5\xde%\x03\xa7\
>\x9c\xa7\xaf\xb2\x14\x92K]C\x0b4%Up\x97\
rL\xa1\xca\xe7N^9\xe435V\x16\xad,\xc6\
\x00\x7f\xe94\x8f\xa7,@<\xa3\x8d\xc8\x08\xe5b\x04\
\xb0kcU\xe4\xa3{;\xf2\x8a6d\x9c\x90\xe9\xf9\
\x85\x85X\x5cZ\xf4GDV%\x8f\xa82r\xda\xd9\
\xdc\x11\xab\xf3\x8b15w7z\x06*\xf2\x22N\xc5\
\x84\x86x\xed\xdd\xf2h\xdb\xd5\x89jxG\xf7\xe1\xe9\
\x0c\xdbBRJ'\x84\x0d<\x0c\xb1D\xc0\xb5B\x1a\
\xe4\xd5\xc1[\xda\x957\x22\xf64\xb4\xdc\xd7(\x82v\
\xcd'\xe8Y\xc1lw\x0c\x83\x92\xa8-\x9b\x0e\x9ab\
}m#\xa6n\xdf\xf3\x9c\xd5\xcb\xa7\xae\xc6\xb8<\xab\
\x8e]\x95\xa0\xba5KFw\xa5\x07s\xea\xb0\x98\xb3\
\x9a[Lc5\xf6\xc2\x15\x19\xab\xaeX\x94A\x5c\x17\
3\xf0\xac\xcc\x1b\xffR\x0f\xcc\xa7\x12\x10:\xee\xecF\
a\xac\xe4Y\xcd.\xa9\xb3\x93\xb1R\xc7\x9d#\x1b\x8c\
\xd5\xc61\xcf\xaa\xe9\x7f\xfbO\xfe\xbd\xef7\x1c\xee\xc9\
\xf2\xee\xc5\xe2\xfcB\xdc\xbb}'\x16g\xe7\xa3]=\
\xfd\xd8\xd0Htu\xa8\x97\xd4\xf9\x8e*\xb8\xbc\xb1\xe3\
\x89\xf4\xfe\xfe\xc183*\x97\x0dv\xe9zW\xee\xda\
\xae\x86\x0e+k\x1ak\xaf-\xc7~%bpr\xd4\
\xfb\x9c\xf3R\xa4\xcc\x83i\x84\xf4l|\x86'2>\
b\x90{MW\x8cG\xee\x07r\x81\xf7b}}=\
\x96\x97W\x84\xab\xb1\xba*W\x90\xb9\x92\x0d\x19\x1b\xb9\
\xcb;r\x8b\xb7\xb7wc[\xc3\x96\x1d\xc5\xdd\x96\x17\
\xb6\xb5\xbd\xe3'\x9a\xfb{\x94\x93\xc3\x16\xbe\xe5\xc79\
C\x9cm\xd1\xb6\xb9I\xba=\xb9\xdcU\xbb\xd6\x18-\
z\x0b\x94\x94\xd7w\xa8#\x06jkk[\x0d\xb6.\
e\x93U\x17nl\x88a*\x7f\x83\xf2U\x1eu\xf0\
\xab@*\xe3hyC*;\xa8\xcbl\x0bj\xa4\xfb\
\xbe\xa7\xc0\xc6\xc6\x16t;\xee\xde\xd5\x90yy?\x86\
\xfbO\xc5\xe4\xc4E\x0d[i\xd8|\xe2\x86Q#\x03\
\xf2\x87v\x94$\x85\xcb\xb9qW\xe72R\x186\xf1\
\x8d\xf8\x84\x97H\x9a<\x8aJ\x13\x01\xea\xbf\x05%E\
\xba\xa4\x13\x22\xf3\xae\xe2bp,\xb1\x8aSx\xa4\xb9\
\x98WB\xc3\xb9x\xd9\xa4\xce\xab\xa2\x1e\xbe\xa5\xbd=\
Z;;\xa3C\x1e\x14\xf3h\x1d=\xbd\xd1\xa6\xf3\x16\
\xf5\xfa\xcd\xba\xd7\xacc\x8b\x86\x83\xad\x9d\xddR\xb6\x9e\
hV\xc7\xb1\xaf\xfa,\xa8\x1do\xdf\x7f\x18\x1f\xdc\xbe\
+\xa5\x9c\x93 jxCg%\xa2\xf0<\xdd\x0fA\
a\xe1\xe1&\xb5ymB\x95\x07a\x1e\x16\x9b~\x85\
\x89\xde\xa3\x9a\x97\x86\xc7\xff\x0c\xe5Yy?\xb9\xc0\x99\
\xa08\xd8\xf0\xe9\xe8\xe2\x01\xf3-\xe3\xe2\x84\xdbP\x9b\
?\x05\xdfD\x03\xedB>\xd0\x8f\x0c\xb3\x07\x1ar\xbb\
\x22\xaf\xe4\xde\x94:\xec\x0f>\x8c\xd7\xdf~7^\x7f\
\xe3\xed\xf8\xb9:\xfe\xb7\xef\xdc\x8e))\xf6\xda\xae\x0c\
>_\x81j\x15\x9f\xba\xba\xa2\xb5\xbb;z\x87\x87b\
htL\xe5\x1e\xc6\xe6\xdeFL\x9e\x1d\x8a+\xd7\xce\
y\xf9\x81lX\x1cVT6:\xd4$\xdda\x811\
\x1b\xdd\xf9!\x0f4##p\x00\xe5\x16]b\xa4i\
\xa52\x22\xd5u\xa0\x93Qg\xe2\xad\x8eD+\xe8\xfb\
E\x1a^5s:E\xa6c\xda\xd9\x92\xb7\xb7\xb4\x1a\
;\xccY\xf5\x0d\xfa\xa1K\xb3\x9c\x06x\x8b\xb7L\xd2\
MuhK+k\xb1\xa1N\xab]\xc3\xbf\x1euD\
\x87\xf2\xae\x99\xb3bS\x19\xeb\x81\xf3S\x8bA\x04\xdc\
B\x0fhO\xc2u\x1fc\x0e\x837U\xce\xec\x8c\xe4\
A\x9ezG\xabdG\xfa\xc0R*Q)\xbej\x88\
,\xef\x939\xab\xe1\xe1\xe1h\xfa\xdf\xfc\xe3\xbf#c\
\xa5\x0aI\xa9\x17\xe7d\xacd1\x97\xe6\x97\xa3S\xc2\
\x89W\xd5-a\xe3=\xbcmUhQ\x0a\xbb\x22\x05\
\xee\xef\xeb\x8b\xb3\xc3\xfd\xd1F:\x19\xab=\x0c\x96z\
\xd4\x15)\xf9\xc2\xe6jT[\x1bc\xe0\x94\x8c\xd5`\
o\xf1\x06w\x1a+\x08(\x85\xc2s)\x22\x18Qq\
\xe3\x0b=\x01\xa8p^0\xc6\xc0T\xc5h,,\x9e\
\x0cO\xab\xf8\xae>_\x9ci\xe1i\x96*\xe6sy\
D\x15ak\xa5\xcd\xf3(Xfz+\x8c\x15F\x0b\
!\xf3\x9c\x97Hh\x92\xc1\xf0\x93/\xe2\xaa\x11\xda\xc4\
`\xbe\x5cCzV\xeb\xd2\xbb0\xdc\xd9\x94\x81\xdae\
\x0e\x87\xb9\x1c\xd1\x82\xeb\xce\xfeW\xd0B\xda\x16\x1aP\
y\xa7\x11\xc2P\xa1X\x18I\xfdG\xbf\x10\xea\x94\xf9\
B\xf9\xe9\xfd\xe4\xb9\xc8\xa3{\xf8`Q\x86\xf3@\xde\
\xc6\xa9\xe8g\xae\x0a\xd7\x02\x05p\x16jN5T\xa3\
\xbc*\xf2\xa8\xf5Fe^h6\xf1\x9d?\x81\xa8u\
\xfd\x8f\xe0\x8c\x5c*1`A\x83V\x0b\x0c\xa1\xbaG\
\xdee\xfen\x15\x04JwA\xc5\xcd\xb6I\xf0Q\xe1\
\x18\x0b\xdaK,\xd554\xeb\x1a>\xb4hx\xc7W\
\xa45\xfck\xd7P\xb0kp0\xfa\xf8\xba\xcf\xe8P\
t\x0f\x0dF\xab\x86\x88\xbb\x8a\xcf$\xff:_\x1b\x92\
\xe2\xac\xedl\xc7\xec\xear\xdc\x9f\x9d\x8d\xfb3\xb32\
f\xab\xb1\xc5\x12\x1a\xca\x86\x1f\xce\xbf\xd9\x86\x8e!r\
\x03\x9dI\x12\x22\x0a\xb2f\xaa\x91I\xa7.\xdc\xb2a\
\xd7\xb14\xd4\xb5a\xb1\x90\xb4\xd9!(L\x9d\x08y\
 \x95\x9e\xcf\xd3\x91{j\x1eu\xda\x92V\x9d\xf0\x10\
c]\x1d\xdc\xaad~U\x8a\xb4,\xb9_XZ\xb1\
7\xc1\x1ee\xf7\x1fN\xd90\x81w\x1f<\x88;\x1a\
\xc6\xddU=\x1eJ\xd1g7\xd4\xd9\xaac\x5c\x93\xf7\
\xb9\x8e\xfcI\xbe:z\x07cp|2\x86&OG\
\xef\xc8x\xf4\x8fMF\xff\xe8xt\x0f\x0eE[W\
\xb7F&\xcb2\xe0\xcbqJ\xc6jl\x8c\xa7z\xea\
\xcc\x19\xea\xc9Hy$B\xddT\x11om\x84\xc1\xd1\
9\x86\xaa*\x85\x17;\x8dT\xa44X\x899?U\
vx\xf0\x04\x83\xc4\x0f\xde\xd0\xa6\xb4u\x0e\x071%\
\x8d\xf2\x9a\xd5Y/\xc9\xf9X\xdf\x8c\xf1\xdeay}\
-\xd1\xac\xf2\x9au\xdfS\x1a\xca\x85\x879\x8b2\xcc\
t\xe0\xed\x9di\xac\x0e\xa4\x9f[*\x8f\xee\xbc\x1c\xf6\
%P\x1a\x07\x0b8g\x06\xa6E\xe0\xf5\xe6\xba\x8c\x15\
\x13\xec\x1b2|\x18q\xbe\x97\xa0\xb8\xb4(\xa3+\x0c\
\x16\xa3\xa5\x11\x19\xab\x86\xad\xfb\xff\xa5:\x17\xf5\xec;\
\x0d\xf1\xd1;w\xe2O\xfe\xf0\xe7q\xfb\x83{1\x22\
\x8f\xea\xe5\x1b7b|x\xd0\xca\xb9\xac\x06\xfc`n\
1\xee-\xcei\x18x%\xbe\xf3\xe2\x95\xe8\x91y\xdc\
ZX\x8a\xad\xe5\x85XS\xe5\xee\xceL\xc7[\xd3r\
!;\x1b5\x0c|1.\xb1t\xa1S\x8c\x94\xbf\x87\
\xd1\xd8Se\xa0\x17\x85\x80\x89\xec\xceY\xce;\x95J\
\xef\xafk0\x8c\x10#\xaa2V\x84c\xac0<(\
\x1cqP\xa4\xd2@\xd0h\x9e\xaf\x01\x95=\x13\xec`\
s\x85G\xf5xKj\x5c\x5ca\xf5j4(\xf9Q\
d.\x9aLZ\xb2l\xd1\xc4pqsS\x1e\xd8\xb6\
\x19\xaa\x02}(\x95\x18\x1a\xba\xbb;m8\x9bU\x86\
\x82\xdc\xd0\x99G\x1a+2\xb5 \x91\xbfhL\xc3#\
\xa5\x936lH\x80_\x7f\xfdN\xac\xaf4\xc6\x95\x8b\
_\x8b\xd1\xb1+\xf6\xac\x10\xc6=^\xd1\x81\x0f\xc4/\
\x1a\xd5\x9eGJ\x99\x00aJ#\xf6T(\xee\x8b\x02\
\xff\x07l\xa2\xa83\xd7\xba\x9f<#\xc7\x8cc\xaf\xa1\
(\xd3\xa0\xc8\xccm\x94\xe9\xbd\x00'O\x84\x1852\
K\xde8\xcc\xf73\xdfc\xc0%\xbc\xd1\xc1s\x8f\xea\
\xd0\xaa2H|\xe6iuq!\x96\x16\xe7cse\
E7\xab\xd1\xadN\xa3_\x9e\x18\x1d!\xc3r&\xec\
{\xe5\x9du\xea\xbc\xa3\x957\x0c\xa0PCq\xf8\xaa\
\x9f\x17\xef\x16u\xa1\xe1\xed!A\x97\x0b\xd5\xb9H\xb2\
B\xea\xbe\x87\xcb\xc5\x91\xe8~\x0a\xa6\x13:$\xbc\x22\
\xd3\x86R\x0bm\xbct\x9f'\xaa<\xe1\xe6\xfe\x81<\
\x0b\xef\xd2A\x07\x06\xea\x9e\xd3*lOi\xc9;\xdf\
Ym\x8b.y#=\x03\x83\xd1\xd9\xdd+\x9a\x9be\
\x04\xc5/\xdd\xeb\x94'\xd5\xa2:\x1e\xaa\xb3\xd9\xa5\x1c\
\x11\xd8\xd0\xa46?\x90\xe2\xcfN\xc7\x9d\xf7~\x11;\
\xebS\xf1\xeaW\xcek\xd4\x22\x07\xa1\xb2'#'\xba\
\xc4[{xJ\x93\xb4'/9\xcfk\xc93=\x9d\
\xdaC\xdcP\xdd\x93\x05\xa9+\x84P\x1f\xbc+\x09 \
|\x821E$\xcf\xcf\xba\xb3\xe4V\x0e\xf3V\x17W\
cJ\x0e\xcb\xda\xc3\xf9\xf8\xca\xb9\xab1\xda\xd6\x15\x9d\
{\xea\xa4U\x06\x1b\x0b\xef\xaa\xd0\x85\x9d\xcdx\xff\xf6\
\x03y\xc8\xf3106\x16\xa7^\xbe\x11UyX\xf3\
\x1a\x9dm)/\xf2My0)\xd6\x11\xea]\xca\x88\
e\x18>kx97\xb3\x10o\xbc\xfeV\xccM\xcd\
\xd7\xe6\xacX\xac\x0a\x7f6\xe4\x041\x0c\x1c\x1e\x19\x8a\
\x9b/\xdc\x8c\x86\xa5\x0f\xff\xcf\x87m\xb2h\xb1\xd9\x16\
\xb7\xde}\x18\x7f\xf4\x83\x1f\xc7\x87\xef\xdf.\x8c\xd5u\
\x0d\x05\x07\xe5\xa9\xb4\xc6\xa2\x1a\xec\xbdi\xf5\x1c\xabK\
2B\xd7\xe2\x9b\xd7/F\xb7\x84cgq9\xb6\xd5\
+2T\xba'c\xf5\xe6\xf4\xddXk;\x88+\xdf\
x9.\xc9\x9dm\x91+\xbb\x7f\xc83\x04Yd\x1a\
^i\xf0\xd4\xe8\x1d\xf0\x5c$\x17E\x05\xd2`\x010\
\x0e\x81\x00\x08+\x8d\x09?\x98\xcf\x02Q{\x09\xa0\x92\
\xa8\xeaf\x0cF\x09\xf6 \xb4\x18\x0f\xbc\x1fT5\x9f\
\x88\xd1P\xa9\x92f\xa2\x98\xcf\xafd\x9e\x1bV\xe74\
*\x82a\x86R6\xc3\xa1\xe2>\x90\xab\xdc1T4\
\x83\xca&\xdc\xe5q\xcf\xb9\x1b\xf1\xe6\xb8\xc7\xf0\x8fR\
!mqy+~\xf6\xda-\x0dW\xbb\xe2\x85\x1b\xdf\
\x92\xe7y^\xbc\xa8\xc8\x83P}QD\xd7)\x85\x07\
\x85\x01j\x8dK.\x87\x94\x9bt<\x09\xb8\x9f\x94\x01\
f\xaej\x99u3rWe8_\xf8\xa0\x7f\xd0W\
\xe6\xcb\x81{\xf0\xcb\xe9\x15?\xef\x91kQ\xb6\x8d\x13\
\xb9\x16\xd7\xb8n\xe2\xad\xa1\xe0\x8b\x01~+m\x91\xb5\
\xcb\xe6I\xee\xbe:\x0e?\xe5B\x81\xe0\xb5\xdasO\
\x9d\xd3\xda\xd2r\xccL\xcfh\xe8\xbf\xea/\x12\x8d\x0e\
\x0c\xc5\xb0\x86\x9a]m-\xeaxB\xed)Tf<\
]\xb42\x16\xed\x83\xd4\xe0\x1c\xd0\x1f\xe3B\xe7\xca~\
NS\x9evD/\xc6\x07y\x83\x1eo\xb8\xa88\xcc\
\xcf\xd0\x81\xf0D\x8eo@2:\xd8\xc5p\xa1\xd0\xe4\
\xab\xce\xae\xb1\xb9b\xf9o\x95\xc7\xce\x10\x85\x8e\xaa\x22\
\x8f\xbc\x8d!\xaf:q:\x1a\xe6X\x9ad\x980J\
\x0d\x8a\xc7dx\x8b\xbc{w\xa8\xd4\x1d\x06\x08Qb\
$\x94\x91\x03r\xd4p\xa0r\xd7W\xe3\x9d\xb7~.\
\xa5}/\xc6\x06[\xe3\x9b\xaf\x5c\x8a\xc1n\xe2\xca\x18\
\x8ani\x88:2\xd1K\xc7.\xbasq4\xfcO\
\xa6\xee\xab\x8e\x87\x07*\x97_\xc1g\x1e\xcepj\xce\
\xe8\xc4\xaf\xd0\xc8`\x99)no\x9d\xf1D]\x09j\
\xc6J\xf2\xda\xa4\xf6Z_Z\x8f\xa9\xdb\x18\xab\xb9x\
\xf9\xcc\x95\x18\xeb\xec\x89N\x19\x95\x16%\xa7\x1be\x98\
7\xbf\xb3%cu?\xa6e\xac\xfa\xeb\x8d\x95\x86\x87\
[\x14!\xfdv\x9e:\xd7\x9f\xae%\x7f\xf5\xc6Jg\
\xaa\x86\x1f\xd0,h4\xf7\xc6\xcfe\xacd\x1cy\x1a\
\xf8Tc\xf5\xd1O\xfe\xf7\x87\xa3\xc3\x93\xd1\xbc\xd7\x16\
\xb7\xdf\x9b\x8e\x1f\xfe\xe1O\xe3\xfdw>\x8c!\x0d\xff\
^\xb9y\xe3\xc8X\xed\xed\xc7;\x0f\xa7cvkU\
c\xeak\xf1\xea\xd5\xf3\xd1\xa5\x82w\xe5\x1a\xef\xad\xae\
\xc5ja\xac\xde\x9a\xba\x13\xab2V\x97\xbf\xf1\x15\x1b\
\xabJ'\x15\xcc\xa7{\x08\x0ckL\x102\xae\xe9%\
PJ{!\xd4N\xff=\x87#\xa6\xf9\xb1\xb99^\
\xdc\xe1B\xe1\xb2\xc7\xfe\x95\x06\xac\x04\x98\x90y!\x0e\
iT\x88S\xce5`\x00)\xd3\x00\x13=\x11\x9a\x0d\
\xc5\xfd2\xbf\xd2H8\xad\xb2/\x87z\x00\xf7\xca\x9e\
)\x8bF\xf9\x88So\xac\x12P\x06\xddQ\xb8\xbcB\
\x09\x0d\xee\xfa\x83\xe9\xe5\xf8\xe9\x8f?\xd0Pr4\xbe\
\xf2\x95\xbf\x1c=\xbd\xe3\xd1\xd2\xd8\x9a=g\x0e\xeeM\
\xefQ\xef\x97\xf5\xcaz*/\xbc\x19\x14\xe0\x09`\x81\
\x85&\x9d\xa3DN\x05\x81\x84Q\x7f\xe5\xeb\xcb\xa2>\
%\x94\xf5\x03\xcc+\xc5+\xf9X\x0f\xb5\xda!\xf0\xf4\
\xe4\x08 m\xa5\x9f\xef9s\xd1\x8e\xc1*</\xee\
\x01\xbc?\x8a\xee\x10\xc3\xa0\xb8\xb9\xe0\x14\xc1Me\xda\
\x97\xc1\xa8J\xce0b\x9b\x1av\xadj\xc8\xb54;\
\x13\x8b\xd3\x0fcSC\xc6\x0d\xb6\xd0\x91A9P\xa7\
\xc7`\xd1S\x032\x0a<e\xf4\xc7\x0b\x94O#m\
D\x1b\xea\x8f\x0e\x09\xd5\xd8h`\xbd\x99\xf2on\x90\
'0\x1a\xc3\x13\xa7\xa3\xb5\xa37\xda\xbbz\xa2\xd2\xd6\
)\x99k\x91\x8c\xf3\xcaU\x8b\xceed\xc4\x0f#\xde\
\xb3\xf2n\x92\xa5\xc4@\xc2\xd9\x9cc\xe4/\xe5\xc5\x1d\
\x97\x90\x8aQW\x9e{\xb3\x1fyi(\xf0\xfe\xdc\x12\
E{\x98C\xaa_u{K\xc6yV\x0e\xc2\x9b1\
=-\xe7`\xac=^\xb8>\x19\x13c\x9d2\x0a\xf2\
\xec\xd5\xc1\xf3\xee\x1f\xde -\x81\xe7\x87G\xe5\x8e\x17\
\xc5Qn\x96y\x1bd<n\xe8\xc9\xb6\xe4\x81\x19k\
\xa2h\x0e\x8f8\x84,f\xce\xfb\xf0\x1d\xbdH\xc3\x8d\
Gh\xda\x95'\x92\xba\xb1,cu\xeb^\xac\xcaX\
\xbdt\xe6r\x8c\x8bOxV-2f\xcd\xe2gU\
iJc5%C\x03?O\x7f\xe5f\xeci\xc4a\
\xcfJy=\x8b\xb1\xc2V\x1e\x14\xc6\xeaMyV\xb3\
\x0f\x17\xa2\xaf\xbb\xdf\xc6\xcasV\xa2\xf9\xa4\xb1j\xfa\
\xdf\xfd\x93\x7f\xf7\xfb\x155\x10\xcc]^\xdc\x8c\xfb\xb7\
fcA.zE\x0d5><\x14=<.U\xaf\
\xc1xtNFi{\x7f;\x86GGbb\xa07\
x\xbe\xb5\xbf\xb5#\xbe\xaa\x17\x90{\xbf\xaa\x9ejn\
}9v5\xce\x1e\x99\x1c\x8b\xfe\xa1~5.\x8d,\
\xe2D0\x86*\x17\xc41\x06\xa72(;\x82\x0f\xf9\
\x85\xc1@\xa8\xfd\x97\xd7\xdcw\xadI\x05\xb7\x85\xe4P\
\xa6\x05K\x83\xe7\xb8$\x16\x94\xe3f\x0e\x08T6\x22\
i\x95\x13\x82,e\xa2WI/Iw\x84\xe9jg\
c:\x1cZ\x9cG\xde\xaf/\xd3E\x15\x90K\x1b\x10\
\x84\x8c\x9f\xb4@\x89\x1a\x08\x02\xa0W\x8d\xb3\xb2\xb2\x1d\
S\x0f\x16\xd4Cw\xc7\xc4\xc49)[\x97\xd2!,\
i\x18\x89[o\xa8\x00\xd7\xb9\x00\xf3\xa9,\xb8\x0c/\
.i\xdc\x82\xa9\xb6\x15\xd8>\x9e\x8e\xf9\x85m\xfd\xb2\
\xee.\xc4\x7f\x00yS\xd7\xf2\xbc,\xcb\xf5Qz\xd2\
\xd4\xff\xd2\x9b\xf5\x99\x8e\xd0L^\xba\xd6\x012\xcc\xdd\
\xe2\x9c@\xb5\x8cx\x91w\xe0e-\x0f~0LG\
\xaa\xc30\x8a\xa1r\x13s\x89m\xedQa\x12\x9f\x85\
\xb0R\x80nyV\xbd}\xfd14<\xac\xb0\xce`\
\x7f|\x86g\xac\xfb\x1a\xee\x1f\x88\xc9\x91\xd185<\
\x12c\x8a3\xd17\x10\xa7z\x07b\xa2\x7f(&\x07\
G5\x9c\x1a\x8bayg<\x188hi\x8c\xce\xc1\
\xfe\xb8\xf8\xe2\x8b1y\xe9Z\x0cM\x9e\x8d>\xe5\xd9\
\xd9\xdf/\xec\x8b\x8e\xbe\x9eh\xe7\x81Aww\xb4w\
tE\x9b\xca\xe2\xa1\x01\xf4\xf04\xbc\x91\xa7\xcbxK\
\xf2\xb6\x98\xa7c\xbe.Q\xb2\xac:\xd3\xe1\xec\x19e\
\x18T3j\xcdf\x8a\xb4--*\xc9W$\xb9'\
x8,\xc4\x9dy\x18\x1f\xbd\xfb\xcb\x98\xbe\xff~\xf4\
\xf77\xc7\xd9s\x83\xd1\xd5\xdd\x12[\xdb\x1b\xb1\xbe\xb5\
\xe6\xad\x87Y \xeae;\xeeh\xe8\xdcKY\xc7H\
iT\xc3\xebS\xdb\xe8^UY\xf2\x10i\xcb\x0f\x88\
@V\xbdol)\x0f)\xbc\x8f\x1b\x1b\x9e\xde =\
\x13\xeexw\xc8;:\xe0\xb6\x11\xed2\xd7^6\xb4\
\xb6\xb8\x12[\xab\x1b\xf2j\xfb\xa3\xabE^\xa4\x8c\x14\
\xa6\x86\xb6\xa3.\x9b\xf2\x08\x17W0$\x9b2\xf8\xdd\
\xd1[\xccYm\xaa\x8eU\xc9h\xb6\xed\x11X\xae\x8a\
\xf6\xcek\xca\xcaU\xea\xcc\x11\xcf\xcd\xce\x8b\xbe-\xcf\
\x1f\xb7\xa8\xc3\xc8\xf4\xe5\x04{.\x0a\x1d\x19\x19\x11\xff\
\xc5|?\x9aWA\x08\x97\xd9\xac\xcc\xa4^\x12\xa4\x14\
p+'\xe1\xdcWI\x19\x9f\xfb0P\xccC\xd8\xb8\
+\xeb\xecG\xa0jD*\xe6\x97d=Q\xa0\xc2\x0b\
\x83da\xb7\xd2\xa5\xa0BXi\x1cr2:\xd3b\
 \xcbk\x97\xac\x229:_\xc2\x94\xb8J\x0f%d\
\x12\xdc\x0b\x1c\x0bcCD?5\x02kU\xca\xb2S\
9\x93\xf6\xd2\xc8e\x03f^\x9c;\x8f\x028\x07\xc9\
\x9b2\xb8\xef:\xc0q\xd7\x9a\xb8\x14\x02\x94a\xd4\x0d\
\xa4\xde('G5\x90\x84\x82z\xc2K\x0fU\x046\
\x9c\xb2\x0c\x8a~\xac\xdcz(i8\x02\xae\xa1\x1b\x9a\
v%\x9c\x1b~4\xbe\xb0\xb0\x10KB\xbc\x12>\xe7\
\xcf\x93 {\x19\xa4PzS\xcb?\xd3\x9ch\x1e9\
\xac\x04\xf2V\x0dd\xed\xea\x8d0|+\xeb]k'\
c\xde\x03\x9d7\xe9\x94\xc6iu\xad`\xe3\x11\xcf\x8e\
\x03\xedBOZ3^ \xe7M\x95h\xd1\x10\xa4o\
|\x22&\xae\x5c\x8b\xb3/\xbc\x14\xd7\xbf\xf1\x8dx\xe5\
/\xfd\xe5\xf8\xe6o\xffN\xbc\xfc\x8do\xc6\xd8\x99\xb3\
\x8a\xd7bA\xdf\x93\xd2\xb6+\xcdp\xcf`\x9c\x1e\x1a\
\x8fsc\x93qfb2F\x06\x87<\x1d\xd0=\xd0\
\x17\xe7\xae_\x8fS\xd7nF\xff\xa9S\xd15\xdc\x1b\
m\xfd\x9dQ\xe9\x95q\xec\x961j\x97\x1e\xb4\xc9\x10\
\xa9s=h\x96R\xcaK>,Qt[\x8cAQ\
)\x09\xf1uz=\x92C\xb5\x85\x9f\x1a\x9a\x97\xc9\x0f\
U\xca\xe9r\x98-\x99Q[\xed\xcb#Y\x99\x9b\x8a\
\x0f\xdf\xfdi\xfc\xf2\xf5\x1fHI?\xd4p\xb2\x1a}\
\xfd\xbcb\xb2\x13\xcb+\xb31\xbf0\x17\x8b\xcb+\xc2\
\xd5X]\xe1)\xf4\x8e\x8c\x92\xbcB\xd98\xa6\x01\x9a\
\x1ae4\x1b*\xa2\xa2Im\xcf\x03\xa1\xedX^^\
v\xdb\xcf\xcf\xcf\xc7\xec\xec\xac<\xb5\xa9\x98\x9az\xe8\
\xe3\x8c<\xd3\xb9\xb99\xdd\x9f\xd7}\xe5\xbd\xb8\x18\x8b\
\x0b\x8b\xb1\xb4\xb4\xa4\xce3\xa7oXv\x92\x8d%\x14\
\xd4dD\xf5yD&u\x8f6+\xfe\xfc\xcf\xf1\x95\
>\xc3\xb98\x91\xe6\x11\xc8xD5\xbf\xd0igt\
t\xfb\x11\xd0=\xc9\x1aB\x82\xf2g\xc0\x11\x94)\xc8\
\x91c\x0a\xa1\x9bJ\x0d\x93\x93\x99\x85%\x10\xb5\x14\xea\
/\xde`\xad\x19\x82A\x0c\x05\x14\xcaj!\xe4G\xf4\
\x22\xef\xd2\xf0\x90\x96\xde\x02\xa6\xed\xb2\xbc@=\xc6\xce\
\x0e\x8d\xc4<B>\x89\xe3\xdb}{e\x0f\x22\xe1d\
\xbeaue\xcd\x0c_Q\xc3.k8\xba\xa2k\xc2\
\xd6VY\x01\xcc\x92\x83M[\x7f\x8e\xa4\xd9R\xc3o\
\xae\xab\xd7Y\x97\x0b./qe\x85\xe5\x11\xcb\xc6l\
\xbc\x15\xf7@Y.K#v\xdc\x1b1\xe9^\xf6L\
5\x83h\xd0\x91\xaa\xc0\x228_\x83\xa2\xe1\x0a\xa4\xfe\
\x9c\xf1\xbe]+\x13/\xf0I=lr\xa4\xe4\xe1q\
\xc1\xa8\x09}\x1d\xa0$v\xa9u\xbe\xb1\xb1\x1e\x0f\x1f\
>\x88\x0f>x/\xdey\xe7\xedx\xff\xfdw}\xfe\
\xee{\xef\xc4\x9bo\xbf\x11o\xbd\xfdf|t\xebC\
\x7f\x0fn]\xc3'\x0f\xab\x95\x10\x8f+\xbd\xb7D\xb7\
%\x8f\xc2\xeb0\x07\x1e\x02W\xa9\xa41ir\xe7B\
{\xe7\xcdcp\xc4\x02\x15\x82\x922\xe4\x90\xb2\xa7\xdc\
$P\xc7\x93X\x14T\x00\x1d\x03\xe5QO\xf5\xbex\
\x9e\x1a\x1a4t\xf7D\xa7<\xa53\xd7\xae\xc7\x0b_\
\xfff\x5c\xf9\xca\xab1z\xe9Jt\x8c\x8dG\xb5\xaf\
7\xd6\xe4\x8dM\xcb\x0b\xb9\xa5v\xffP2\xf1\x81\xda\
\xf3])\xea\xbb3\xd3\xb1\xb4\xbb/\xe34\x1ec\xe7\
/D\xa5K\xde\x99\xf2\xae\x1e4\xab\xa3\x95a\x122\
I}\xa0\xebC\xe1\x81\xda\xca(\xa2Sf\x9f\x1dd\
r\xa3\x22\xde\xb4\x0a\xdb\xd4\xc6m\x07{\xd1v\xb8\x15\
-;\x92\xab\xd9\xbbq\xfb\x9d_\xc4/~\xf4\x83x\
\xfbg?\x8c\xcd\xe5[\xd1\xdfw\x10\xa7\xcf\xf4\xc6\xf0\
\xb0\xbc\xb7\xe6}\x19U\x0dme\x87\x9a\xa5?\x87r\
\xd5\xaa\xdb2\x84\x1a\x82a\xa8\xd2Zb\xd4\xe5\x93`\
\xb0\x1a5de\x9e\x8c\xf6\x10\x8f\xfd`\x89y0X\
i\xde\xab\xad\x15\xceC&\xbcP\x9e\x9a\x83\xf0\x16=\
\xc3\xa9@\x96Ky\xce\xce\x22[;A\x19\x1d\x93i\
\xe0\x047\x88R\x0b\xfb$\x9c*\x01yB>\x8a\xb2\
\x5c\xdc\xe3e\x0b{\xd3\xf4\x9f\xff\x93\x7f\xe7\xfb\xd4\x0c\
\x19]Z\xd00\xf0\xeeL,\xce/Z\xa9&F\x86\
\xa3W.\x18\x15\xde\x92P/JA6\xf6\xb6bp\
h(&\x86\xfa\xdc0\x0c\x03\x0f\x0a\xa3\xc2\x9eK\xb3\
\x1b\xcb\xd1\xd0Y\x89\xc1\x89Q\xf5\x18}^B\xa0h\
f\x02\x13\x9b\x16\xc3\x82\x09\xe5d2\xc6h{K.\
\xad\xdc\xd7m\xb9\xc8\xa5\xa12*_\x9e\xe41\x97\xb1\
\xb3\xbd\xe3\xf59\xb8\xbbkk\x18\xa1\x0d\x9do\xbbg\
\x05\xb9\xbfU\xb8\xc3\xdb\xceK\xe9\xb7vm\xe0\xb8\xb7\
Y\xdc[\xdf\x90\xf1\x22\x8e\xf2\xe7\xc9#\xc6hmm\
]\xc7\x0d{W6\xa0\x18\x055bi\xac\x88\x87g\
\xc5={GV\xb2\xac\x0b\xed\x5cN\xbc'\xc7I\x9b\
GW\x951\xa0\xf8\xb7\xaf\xb0\xe9\xa9%\xe5y(\xde\
\x8cFGg\xaf\xf2\x13\x7f\x14\x05C\x94i\x8b<\x0b\
\x1e\x01Vj\xf1\x0e\x97x]FsE=/=)\
\xbd\xe8\xfc\xfcB\xac\xac\xae\x986\x04\x10Z1\xba\xab\
2Pk\xf2\xb0\xfcd\x95\xa5%J\x9b\x13\xd2\xd0K\
Y\x85p\xa9\x18\xcb)\x96L\x98\xc2\x8a\xf0\xfan\x01\
Y\x0f\x8c.\xe0\xaa9\xa6~\xd0\x06/0z\x0aM\
\xe1u\x86\xfe\xe3\xd29\x96\xf1\x8e\xe5\x9bP\x1f\xe4\xac\
2\x81\xf9\x89Br\x89\xd7\x821\xc0\xabk\x96\xa2\xb6\
vtD\xd7\xe0@\x0c\xcaK\x1a8s&\xdaFG\
cO\x06kE\xb1g\xc5\x8b)\xb5\xdb\x03\x19\xae5\
\xf1w\xe0\xec\xf9\x98\xbcv#z\x87'\xe4\xe8\xca\x8b\
\x09);;L\x90\xa3\xbd:\xa6\x8e\x8f\xce\xd3\xd3\x83\
*:\x99\xa2\x1euDR\xefz .s?<\xda\
g\xe8\xddL\xc7\xb0'\x99\x93\xbe\xac\xce\xcb\xb3yx\
7n\xbd\xf7A\xbc\xff\xce[q\xeb\xa3\xf7\xa5k;\
q\xe1\xbc\xbc\xbf\xb3\xa318\xd8\x15==m\xd1\xd7\
\xd3\x11\xbd\xf2\xf2\xba{:\xfd\x0e(\xf3h\xad\x95v\
\xd9i\xf4\x0f\xe3\xc4\x5cYv\xee\xe5\x84>^-O\
\xa5\xfd\xf4\xb4\xb3S\xd8.\x99j\xf7\x1b\x04\xdd\xdd]\
\xc6\xae\x02\xbb\xbb\xb8&\xef\xb6\xe80\xea\x5c\xfcj\xd7\
0\x97\xe1\x97G6\xaa\xe4\x8e\xf4f}\x91uV\x1b\
1\xd23\x10\xdd2p\x18_&\xdf\xb9\xcf\xec\xe4\x16\
k2y7\x90\xa5\x0b\x0c\x03G\x87\xf3\xdd@\xd5\x9d\
\xc7b\xc9\xbb#\x86\xf9:\x85\xac\xb8\xc6Q\xd1?\xc5\
G7\xe7\xe7\x16\xbct\x81\x05\xda,)\xf2\x9c\xb6\xe4\
\xc9\xc3\xc0\xaa\x86\x81]\x1d1\xa42\x9a\xfe\xd7\xff\xf8\
\xf7\xbeowU\xc6jyq#\xee\xdf\x99\x89\x05\xb9\
\x8am\xf2\x02&\x98\xb3R\xc5\x9b5\xde\xdf\x92\x22\xcc\
\xad\xaf\xc5\xa6\x18\xcd\xfc\xc1\xb8\xc6\xff-*l_\x95\
\xab2g%\xa3\xb2\xac\xfb\xb3k\xcbq\xd0\xd9\x12\x03\
\xe3#\x1a\x8b\xf7\x99\x09\xfb\xaa\x22\x8f`\xf7\xa4\xb4\x9e\
[Qc\xbbG\xa0\x02\xca\x83\x8f\x89bHl\xacl\
\xf8xZ\xc4\xe3\xe1}\xaf>\xc7\x98\xf1\xd5d\x16\x7f\
\xe2\xf6b\x90v\xe4\xf63\x9e\xcfQ\x8e\x98\xc9D6\
\xc3\x135\xa2\x8f\x05s<O\xa6\xf1=\xeb\xc8\xcaE\
q,H\xcd\x89w<\xca\xbc\x9f\x8f\x83SA\xdaX\
3T\xc9]\x22\xf8\xear\x95\xe1\x94\xee!(,\xa3\
\xc0s\x84\xef\x5c\x1b\x95\x0fe\xba\x87\x00\x14\x17\x8f\xc5\
\x8aK}Qd\xca\xd1\xe5\xec\xec\xb2\xeap\xa8\x06\xe8\
\x95\x90\x0e\xa8\x17\xf5B4)\x11\x06.\xf3t\x16\x04\
\xd2.\x0aDQ1\xe2\xcc%>\x94{Og\xb2.\
^wI@\xc7\x98\xe0<}*\xce\x9c9\x15\x13\x13\
\xe31yj2&&'\xbc\x88\x8e5g[\x1az\
,\xc8\xed\xa7My\xcd\x83\xa1#u-\xbdF\x8e\xbb\
;:\xea\x1c\x03\xcfqOaUy\xb7nW\xf1\xdd\
^-\xed!\xe1\xe1)-\xfc\xe0\xdc\xdb\xf401.\
\xe1e\xb8\x09\x9d\x0c\x93M?\x95\xd1\x1f\x1e3\xe7%\
\x12\xe6\x9e_\xac\xc2\x10$\xc7\xf8O]Q\x07!m\
G\x04\xc2}\x14\x90N\xe9\xd3x(\x8e\xdaY\x82)\
gC\xc7Vy\x19\xed\x1d\xd1\xda\xd7\x17\xdd\xa3#\xd1\
52\x14\x95\x81\xfeh\x1b\x18\x88q\x19\xaa\xb1s\xe7\
\xa2k`PiZeh\x99\x13I\x8f\x04c$1\
\x10d9>wyp\x1f\xc3\xe8\x9b\x14\xeb(\xa6\xdf\
\xd7:*\x1eJ\xc8\xb9\xd7\xdc\xa9\x8d\x9b\xe8\xe8\xc4\xbb\
\x03\xe6\x88\x96\x16\xe3\xe1\xed\xdbq\xeb\xfd\xf7\xe3\xe1\xbd\
\xfbQ\xdd\x90\xa7\xbe\xadNQ\x1dKE\xf234\xac\
!n_O\xf4\x0fuK\xc7*24\x15\x19\x12\xd6\
\xfd\xa5\xc22\xd7\xe85\x84\x18\x12u\xf8\x18i\x05Z\
\xc6\xa0\x8bc\xd9AV$\xab\xecV\xc0\xfa\xc2<W\
^\xed\xacE\xe4)f\xae'l\xd7\xb1\x22>\xb5\xb5\
U\x1cF<\xa3\xcab\x89E\x1a\xc1F\x19\xd8\xedX\
Sg\xb8\xbb\xbc\x1e#}\x83^g\x85S\xc2:\xab\
\xe4L\xc4\x8e\xe4gI\xf7\xd7d\x8c\xdbz\xba\xa2O\
2\xa8\xcc\xed\xd0T\xd1)\xf1\xb5\xe4)<J\xe3E\
\x88R\x17<\xe4\x9c\xce\x15\x9d_\x98\x9b\x8f\x8d\xb5-\
\xd3B\x9di\x1b\xa4\x88\xcf\xd1#o]\xdd\x1d1<\
2\x12\x0dkw\xfe\x8f\x22\xa3E\xdeQc\xdc\xf9`\
.~\xf4\x83_\xc6\xfb\xef~\x14\xbdR\xd8Wo\xdc\
\x88Sj\xfc6UrA\xc2\xfb\xe6\x94\x5c\xea\x9du\
o\xd7\xf0\xd2\x95\xf3\xd1!\x01\xdeY`\x01\x99\x86^\
\x1aj\xddz8\x15o\xdc\xbf\x15\xfb\x83mq\xf9\xab\
/\xc4\xa5\x0bg\xa2Eiw\x1b\xf7cW..\x0b\
\x18r\x09\x81DA\xa5J\xcd\xbd\xf6\x8a\x15\xe9x;\
\x10^\xff\x14\x8a\x06\xa2A\xa8\x1a\x0aV\x950\xe4\xdc\
\x14\xde\x0f\xbd\x0a[\x9e\xa8\xa7\xf5\x11\x01,\xd3!\xf0\
\xa5`\xc1\x16\x98\xc4\xd5\x11\xe3\xf2\x1c\xf7_4U\x0b\
%\x93A\xa5\x01\xe9\xa1X\xa7\xc5\x84f.\xafH\x9a\
\xdd\xa0\x12\x0e\xf7B:\xc7\xbd\xa6\x81\x8d\xa23\x85\x9b\
!\x9e\xe2\xab\x1e\xa4\xcb\xb4\x0a\x96\x1b\xbf\xc7Z\xb5\x8f\
f\xe3\xd6\x07\x8b2V\xe3q\xfd\xda7\xa3\xb7oT\
J\x22\x83.\x81Qq\xa6\x0f$\x9diU\xe2\x0dy\
K\xef\xbd\xfb^L\x89\xbf\xbc\x8bw\xf6\xf4\x99\xe8\xec\
\xeev\xcf\xd9\xa9\x86\xcc^6\x8d\x1cIr\x02\x96\xc9\
K\xbc\xceu\x1b VW/\xae,\xd93\xe3i\x1a\
\x86%\x95\x0f\xd1\xc2xP\x16erN}4|(\
\xf8\x0a\xc2/\x94\xd2\x8b\xf68\x0a\xe9\x911\xecV\x12\
\x1e9\xf3$M\xf9\xe0M\xd3;\xc2\x93\x9c[K\x03\
V\xd2\x08\x9fr\xaa\xa0\x10j\xfe\xe3\xcd\xf0v\xae\xdb\
\x85\x10\x98\x01\xef0\xf6\xb0\x81kZ\x92v\x92\xde\x16\
y%(\xd4\xf7u*\xc4\x88\xb2\x0c\x81%\x12\x1d\xa2\
\xa9I\xf4y\x97\x06e\x8c\xd7\x84GE\x9e\xb4\x15<\
\x97\x88\xd4\xa0\x10\x9b\xccJ\xf4\x99-\xf0J\xdehY\
\x0f\xc0it\x93\x03\x94\xec\x8b\xc7\x87x\xe9\xf2x\xa7\
\xef\xdd\x8eE\x0dA\xe1s\x97\x8ch\x7foot\xcb\
\x93YZ[\x8a\xb7\xdf};\xb6ve\x08&\xd4\x91\
\xb7\x1d\xc4\xa9\x0b\xa3q\xee\xd2H\xf4\x0d\xb4\x8a\xcfx\
\x90\xc8\x8f:\xf0mu\xee\x92\x17\xc8a\x04\x08d{\
\xb9\xd8\x1a\x10\xc6P\x0e\xbe\xc3_\xd3\xeaxG\x91L\
\xa3\xf5@\xfc\x84\x87t\xd6\xfaQ?\xd6\xf5a\x18u\
\xe2z\xac/\xac\xc4\xf4\xad\xfb\xb1r{:\xae\x9f\xb9\
\x18#m\x9d\xd1Um\xd4p\x16m\x95\x1e*3\x16\
\xbb~\xa08w\xe7\xa6\xa2o|,\xce\xbd\xf2R\x1c\
\xc8\xc3b\xe9\xc2&q\x84%\xad%X\xbe\x04\xa6O\
\xa7xV\xfbrR\x16\x17\x96\xe3\xed7\xde\x8d\xd9\xfb\
\xf3\xe2Uw\xb4\xb6\xf5\xb8\x8d\xbcta\x9b\x87\x0d+\
12:\x10\xd7y7p\xed\xce\xffAi1VM\
q\xe7}\x19\xab\x1f\xfe\x22\xde\x7f\xef\xc3\xe8mm\x97\
\xb1\xba\x1e\xa7d\xd1\xda\xdaZb~{/\xde\x9e\x9e\
\x89\xe5\xdd\x8d\xb8q\xf3f\xbcx\xe9l\xb41\xaf3\
/+\xac\xe1\x18O\x02oK\x99~!cu0T\
\x1a\xab\xb3\xb6\xe6\xbb\x8d\xea\x89e\xb0X/\x92\xdbS\
\x08e|\xa0\x1aaa\xa2\x90\x1e\x9c\xb1\xb4\xe7L\x5c\
\x19\x94_\x8c\x94R`pP\xc0\xaa\x8c\x15\x86\x0a,\
\x8dF\xb9`\xb4T\x84\xa3\xc6J\x06\xa5\xb1K\xa1+\
\x19VBN\x82#\x84\x9c+\x96\x042{+\xdd\xb4\
b$cM\x90i\xd2?\xc5\xc3;\xa4<?\xea\xb6\
AM\xa3\x0a\x09\x94f\xa1\xa0\x8ex\x92:z\x0eF\
\x12\x87\x1d^X\xdc\x8a7\xde\xbc\xa7\xded?^x\
\xe1\xbbq\xfa\xd4\x15\xf5\x9cmQU^\xf0\x02\x80&\
\xd6\xd5\xe0\xd9\xb0\xee\xe8\xf6\x9d\xdb~\xda\xcaBI\x9e\
\x8a\xe0Mu\xc8\xe3\xad\xa8\x87$\x0d\xb4\x80V&\x93\
Z\x08&\xbc \x82\xfe\xbc'\x92z\xfb\xe5\xa5e\x19\
/)\xb2\x04<'\xf9e\xac\x5c/|\x09E\x94\x81\
 \xbd\xd7\x87)\xdcs\x8f\xdc\x97\x17k\xe3\x22\xa1f\
\xd7V:\x1d\xf3\x97J\xeb\x08\xaf\x18\xe6\xb2\x0ehO\
\xf9\xb2v\x89\xbcsN,+F|\x0c[\x87\x86p\
\x9d\xa2\x1f\xcf\x90\xe1H\xb6\x1fs+\x0cG\xd2\xf0b\
\xf7\x19\xb2\x02\xd4\x813\xda\xa2T\xb8\xe2V\xd2\xe6\xbb\
\xdc\xcb\xff\x9e\xec\x86>%`h\xc6\xed\x9c\xe8V9\
\xfay\x88^0\x9b\x8f#\x1c\x03h-\x82\xe0\x03\x1e\
\x0cQ\x5c\xbf\xb2\x04\xf8j\xa3\xa9\x0eH\xed273\
\x13\xd3\xf7\xef\xc6\xca\xd4T4\xc8\xab\xeaV\x07\xda\xaf\
\xe1[_Oo\x8cv\xf7G\x9f\x14\xb9Em\xb5\xb8\
\xbe\x14o\xbe\xf7\xae\x9f\x98\xf7\x8f\xf5ECk\xc8p\
\xadE\xa5\xfb0\xc6O\xf7\xc6\xa9\xd3\x83\x1a\xc2\xc9\xe0\
\x8b\x87\xbc\x0e\xa6\x81\x85\xf9|\xd4\xb1$\xb8\xca\x05\x10\
^\x1a\xd1\xe4EB]ts\x07^$\xcd\xe4\x955\
q;3\xecEja\xb8BwW7c\xee\xceT\
,}\xf4 .O\x9c\xf3\xa2\xd0n\xc9n\xab\xac\x14\
?\x1b\xabm\x19\xab\xdb\x0fl\xac\xfa'0V_\x89\
Cu\x9es\xf2\x846\x94\x8b\x9f\xf8\xc33\xfd\xab\xa7\
\x09p]\x14\xc4\xc3\xa6\xfd\xbd\xc3X\x98\x17O~\xf1\
v\xccO-Fw{O\x9d\xb1R'\xbd\xbd^\x18\
\xab~\x1b+\x0f\x03i\xc4\xc3\xfdF\x09r9g\xb5\
\xe4\xfd\xad&4\x94\xe8\xee\xec\x90R6\xc5\xe6\xde\xbe\
_#\xd0  FG\xc7bt\xb0/\x9ae<\xaa\
\xea\xbdy\xf2\xc4\xdc\xd2\xf2\xda\xba_\xa18\xech\x89\
\xc1q\x8d\xc7\x07\x14GJ\xccBP\x84Bl\xb7\x8c\
\xa0\xec\xd9\xfb\xe7\x11\xb6\xb9'\xd7\xd03\xddT\x5c\xd4\
|\x15\x06\x83\x90\xdb\x0e\xe3\x167[\xd8\x19k\xfb\x95\
\x9a\xa2\xd7/\x0d\x15P2\xa7T\xe04>\xa5A\xc9\
\xb9\x88\xf2\x1e=|\x1a\x19\xe2$\x0dloL\x83\xf2\
\xc4\xd3\x1d\x8eu\x11\x1aQ\xcell\xae\x09\xf7*j\
\xeec\xe4t\xb4\x82q\xe4\xc4d\xd4\x09\x19\x8aCy\
\xa2\x17\xe3\xbc\xba\x22^j\x80\xdf\xdb\xab\xe1ZG\x97\
b2N\xcf\xb8<\xc5\xdb\xde\xdc\x8a\x07\xb7s\xaec\
eq9&\xc7\xc6\xe3\xe2\xc5\x0b1>6\xe6\xce\xa3\
EC\xf3\xda|Wa8\xa8\x87\xabo\x8f$=\xd4\
rHL\xddYE=\xa4\xe1\xd0\xd8\xc8p\x8cb\xf4\
\xe45\x8f+\xdf\xf1\xd1Q\x19\xc01\x1bA\x8e\xa3\xc2\
\xe1\xe1\x91\x18\x1a\x1aR\x1b\x0eh8\xdf\x1f\x03\x83\x83\
\xd1\xaba}\xaf\xbc\x84.\x1e\xef\xcbp2W\x82\xc1\
d\xc8\xccZ#h\xf1\xb0[\xf4\xf0B3\xc3\xf7\xec\
\x5cr\x22\x17:\xeb\xb1\xaaz2\xdc_[[\x11\xf2\
\xf4k9VWy\xd0\xc1<\x1c\xe7\xab~\xb4\x9ds\
\x17L\x8bg\xbb\xa6i\xa4\xb4\xe4\x17\x1e\x82+^\xb6\
\xbdb\x80no\xc5\xa7\xfe\xe6\x8fP\x9c*R\x09t\
\x9d\xf9\x1c\x01\x0aY\x02i\xd2P\xa4q\x06\xf0\xda\x18\
\x05,\xce-\xc6\xd4\x83\x87\xeeL\x1e<\xb8\x1f3\x0f\
\xa6b\xfa\xce\x1d\x0d\x9fV\xe2\xdc\xe8x\x5c;}.\
N\x8f\x8c\xc7\x80<\x13^\xe6\xc6h2\x9cc\xbd\xd4\
\xfa\xfea\xb4\xca\x80M\x9e\xbb\xa0\xd2\x1bcF\xc6n\
qiUe4\xca\x03\xeb\xf5\xd6;h\xbb\x97*@\
a!\x17\xa5\xf2\xeb\xaf\x06y\x9d\x015Y3\xd4E\
\x02,\xc3\x1cK\x1e\xe6/y\x93\xe1 \x22\xbe\xbd\xa6\
Q\xce\xe2J\x0ct\xab\xad\xd5\x81\xc8g\xcea\xa0\xf2\
\x87\x7f\xbb\xb2\x05\x0b<\xad\xdc\x5c\x8b6\xc9\xd4\xc0\xe4\
\x84\x86\xe2m\xb1\xa5\xbb\xb4R\xd1\x0f\xd4\x00\xfa\xa0\x0d\
\x0f1\xa7\x81D\x03\xca\xa5x\xcc\xb1\xceL\xcd\xc4\xd6\
\xfa\xb6F\xf3m\xd2\xbf\x1c\x06\x92\x05\xbbE\xecVw\
$\xb7\xed\xea\xa4\xfdn\xe0\xef}\x1f\xb7\xd8\xc6jq\
3\x1e`\xac\x160V-6V=\xee\xf9\x1abC\
^\xcf\x9c\x86\x10\x12\xbd\x14f\x8d\xb7\x1be\xa4\xf64\
\xc6\xdd\xf7\x5c\xc6\xbe7g\x9b\x97\xd0E{\xb3\x8c\xd5\
P\xf4\xf5vEC\x8bz[q\x80/\xbb\xe4\xba\x1c\
HM\x01\x80\xb7e\x03\x88z\xf7\xd2i\x00$`\x12\
4I\x9a+\xe4\x14uqO6N\xc9\x8c\xfa{\x1c\
\xca\xeb2\x8c8G\xa8\xde\xa5.\x0d\xe79\x8c\xa37\
C\xd1\xd3\x00\xb8g\x15\x1d\xa6\xa9D\x85\xe7\xb1>\x0c\
!\xa0\x0e\xa2\xc9\xe7I\x03\x90\xd92\xb7Q\xbc:$\
\xde\xf2\xe2\xeb\xc2\xfc\xb2'\xd9\xdb;{\x14\xa6nV\
\x89P\xea5))\x0ap\xfb\xf6-)\xebf\x9c>\
s6\xae^\xbbb\x83\x91sc\xf2r\xc4'\x86N\
\xb5\xc6w!(\x1f|\xcd0\xc0\x8a,(\xeb\x8a\x02\
{\x0b\x1d!\xc3<w\x0a\x1a\xda1_P\xce\x97\xe4\
y\x0e\xefX\x89\xcd\x8am>j\xd1.\xc1l\xd7\x11\
\xaf\xaeG\x86\x0b\xec\xee\xef\x8d\xbe\xe1Ao\x8e\xc6\x0b\
\xb9\xc8\x06sf\xa7N\x9d\x8a\xb3g\xce\xc4\x99\xb3B\
\x1d\xcf\x9e=\xab\xe3\xd9\x18\x1f\x97\x02\xcb\x00\xe2]1\
\x14d\xd8\xef\x97\xc6\xd7x\x8a\xbb\x16K\x8b\x8b~\xba\
\xbb\xba\xca\x93\xd9|@\x00\xae\xeb\x1e\xc6\x0d\xe3\xc3\xf0\
\xdbL6\x83\x93\xc9e;\x16\x17\xe6%W\xf4\xe2\x09\
\xd9\xc6\x96;~\xc4)\x15\xb8\x0eJO\xb2\x96L\xb0\
#9\xc7p\xae\xae\xac\x88\xbe%/\x05\xb8\x7f\xff^\
\xdc\xbfw\xd7t2$\xee\x97\x01g~\xa7C\xfc>\
50\x1cc\x83\xc3\xd1\x81\xf2\xa9\x08w\x16\xc8\x0aK\
\x22\x94\xdf\xbc:\xf5\xad\x9d}\xe9\xc8)\x0d\x07\xcf\xd8\
\x8bbq$^\x06\xeb\xee\x98Sj\x22.\xf4*\x81\
\x0eI3'\x82Z=\xeb\xa0lsd\x91\xfb\xc4/\
+\xc1\xc1UUz\xef\xa9^\xfc\x5c\xcb\xb2\xbeJ\x87\
\xdfic%\xefjM\xb4\x0c\xb0\x830\xc6Ji\xa8\
Gz\xe9\x87\xb1-zy\x91yY\xf6\xa0\xb5\xa7+\
\x061V\xea\xb86U\xe6\xae\xf0\xa4\xb1*\x01Y-\
\xeb\x80\x1cC\xe2\xc6\xfaVL?\x94\xb1\xda\xda\x95\xcc\
\xd5\x1b+\xe6\x99\x99\xb3\xda\x95\x07\xde\x1e\xc3\x18+<\
+\x1e\x89b\xacV\x167d\xacfc\xc9\xc6\xaa9\
\xc61Vr\xd5\xf9\xa8\xc2:\xd6T=\x0a\xfb\xd9\xe0\
Y\x8d\xc8X\x05\x93\xac2V\x08\x11\xdb\xaf\xach(\
\xc8\xae\x0b\xd1\xd6\x14\xc32V\xdd}\xdd\xd1Xi\x8c\
=\xc6\xfb\xbc5.\x8e\x99\xa9&\xba\xe0%J&\xa5\
\xcb\xb9\x04\x01\x5c5\x0fa%\x02\x86\xe7\x90\x0dUV\
\xb4<?y]\x82\xd3\x0a\x9dO\xea\xaa\xafS\xb1)\
;\xdd`\x0f\x07\x92\x8a\xda1\xf3\xc2P\xd1\xf0\xe4\x03\
\x89\x0a+b\xe0\x1dY\xa0}\xae\x066\x12\xcf9f\
$\xd2;\x05\xc3E\x820\x14~ \xaes\x19\x0b\x1a\
E\x0a\xb7\xb6\xc2K\xd3{R\xbe\xf6h\x13\x9f)l\
M\x1e\xc5G\x1f\xdd\x8a\xf7?\xf8\xc0\xc3\x99s\x97.\
\xc6yyT\xdd}\x1a6\xe0)(\xdbr\xf39\xe5\
\xaa\xfa%\xba^B\x80\xc6.Q\xd4\x1b\x89\x9b\xc4A\
;\x82\x0aaE\xbc\x224\xefs0\xc5\x16`\xceU\
Ao\xf2\xe6p]BG\xa3\xe4\xa3\x0c\xb3\xf7\xa20\
\xcfi\x15\x1e\xf0\xd1$.\x93\xa6y\xc402\xf1\xcb\
\x93\xab.\x19\xbe>yi\xbc\x0b8\xd2?\x18\xc3\xfd\
C1\xcaSf\x8c\x1d\xf2%\xcfoP\x1e]\x07s\
a\xe4/\x8a\xbc'\x93\x8e\xf6\xa8U\x86N\xd5V\xa2\
\x97\xa3\x0f\xd0W\xb4\x95\xe8d%9mY\xfe\xb8C\
=\xf3\x07\x14\xf5\xad\x03\xd2\xdaH\xe8\xc8\xf2\x15\x1eB\
\xf0\xd4\xf5\xd6\xad[q\xf7\xee\xdd\x98\xd6PoKC\
\xbd\xce\x8e\xee8\x7f\xe1\x5c\x9c;\x7f&.\x5c\xb8\x10\
gNMZ\xb9=\xd2\xd00\x9b\xa1_\x8f<f:\
_\xda\xde;\x16@\x9b\x8e\x1b\x1a:.\xcb\xb3n\xef\
\x90\xa7:4\x16\x83C\xc3\xaaOEatR3!\
[\xa0\x0eB\xf5VZ\x1a\xdaN\x1dV\x84\x03\x15\x83\
\xfe\xba\xa3\xdb]\xf7\x09\xca&#\xae:\x5cuj)\
wYo\x1b*E\x22\x8dk\xee<8\xc8\x18\x11\xc6\
}%\xdb\x961]\x9f[\x8a\xc1\xae\x1e\x0di[\xa2\
U\xcch\xd1={V:\xdf\xadF,\xf2\xd6\xca\xe6\
z\xb4vw\xcaXM\xca\xb3\xe2i ;\x85\x8ad\
\x98W\x00\xa7Y\x8a\xceu\x82~\xa5\xb7\x9b\xd3;\x1b\
\xeb\xb9S(O\xed\xdb\xd0\x0b{\x95x\xc0L\xb0\xcb\
\xbe\x1cT\xedY\x0d\x0d\x0f(\x0dY\xf1g,\xb2-\
\xcekh\xe1\x06h\xc4\xe2\x07\x154*'\xc5\xd1\x84\
\x14y\x94\x8b\x0a!\x90s+\x98~yS9\x16\x02\
\xee\x1eGA\xcc\xef`I\xab2|\xcc\xd70\x7f\xc5\
\x10\xa2\xf6N\x93\xa0\xec5\xea\x812\xeb\x87\x16\xa6'\
)\xd4Aa\xc5\x10\x84!I\x0e;\x89\xc3-\xc5p\
Z\x8e\x90t\x94w\xd6\x96\x86Ia\x07\xbc\xa0\x13I\
( y\xa3\x13%\xce!\x17\xf5U\xfe\xa5\x82\x14a\
i\xf8\x98\xefa\x12\xb4\xea#\xdeW__GL\x9e\
\x1a\x8a\xf5\xcd\x05)\xc1\x87\xeaU\xa75\x0c\x9f\x8dw\
\xdf~#\xee\xdc\xfe\xc8o\x9a_\xbdv-\xce\x9e;\
\x17\xdd\xbd=\xe2a\x1a[\xea\x95e\x1f!\xe5\x94\x90\
\x06\xcag\x89G\xb7\x1e\x0bn7\x8e5LC\x85\xc2\
\xb2\xd8\x91\xf6CJ\x9c\x95\xebz\x84\xf0\x12\xa8\x85\xd9\
 \x1c!\x96\x956\xcb\xa18\x98m\x08bp\xec\xb5\
\xc9\x80\xb1{\x06sX==\xf2\xd2d\xbc\xc0\x81^\
\xb0?F\xa4\xc8\x932^\x13\x1aZ\x8d\x0d\x8f\xda\xc0\
1\xa9\x7f\xbc\xfe\xd0\x00\xed\xd0Q\x9cS\x19\xf3\xe0\xa8\
\xcd\x1e\x07\xf5\xf9\x94yQ/\xd6\xd5=\xb8\xf7 >\
x\xff\x03\xaf\xc1\xebQ\xb9x\x8a\xd7\xae_\x8f\x17_\
z9\xae\xbfx3&\xcf\x9e\x8a\xb1S\xe3\xd17\xd8\
\x1f\xdd\xdd=1\xac\xe1\xf4\xf0\xf8\x98\x94X\x0a\xb8\xb4\
\x18\x9b\xbb\xdbY\xbc\xda\xbfz\xb0'Cp\x10m\xcd\
\x15\x1b\x81\x8e\xd6\xf6X\x99_\x88\xbd\xad=\x19\xad\x81\
8{\xfe\xa5\xb8\xf1\xc2\xf7\xa2\xbbg2\xee\xddY\x8a\
7\xdf|\x103s2|r$xZ\xd7\xe4%\x15\
\x8f\xca\x7fi\xa4JL\x80\xef\xf0:\x8f\x88\x84\x9b\x10\
\x14_\x90o\xe4\x84#\x8f5\xb0\x89\xdc\xc7]\xf0\x22\
b\xe6'\xc5\xc04rt\xb0\x9c\x13\xe6\xacu\x9d\x1d\
\xb5\x0d\x1f\xbc&X\x81\x0c\xf3,/u\xc0eI\xb3\
G$\xd4\x81\x92\x15\x19\x15\xa1\x9d|\x9fL\xc8O\x19\
r\xe9 \xdf\xcbt\x99\xde\x15\x81\xa3\xd4\xaah\xb4\xe2\
\x97\xd7\xe9=\xd4\x1b\x0a\x04\x93\x9c\xc8\xbf\x04\x14\x09\x11\
\x05\x8a\xac\xfd\x1f\xe2\xa9r\xe6{\x04e^\xa6HT\
\x1f\xc80Y\xe9\xad\xf09\xd1\xcecqOkZ\xe1\
\x95\xa38\x9a\xdeNa\xec\xea\xe8r~\xca+\x8d\x96\
\x8e\xcaj_\xde\x22\xc8\xfbS\xb2W\x0a\x17\xebu\x8e\
\x17\xe9\xbd|L\x9c\x98f\x0e\xe7\x11r\x92v\xa1\xef\
's\xd9\xf7\x87k3\xba\xb8\xe70b\x96t)X\
\xe4\x88\x16e\xe2,\x0ba\xd1\xb9\x0d\xb7z:O\x0e\
\xab\xd5\xbb:*q\xfat\x9f_\xb5XY\xba\x1f\xef\
\xbc\xf5\xb3x\xe3\x97?\x8b\xa9\x07\xf7\xec\xf6^\xbcp\
\xdeC\xa7\x9e\x1e\x0d\xb7\x95\x89]p\xb2\xa4\xaedj\
@93\xbc\x84\x92>(\xf5/I|*\xe0\xa5\x1d\
HRK\xcc\xf9\xc5l\xdfl\xd3,\xa7\x1e\x93\xcfG\
X\x86\x9f\x84\x0c\x83\x01y(\xe3\x81\x9e\xc7Bn\xc4\
\xbb\x03\x86\x84*\x9bo\x22\x1eP=]7\xb0\xebk\
WG\xb4\xca\x90\xb5\xab\x07g\xf8\xc9<\x19\xdf\xb3{\
\x14\x8e\x97\xcf\xa9\xdb\xd3\x05\x93a\x12\xf08\x85:\x09\
\xf0\x9bw\x01\xf1\x08\x99\x1f\xc5xN\xca{8+/\
\xf7\xdc\xe5K1~\xfaT\xf4\xcb@u\xc8\x93jm\
\xee\x90\x92\xb3\x96\xb0\xd1\xfbS\xf5M\x0cGCwk\
L\xaf\xce\xc7\xe2\xd6\xaa\xf7\xca\xe7\x01\x8beYG\xa6\
\xb3y\x85\xadW^\xd7&\xdb\xac,\xaf\x04;7\xb4\
\xe8z\xe2\xece\x19\xaco\xcb\xab\xbc \x8f\xe3@\x9d\
\xd6|,,nz>\x98\x96\xb0\xa2?\x86\xf8\x9a>\
p\x1f\xf9(\xae=_)\xa4\xa3`\x0a\xa2\xa6\xc7\xfc\
\xc4\x1f\x8e\x18\x82r\xb4\xa0\x9b\xe2\x19\x0f\x84r\xe4a\
(\x8a\xe3\x1an\xc2I{\xd0\xf6\xa2y\x02\xaf\x5c\x94\
\x1e\xb2\x88cD\xd6u]\xd2\x02\x98&\xe5\xe0\xb5h\
\xb4\xb7~x\xbe\xd9\x01+M\xad\xed\x94\x17\xba\xa4x\
e\x1b\xeaBq\xf0\x10u\x92^\x05Y\x11\x95\x7f\x19\
!\x0b\xd3)\xae,\x95,\xe2AI\x99u\x0d\x92J\
\xdf7\xe3\xc8\xc9\x99\x151e\xb0K/\x05\xe0\xdc\x08\
\x19\xae\xa9\xf2\x94\xd0{R\x96\x06\x96gU\x95\xbf\x89\
\x87\xe5\x896&\xf1\xbd\x06+\xcfA\x961dx\xde\
\xdb\x92\xcb\xceb\xcfM\x0dM\xb76w\x8d\xb9\xd8t\
/X\x97\xb5\xed\x05\xa2\xbc\x9e\xb2\xeb8,jc\xa5\
;+\xdeY\x11\xbf\xee\x85\xa6l\xb2\xa7\xbcw\xa1\x05\
\x85J\x9aJ\x85\x04h\x1c\xd7\xb1\x0e\x99\x0b2r.\
\x011\xef\x14/\xd9\xc0.\x11jh\xcee\xb0\x9ad\
\x90[\x9b\x0f\xa2\xbb\xab\x12\x17\xce\x9fV\xfc\xe6\xf8\xf0\
\xbd\xf74\x04\xbf\xed\x85{W.]\x88s\xe7\xcez\
\xc8\x94C<\x0a-\xda\x03\xf7\xa4h\x97\x93\xc0\xfd_\
\x05\xa8\x15-A\xeb\xd4PYe\xeb\xe8\xb8\xaf{\xc2\
\xd2\xc8\x00\xe5y\xc9\x17\x1b\xad\x22^=\x22\xf8\x89(\
\x019+\xbdx\x01\xa9\xf0\xcdr%Eb\x87\x03i\
\x80\x15\xa6\xf6\xaa\x8b\x8cz\x0e\x9d\x94J| \x1c\xc3\
\xa6\xbeF\xd1\xd4\x06\xba.\x91\xfc\x9eT\xff#\x83\x95\
F\x8b\x1ad-\x8e\xeaQ\xa2sP\xc7\xc0\x1a\xa5\xf1\
\x89q\x0d\xf3\xce\xc5\xa9\xc9S~\xd0\xd0\xd9\xdd\xe5\xe1\
,#\x02\xe4\x1co\x87o/\x96\x8a\xaf\xb1\x9c\x17\xaa\
\x8ekx\xb8\xa1:\xdd[Y\x8aU\xc9\xa7\xc4Hu\
P]$\xefx,l\x03\xdd+#|\xb0\xb7\x13+\
\x8b\xf3\xb1\xbe\xb5\xee\xb9\xe0\xc3Js\x0cM\x9e\x89\x9b\
/}7&&\xaf\xc7\xf6f\xc4\xed[\xd3\xf2\xb0\xd6\
$\x93M\xe2\x9f\x86N\xe8\x9f\xa9\xcc:\xe1\x1b!o\
~\x07\x14\xe4W\xf0D\x7f\xba\x07\xaf\x8e\xe4\xb4\xe4\x11\
F\x0c\x9a1p\xaa\x89\xeb\xc35\xbb/\x80xQ\x18\
F\xd7O?\x97G\xdc\x02\x91\xd9\x92\x0f\xfa\x97y\x12\
\xcb\xccU\x0a\xf3\xa4\x0e\x15\xa7,\xdb\xff\xe1\x09\xb2C\
'L\x1aC\xde7\x10W\xbc\xe2^\x96\x8f\xa1\xc4H\
p\x8a!\xe1\x9e\x1b-E\xd6\x1f\xc9\xccx\x0eCP\
B.\xa9\xfdye@^\x08)q\x09\x81U\xbc\xbf\
D\xf5\xb8\xe9'C\xba\xe7\xa1\x91\x88\xf2\x98\xb9\x90W\
\xca\xe4\xbf\x99\xef\xe80I\xe3\xe1\xad\xaaz\x95\x1d\x19\
\x10\xb6\xc6\xc5\xf0\xec\xc8\x80\xb0b}=\xd85tI\
=\xd1\x92\xc6\xf6K\xcb\xf5\xb8\x12\x8bK\xcb\xc2%\xe3\
\x02\xc7\xc5E\xbfF\x93\xaf\xd4p\xbd`\xe4\x1d)\xee\
-)\xfe\xd2\xa2\xd2,*\xfe\xc2b\xcc\xcd\xcd\x0bg\
\xbd:|e5\xdf\x99\xf2#~\xb9h\xf0@\xed\xac\
\xb6R\x1d\x9aX\xde AhV\xa3!\x14(\x8d\xeb\
\x0dK\xa9y6\x9e\x19\xac:\xc1]\x7f\x12\x0b\xfe(\
N\x8bN\xd8\x9b\x09\xc1\xaaT\x9a\xd4kwEWo\
K\xb4\xb46\xc4\xa4\x94\xe3\xa5\x9b/\xc6\xe9S\xa7\xa3\
\x22\xc1'\x11e\x9bE*\xd7Ji:\xe0\x9d\xff=\
\x06\xe0l\x1d\x16\x07\xca\xb7\xdb\xee\x06=\x09\x0a\xc7\xbd\
r,\xc7<q,\xd3d\x18\xed\x9e\xa0\x9a\x17\xbd\xb7\
\x856\x99t\x0cK!-\x7fje\xa5O\x99\xb0\xb7\
\x01\x8f\xb8\x8f2I\xae\x98\x07c\xe2\x1d#]+Y\
\xff\xecM\xea\xaf\x04s\x16\xd9-\xd0\x91 \xac\xa8\xaf\
\xf11P\xcb\xf3I\xa0t%\xcd<\x80\xc0h5\xb7\
\xe6\x02a\x8c\x18ex\x0a\xc1\x8a&\x03,3\xc3\x0b\
\xcb\x18U^bf\x07\xd0\xc1\xb3\xe7\xa2KC\xc2\xf9\
\xf5\xf5\xb8\xbf8\x17\xdb\x92\xa1|\x9aH\x9a\xf4Lz\
\xe4\xb1\xb5\xb64\xc5\xb2\xe4qks\xbd\xd61`\x94\
\x9b:\xbb\xe5\xc5\xbd\x10c\x13Wca~#\xde}\
\xf7v\xdc\xbe\xb7\x10\xea\x8b\x15\x81\xb9\x1e\x8d\x14\xaa\xf2\
\x80=]\x92K~\xd8\x02\xdco{\xd0\xc9\xef(|\
\x87\x85\xbc\xfb\xea\xcc9\xe6SW\x16XS\x8e\xbf\x0e\
\xae?\x1e\xb2\xd0\xc1\xc2\xef,\x9d\xfc\xa9b\x83<\xc0\
\x16\xcc\xa0\xa2\x89\xe9\xf0\xb8\x90\x85\x927\xa4\xb3g\x85\
.\xa8\x9d\x9b\x85\x8e\x9dY;\xb6\x0d^\xa1\xef^\xf3\
 #\x98\x06P\xc8\x91Q\x0bm\xe7\xa2e\xcc\xf5\x1f\
\xaf\xda\xde/|&#e\xe0\xf2\x94\x7f#C&\xcf\
\xe9\xa8\xf69O\x84\x17\x91\x8d\xc1\x93\x1a\x7f\xdfK\x09\
m\x94 \xd4\xc2)\x83\xa5cn\xc1\x91`\x0f\xc0\x94\
B\x84\xe2*\x0f\x0f\xc7tN\xc1\xb6\xb65\x22\x0b\x01\
\xa3g\xb2\xf1\x13\x85\xfa\x13\xbf\xfd\x16\xb9=\xa2\xcd\x5c\
\xd1\x8e\xf7\xc3\xa2\xc8\xf5My>B<'\xbf^\xb3\
\xb9\x1d\xeb\xbc\xef\xa7\x16\xf4\xbe\xdflw\x5c\x1cwv\
x5fGu\xe2\xf1\xf9\x8e\x1aIa{\x9b\xc1\x1e\
\xe3\x9c\x839?\x96sd\xf9\x16:+\xe2i\x5c\x16\
S\xca\xf3R\xfe\x5c\xdbp\x17\xdd\x04\xcb\x1a\xf2]\xab\
\x5cJ\xc1\xb5]o\x11o\xa5Q}a\x08\x8d$\xdb\
\x92\x86Y\xde\x84\xb7!V\x9c|\x9dC\xf5\xf7\xc3\x06\
\xd5uk?\xee\xdf\x7f\x18\xeb2\x8e\xa3\xa3\x83q\xed\
\xda5\x0d/\x86\xa3\xa9\xb5C\x19\x10\x17E\xe6\xcdx\
\xa5\xd69\x861'\x90\xc5,\x95\x8b\xc2\xd6\x83\x1b\xf8\
1?\xddP\xcc\xfcAm)p%\xe6\x0b\xb7\xe4\x95\
\x98\xe1\xd0\x9b\xd7\xbe_w\xcfa\xb4\xa3\xceKcU\
3X\xdc/\x90\xfb5\x8f\xb3@3\xa8@\xd7/\xbb\
\xf0\x22\x8cdE\xf9\xaa\xab=\x81\x0c\xad\x85\xeb_Q\
\xcf\xa4\xa9D\xc7qV\xba*\xd1\xa1\x89@\xde/\xd0\
!\xe2\xa4\xce\x8f\xa1\xeeP\xae\xbdc\xd2\x14\xe5\x9a\x8f\
\x85\x81\x92\xcbX\xe8G\xa2\x0d.m\xa3\xf8\xfbR\xd9\
6\x19\x9b\xc1\xb11w\xees\xab+\xb1*y\xac*\
\x0e\xed\x80\x8cP>\x0f \xba:\xda\xfdM\xc8uu\
\xaa\xecc\xef\x07?\xba\x89\xc1j\xee\xe8\x8c\xd1\xc9\xf3\
1<zA\xf2q\x18\x1f}p7ffV\xa3\xba\
'\xc3yP\x91|3\xaf\x96\x9d8\x1d\xef\xc2|v\
\xc0\x8b\xea\x80\xe7\xe7t\x9cS\xa7\xbe\xb0\x1a\xcb\x8b\xea\
\xe09\xfa\x09\xeb\xaa\x1f\x18\xa0\xe3\xd4\x09\xa3Yv\x0c\
9\x9f\x94\xdc\xd2\x99\xce\xa5\x97\xac\xad\xa2\x9d\xd1U\x87\
\xebg~\xe8\xb2\x0c)\xd2\xd1\xfe0\x80\xaf\xe0\x1c\xa0\
7\x92\xfb\x06\x19'\xbe#\xc9\xa4=F\xcb_\x00\xc7\
S\x132tf_;\xcf]yZ\x9a\xf74e\x8b\
\xc4OFV\x18V\xf8U\xee!F\xc7acek\
\xac\x9b(,\x91!@t\x98\xf9\x9eS\x80\xc9\x10\xa8\
\x007\x0e\xdc\xae\x93K\x88%.{\xdd\xec\xd3hB\
G\xc8\x1c|L!\xe1:\xef\x95\x15D\x81\xed\xc62\
\xe1*#\xd0\xce\x82\xc1\xe2i\x11\xc7v5h[{\
\xab\x8em>o\xefl\xf7\x0a\xf3\xce\xce6\xc5ab\
\x16\xec\xf0j\xee\x9e\x9e\xee\xe8\xed\xed\x89\xbe\xfe\x9e\xe8\
\xed\xef\x8c\x9e\xde\x8e\xe8\xeaV<a\xb7\x8f\xad\x0ak\
W<\xde\xc1RXO\x87\xe3\xf4\xf8\xbd,\xd2w\xf9\
\xdd*?\xc9j\xe1\xf1\xb1\x98\x09\xf5\xa2\x9bz\x1eW\
<\x141\xd17\xcd\x1c\xc5\xb30\x0a\xa9\xb3B\x09W\
\x90\xf2`\x9c\xde,an\xd1\xb1\xc9=\xde\xfd\xfbs\
q\xeb\xf6\xbclvG\x9c\xbfp%\x06\x87\xc6\xe4a\
u\x8a\xbf\xac\x9f*\x05Cg\xee]\xe0'9f\xae\
G\xc7\xcf\x06\xb2\xec#\xfc\xf4\xa0\xacC=\xf2\x9fz\
\x96\xe7\x9f\x1f\xa8v\xc7~\x80M\xa4e\xf5Q F\
\x89G \xfd\xb0\x8cd(\xfb_\x0d\x0c\x0c\xf9\xbd\xb9\
Mu\xa0sk\xab|\xc8\xc5C[\xbcl\xf6\xdej\
\x97\xcc\xf7\xf3\x04X\x86oW\x9e\xd5auW\x11R\
W\xd0\xaf}\xe5\xd5\xde\xdd\x1fg/\xc8\xc3\x1a\xbf\x16\
\x1bk\x11\x1f\xddz\x10\xd3\xd3+<\x847l\xefl\
z\xa7\x85\xbbw\xef\xc5\x9d;wbjJC\xc6\x99\
\xd9\x98\x99\x9e\x8b\xe9\x0731;5/C\xa5\x91\xc5\
\xd2\x8a\xdf!\x9d\xd1\xc8aN\xf1\xe9\xfc\xf1j\xb1/\
t\x86\xcc\x0f{\xd8(\x83\xe0\x85\xcer \xd0y\x1e\
H\xc1\x06d\x11n\x18\x15\x00\xe2\xdc0\xacW,]\
Cw\xde\xb3\x01\xc7f0\xe4'1\xe1:M\x07\x08\
\x84w2VM\x15\x19\xabVE\xc1\xc8egN9\
\x92tEH\xe3\xc2R\x9a\xc1\xfe\x01\x7fa\xab\xa3\xad\
#\x1a\xf1\x5c\xbc;\x81\x86Z\xbcsgoB\x05\x90\
\xa1\xbd\x05\x9d\xa5\xa1!\x03\xc2(\x9d\xfb4\x0c'd\
\xaeB\x84\x184\xc8\xc6k\xf0=C\xa9d\x80\x8e\x0a\
&\x0f\x1cM\xca\xb02\xc8\xba3\xd7\xc3\x02C^\xc2\
\xec\xe9\xeb\xf5\x1a\x9e\xde>\x8cNW\xf4\x0ft\xc7\xc0\
 \xd8#\x85\xee\x8d\xa1\xe1~\x1d\x13\x87\x84\xc3\xba\x1e\
\x1a&\x1c\xec\x8bA\xc7\xedV:\xa5\x1d\xec\xf29\xe1\
\xc4\x1b\x1c\xea\xf3\xb7\xd7\x08\x1b\xd4\xd1iFto\xa4\
W\xe1\x0a\x1b\xec\x8c\xbe\x01\x19\xb0>^\xf6\xd4\x10@\
\x06\x14CQ\xf3\x1c\xa0Y\x95\xc0\x1e\xe3\xed\xe4SO\
\x8c\x89\x8ej\x89Z\x8f\xabJ\xd2xi\xe5\x05\xe2_\
Uu\xae6\xb6\xc7\xf6^s\xdc\xbb\xbb\x14o\xbf=\
\x15;\xfb\xed1q\xe6j\x9c9wM\xc3\x8d\x0eE\
\xc7\xfb(\xb8\xe6\xa4Y&\x17p\xb4\xe4\xea\x97\x15r\
\xee\xe4\xc8\x1b\xab\x07\xe4\xecs\x07x|\x0c\xc5\xe7B\
\xc9\x9e\x15\xca\xf8\x99\x5c\xf2\xac:\xb2\x1fV\xdf\xe0@\
\x1c\xa8\xc3\x9bZX\x88\xb5\x9d=uTt\xd0x\x1b\
\x07\xc1&/}|IY\x9dpuk=v66\
\xe4\xd9\xa1=rCRee\xdc\x9a\xa2\xab\x7f0.\
\x5c~)\xce_|%6\xd7\x1b\xe2\x96\x0c\xd6\x9c<\
\xa5\xc6\xa64,\x94\xecy^\x9c\x08]\x98\xa7\x16\x9c\
\x02\x15\x86n1\x22\xe2~\xbe#\x8b\x81\xc2\xbb\xc2k\
?0\x22bL\xc4\xdb\x83\xd11\xdf\xa1\xc5\x18\xe9G\
6\xce*\x7f\x18#\xdeT8z5.\xcb\xa1\x00?\
\xc1g\xa4VxG\xceG\xd7\x9e\x87\x06u\xce\xfe[\
\x1e\xa2\xeea\xdc\x18\xa1\xb4\xab\xecV\xe5\x22\x99\xc0x\
\x14\x1d>^Ug\xbb\x1c\x97\xf6ne-\x1b\xf1\x9f\
\xfd\xc3\xbf\xfc\xfd]\x8dq\xab\xbb\x07\xb1\xb2\xb4!k\
\xbc\x14k\xab\x1b\xde\x81qlh\xc8\x8b\xdd*J\xb4\
\xa1B\xe7y\xd1U\xc4\x8cy\x9dU\xaf\xc612n\
\x0ac\xa8\xc8.\xa0\xcb2x\xf3\xeb\xab\xd1\xd0\xde\xe0\
\xb7\xa4Yg\x15\xadL\x0aR\x1d\xfd\x13\xd0\x0c\xcc\xeb\
c\xf8h\xd8\xbc'\xd4?<,/\x9a\xd4X\x9e}\
\xb6\xbcx\xb1\x92C/\xb6\xb9\xcd\xb5:\xb9\xff9;\
;\x82\xacz\xe7Ek\xc2\x18&\xf9\x119C4\x8e\
jl\xdf\xf7\x90-\xd7\xffpL\xcf(\xd7\xeap\xbf\
\x1c\xdaUZ\xe5r\xb65G[\x9b\xf2\x17\xdd\xd4\xdb\
q\xd5\xd8^\xdb\xc3#d+\x19\xf4\xbau\x8c\xf9\x09\
(5#\xc6J?\xf7JB~\xd4\x9b\xbbxWx\
V\x87\x87\xcd1\xa7\xde\xf1\xddw\xa6be\xed0\xce\
\x9e\xbf\x19\xa7N\x9d\xf1\x93%\xf7.\x85\xb1r\xfe\x08\
\xbe\xf9\x84\xc1\x22\xa7\xe4\xa1e\xd1G\xee\x1fG3\xb4\
\x1e|}\x22\xec\x04\x9cL\x02<\x92\xefc\xe0I\xe1\
\x80\xd9\xa3\xdb\x8fDy$\x09\xf9\xd7N\xb9\xd2\x09\x89\
\x0b\xa8;\xad\x81\x85\xe6\x91\x8c\x1e\x81\x93\xf5\xe2\xf2x\
\x10\xa5%o\x8f\xf0D\x81\x8f&z\x04\xcaT\xf94\
\x8e\xfchw\x85K\xd9\xb767bee\xd9\x1f*\
\xc10\xb5\xea\x06s\x97\xc4g\x1age{C\x86l\
\xcb_\xda\xee\x96N\x1dH\xdeH\xcd\x1c\x0d\x0e\x00s\
\x9b--m\xd1\xd3\xd5\xe7\x07N\xcc\xbfV\x0fv\xd4\
\xa1\xf6x\xb1.\xa5\xf3\xd4\xb2\xbb\xabG\xa3\x84>?\
=\xee\xf1^\xf6\xfd\xeap\xfb<:\xe15\xad\xee\x0e\
\x8d\x1cX\xb8*#\xca\x87WZ\x91y\xa61d\xa8\
,c\xcc5\x0b\xab[\xbb\xb1\xaaa\xe4\xda\xccR\xf4\
\xb7+\x8d\xe2\xb6\xe9\xbebX\xce\xa1m[r\xce\x0a\
\xf6\x15\xd5\xad\xd2\xd9\x11\x03\x13\xac`o\x8du\xd9\x80\
59?|\x96o\x859a#[8\xe5\xdc\xf1\xda\
\x0a\x0bk\x85\xcb\xcc?\xcbA\x12.\xcb\xf3[\x91\xe7\
\xb7\xbb-wQJ\xc2\x835^\xac\xf7^\xf7\xf2J\
y\x8f\x91Q\x18\xef\xb9\xca\x88\xa2\xd4(!V5_\
a\xb1\x10\x16J\x93\xad\x90\xbd ${\xfe\x02\xe5\x94\
1v\x93\x88\xf1\xd9H4\x0f \x85\xd5\xb9\xe7\xb0\x14\
\xeey-E'\x9bl\xd6\xb27Me\x06\x10l\x99\
\x04\x1b\x1bO`\xe3\xad\xc0D\x9d{\xcfm\xe5C\xe3\
\xf9\x95\x05e\xc1\x045\xeb\x9e|\xa47\xa0\x0e\xa4\xd5\
\x112<\xaf\x80Y,\x0c\x8a\x8d\x98\xe8\xb71\xb4\xa1\
\xa2\x91\x88o\x12\x8dv\x83\x1d\x9e\xfc\xb0\xd1\xe4X\x18\
6\xafsA\xb0\xa9\x8b\x1a\xab6_A/\xa0@\xbc\
*\x0c\x92\xc7\xdc\xbe\xa7\xda\xe9\xda\x86K\xbd\x05\xf3V\
\x84-H\x10\xee\xdd^\x88\xf9\xc5\xf5\x18\x1c\x9b\x88\xf1\
\x89\xd3\xd1\xd5)\xc3\x8f!\x83\xbf0V=\x1eL1\
Oq\x91\x19\xd7S%\xe5\x05\x07S\x0b\xa1E(\xfe\
>\x15Oj\xecc\x80\x8e\xd5\xac\xaa\x03\xda\xb8\x1e\x01\
\xe8\xa9\xc7\x93\xe0\x0e\xba@\xf2;\x99\xe7\xe3\xe1D$\
\x12A3\x0a\xcd)?\xf8l\x1a\xe0\x89\xf2W\x83=\
J3\xf4\x1c\xa7\xe9\xe3i\xa0\x80\x93X\xdc*\x80\xf4\
\x94\xf5dp\xeb\x9b.\xba\xaa\xec\xa8\x14*C\xd0?\
8\x18#c\x1a\xda\xb7\xb5\xc6\xc2\xe2R\xac\xa83\xc7\
\xd3\x90\x15\xb3\x1c\xb7I\xc6\xfa::\xfcj\x15o\x8d\
\xa0\xb0\xc9[\xc8\x90\x1e@\x0cr.\xc3\xd2\xd5\xdd\x1b\
g\xcf]\x911\x1a\xd3Pn-\xa6g\x97\x1c\x839\
\xceq\xbe\xdd79\xae\xb2\x86cpXe\x0e\x0fi\
\xa40\x18\x83\x03\xfd~[\x80O\xe7\xf14s\xb0o\
 \xfad\xd0:\xf8*\x94t!\xf9S\xeaU\xeaN\
!\xc4\x0a\xa7\xddu\x8d\xf3$\x9d\x90\xf4RK\x95\x89\
,\xa3\xe3YO\x1e\x90y*G:\x82Qew\x8e\
\x99\x87Sq\xfb\xf6\xed\xf8\xe8\x83[qKx\xfb\x83\
\xdbq\xef\xc3{q\xf7\xd6\xbd\xb8\x7f\xfb\x9e\xe4\xffn\
\xdc\xfe\xe8v\xdc\xbds\xd7\x86\x0ac\xd4&\x83\xdb\xa8\
v\xe6\xa3\x22\xbc\x11s \xc3\xc7\x03\x04\xe6\x8f\xa7\xa7\
\xe6\x94\xeea4\xfd\xe7\xff\xf4\xdf\xfd~\xa5\xa5]\xca\
\xdf\xa2\xb1sC\xcc\xcf\xae\xf8\xbd\xb5N\x0d\xc9\xd8\xcf\
\x8a\x95\xb8x5\x1b\xd5\x83\x98\xdb\xd8\x8am\x8duG\
\x87Gc\x94\x85\x8a\x22l_\x16\x8fq\xf7\xf6\x1e\xfb\
Ym\xc4\xfc\xeaJ4t4\xc7\xb0\x18\xd7\xd9+\xcf\
J\x9e\x0c\xb2gFX\xc1x\x90\x0f\x97\xb8\xc6\xcbJ\
\xe0\xbe\xe30\x13\xc7\xfd\x1a>\x0a\x8eF\xfc\xda9l\
D\xb83_{Q\xa5WT\x18\x9b4B\x18D\x0c\
[\x1a\xd74nG\xc7\xe3a\x18\xb6\x22\x0f\x0c\x1d\x13\
\x8e.K\xcd\xe5\xa1_*N6*\xca\x84\x81\xc2\xbd\
v\xb4\x1aX\xef08\xc2\x9d\xdd\xc3\xf8\xf0\xbd\xa5\x98\
\x9e^\x8b\x8e\x9e\x818\x7f\xe9Ztw\x0f+\x9f\x96\
\xa8\x1e\xb6\x88=\xd0G\x19\xa4d\x82\x17\xc3\xce\x85\x02\
9sx=\x909\xf7\xb8Q\xe2\xaf\x06\xb5\x94\xbfz\
\x16\x16\xfec\xa0\xbc\x1e\xa1\xf91\xf9\xc3\xefcp2\
\x1f_\xd7e\x06S\x05\xb5T\x8f\x9e\x18\xb8\x02\x8b\xe8\
\xb5\xebz\xc8\xc9\xe3g\x84\xa7D\x854\xc8L\x19D\
\x1aS\xdeZ\x84\xfb\xd2\x8d\x99{\xf7\x0b\xef\xaaC\x1e\
\xbbd\x14g@m\xc7\x96K\x0f\x16\xe6cG\xf2\xd3\
3\xd8/O\xa5S\xf2\xa5\xe1\x1dF@9Z\x1d\xc8\
O\xd8\xc1G+4\xb2\xf0\xabZ\x8b\xb3\x9e\xaa`\xaa\
\x83\xb9X\xbf+J\x87\xabF\xa0\x83ew\x0e:d\
\xd2\xf1e\xec\x16\x8f(\x8a\x11\x82e<e\xb8d\x0e\
S>,\x7f\xa8n\xcb;Z\x5c\x8b\xcd\xf9\xd5\x18\xd0\
\xf0\xabG\x1e\x13{\xdb5\xa9^Dg.\x8d\xcf\xde\
/\xc8F\xac\xc8\xc8\xb2>l\xe4\x14[\xf0\x0ciD\
\xd5n\x93VQ\xd9\xddJ;88\x16\xa7\xc6O\xc7\
\xc4\xd8\xe9\x18\x1d\x1a\x8f\xa1\x81\x11y|\x83B\x8d\xd8\
z\x07c@\xc7\xa1A\x19\xd6\xa1a\xbf\xa7:66\
\x12\xa3\xb29\xbc\xbd\xc0kY\xe3\xe3\x1316>&\
c;\xa0\x0e\xbd\x8bm\x8dy\xff\x8b\xf7\xc0\xf2\x15\x10\
*C\xcf\xc5x\x980\x14\xbd\xbe\x95h\x04ZE\xa4\
\xd7\x98aaSMJ\x8f\x03&\xeb\xc2L\xae%\x85\
)N\xe7\x0b\xff\xe7^\x99\xbe4\x12\xbf*\x90\x9e\xc7\
\xfd~\xbf\x0d\x0fQc`\x96\xee\xf3\xf5\x98|\x0aG\
?%\x01AHdx0>^+B\x0f\xa3\xfa\x96\
Pz\x11\x00\x8d\xe9!\xa0\x1a?\x9fN)\x90F\x93\
\xa7\x03\x1fJz\xcby*\xd7Y<p\x1c\x9d\xfaI\
\x07\xa88\xd5jC\xccL-\xc7\xec\xccz\xb4\xb7\x0e\
\xc6\xf9\xb3\xd7\xa3\xa7sP\x8d\xdb\x1a{\x07\xad\x8a\xc3\
Wp\x92N\xe7]\x18\xa8\x84#\x9a>K\x80\xe6\xcf\
\xa9\xa8O\x08O\x97\x0b\xd3]\x03\xe2\x1e\x8f\x7f\xfc\xfe\
\xaf\x06n\xcfg\xcc\x07\x19\x02\x99\xa3B\x99\x07F\xc6\
bO\xed:'/bY\x9d\xfb\x9e\xf2AfX\xc6\
\xd2-\x1d\xebii\x8d\x03\xd6\x06j\xc8t\xb8\xcf\x0e\
\xb2\xc8\x10]z\x16h9\x93\x0c\x1eJ\xae\x87\xc7\xce\
\xc4\xf9s\xd7\xe4 t\xc93y\x18|\xdd\x19o\xce\
K;\x5cuu\x8c\x224\x97TTe\x0fu\x14\xee\
\xf3qTy\xec,\xb3\xf0\xd7\xac\x15'e\xbd8*\
m\xa9\x8b%\xea\x9f\xcb\x7f\x1c$m\xdcg\xc4\x80\xbc\
6kh\xd9\x11\xc32P7.\xbf\x10/]\xffJ\
\xdc\xd4\xf1\xd2\xb9\xabq\xe1\xcc\xd58\x7f\xe6Z\x9c;\
}9\xceL^\x12\xf2z\xd2\xd9\x98\x9c8\xe5\x17\xe9\
\xfd\xf2\xfc\xe8hLh8y\xea\xf4i\xbfCz\xfa\
\xd4d\x9c\x92\xc7891\xe9p\x16\xe56V\xab9\
!\x86\xb21\x01\x96\xdb\x86\xc0\x9b\xdc\xe1\x00e5\xc8\
\xd8`}!\x10CU\xd4N\xb4r.\x10\xed\x0c\x89\
j\x93n\xb4,\x0b\xa7\xcaV\x06]A\xeesT\x90\
\xf3\x11\x90\x07\x0c\xaa\xd7\xcfO\x00%s\xb3'k\xf1\
p\x967\xd7}\x04e\xb0\x9a\x1b\xd8\xd0L\x06JL\
elN/\x92CK\x1d\xc5p\xef\xf7\xe3\x05q8\
\x8a\xaaG\xf5P.)sy\xc5R\x0e\xbc'\x09Q\
\x0e\x86E/US<\x5c\xe6\xf2qt\xa2\xee\xd1\xf8\
v\x10\xa9!C\xbbF\x8d\xd9w%\x5c\x9b\x0ag\xc3\
\xbc\xf31\xdc?)\xd7\xb7[\x06P\xc3n\xd5\x9b\x89\
W\x03\x86\x90!\xa7\x8c\xe8o\x02\xea\x9b\xab\x1e?\x15\
\xf8\x942\xaa\xcf\xe5\x88\xc6l\x83\x04\xe4\xeaH\x98|\
E\x9c\xbc\xfc\x95\xa1,\xeb\x99@\x85\xa9)\xd576\
G\x87\x86^}RF>\xec\xba\xb0\xb6\x16\xdb\x92-\
\xde\xb1E}\xbaZ\xdb\xa3\xbf\xad+\x1a\xf6\xf6c}\
y\xc5{`!OT\x12z\xe9[9C\xf6\xd8\xdc\
\xb4A\x0eE\xff\xe0h\x8c\x8f\x9e\x89\xf5\x95\x83\xb8w\
o\xda\xfb\xb5\x13\xc7\xa3\x80f\x1d\x89\xa7\xb1+\x0f~\
p\xcd0]\x07|u\xbdx3\x04\xe1\xb5\x16[o\
$\xcf\xd6\x03\x88M\xa4\x5c\xf2K@\xdb\x1f\xadt-\
\x8e\xbcCteei=\x1e\xde\x9f\x8a\x87\x0f\xa6b\
nz!\x96f\x97caf!\xa6\x1f\xcc\xc6\xf4\xc3\
\xb9\x98\x9a\x9a\x8f\xa9\xe9\xc5\x98\x9bY\xd6\xe8mQ\x1d\
\xf7\xbcw[\x98\x9b\x99S\xbc\xf9\xdc\x17\x9e\xaf\x19\xb1\
\xf6QC\xe2\xc5\x85\x15/\xc7\x98g\xffx^\xf2\xd6\
\xfd\xa6\x7f\xfc?\xfd\xdd\xef\xef\x89Q\xac\xd8^\x94\xfb\
\xf7\xe0\xde\x9c\x12\xacxb\xed\xf4\xf8\xa8\xbc\x80V7\
\xd0\xfa\xde\x81\xb7\x88\x91\xee\xfaK\xcdC\xfd\xbd\xd1(\
\xf7v\x7fc\xd3\x8f]7=\x0c\x5c\x8d\xd9\x95\xc5h\
\xe9j\x8a\xe1\xd1\xc1\xe8\xea\xe9\x8e\xc3\x0a\x96^\x8cS\
\x1eb\x99P\x8a/\x86`\x99\xbdXT2\xc5\xe3\xff\
tK\x8bp\x19\xce\xbc\xaf\xff:\xb7\xd7%\xd6x.\
\xca\xbd\x01p\xc4@\xcej\x8c\xf7\x90M&\x09#`\
\xb3\x22\xb4\xd1\x80\xb1$\xe7\xa8\x13\x8c\x09\x86\x09Cd\
#\xa5\xfe\x8c\xecA\xc25\xec\xf5g\xa1\xb8O\x9b+\
\xffr\x89F\x91Q\xed\xe0\x10\x8c\x9d\x8e\xc4s#\x8a\
\x16\xe8\xa1\x98\xf5\xcd\xbd\xb8}k>f\xa7v\xbdn\
\xe6\xd4\xa9\xcb\xd1\xd6\xa1!\xb2\xdc}I\x9f\x8d\xb5\xa2\
*\xbe\xb3t:\xe7\x91WG(f\xa51\x04\xb9M\
\xf8\xaf\x0f\xce\xa6\xc0\xfa\xf3c\xf8\x0c\xf0\x88\x22\x13\xa0\
\xb4\xc9\x12\xda7\x83OB\xf2\xac\x0e\x8a|\x8aVK\
\xd0\x89i\xd3=W\xbfL\xc3\xa1@\x0fk\x8eA\xdd\
\xcd\x1a\x1e\x87\x8f\x1b\x06\x96\xfc@Nk\xbcy\x04\xf2\
\x06j\xcd\x91\xf6\x83<\xd3/\xd9\xa6\x03\xc5\x11X\x9a\
\x9fc\xdf\x93\xe8\xd3\x90\xa6\xa3\x0d\xcf\x1f\x8f\xbd9\xd6\
4\x9cZ\x96nmV\xf7cpb<\x9a+\xedJ\
\xa9\x02\xf1\xfa\xf5s\xfed(\x02R_4\x8a\xd0\x88\
h}}9VV\xe7\x15\xaf\xaa\xa1U\xb7FFx\
\xe6\x92W\x0b\xb1\x856\x0d\x91\xe4\xcb\xaf\xb9('\xfc\
\x02%\xb7f\x10\x82-\xe4\xe8\x8d\x04\x84\xfb\xdb\xd5X\
\x9d[\x895\x19\x94\xfe\x8e\xf6\xe8n\xadD\x9b\x12`\
,\xdd\x9fJ\x17\x19\xb2.\xaf\xf2\xa5\xea\x9dhf\xdf\
.y\x8e\xab\xdb\xdb\xf1\xe1\x83\xfb\xf1\xd1\xed\xbb13\
=o\x03\xc5qNFk~\x1e\xe3\xb3\x1cKs\x8b\
2@\xcc\xd7b\x94d\x9c\xe4\x15\x96\xdf@\xf0V\xdc\
\xcbk\x9e\xc3\x22\x9c\xc9\xf9e\x16\x80\x17\xe7\xbc\x9f\xd9\
\xc8\xbe\xe3\xdec\x5cFgS\xc8\x1e\xcc~d\xa9\xca\
A[\xa9\x9eT\x8f+\x1fa\x9a\x90\x0e\x00\xb0\xee\xeb\
\x1f\xe94\xe0\x11\x8f8\x82D(\x10a\x15\xa7\xea\x87\
{0\x95\xc7\xb5\xf4\x8aD\xb1g&\xcf\xce\xaf\xcd\x98\
\x9e\xfcx\x03\x0b\xd9\xd8\xee\x98\xad:\xd8\xda\x18z\xfd\
\x01\x085\xf2\xf6\x16{\xafo{r\x92\x0fM\xf8(\
\xe4\xf5\x9a]\xb6?\x96\xdbM\x9dv\x88\xa7\xf3m\xe5\
\xcb~\xcf\xbc\xed\xbd\xc6\xd6$F^\xb5\x11\x1fV\x94\
\xafpcy#V\xbd\x98NV^\xd6}cm\xdd\
i\x1bx|s w\xdc\x93\xd7j\x5cyh\x0c\xdd\
\x8e\xf1F\xd7<\xf5;\x90w\xb4\xaf\xeb\xed\xbdF\xf5\
~\xab\xf1\xe0\xfe\x8a\xe7\xa7N\x9d\xba\x18\x9d]\xdd\xe2\
\x81\xe2\xc2\x87dE\x01)\xee9\x8c\x80\x7f%\x10Z\
D\xac\xb1\xf4X\xc2_\x0b\xc8\xaa\xc4\xe3\xf4|\x1a\x00\
\xb1%\xd4\x88\xaf\xc3\x8f\x03\x11TGW}\x8act\
\x03>\xd6\xe7M@=\xfejP\xcb\xff)P\xa3\xcb\
mZ31\xd6\x02\xf5\x9c182\x12]\xfd\xfd\xf2\
\xaev\xd4\xa1\xafx\xee\x07\xc5\xa7S\xed\xef\xee\xf5v\
2\x9b\xeck.$\x1dk\xfc\xacE\xe8\x84d\xc1\x9d\
\xa2\xf5Fr\xa3N\xae\xabo8N\x9f\xbd\x16m\x95\
\xe1\x98\xba\xb7\xe6\xed\xb2Y'i~\xf0\xb3\x0c)\x91\
\xaem4\x95\xd6k\x1b\x9dGB\xeef\xab\x9eY\xf1\
(\xc7G\xa7cZ\x83\x15\xefrFp(\xd0Q\xe9\
/\xd3>@\x92\x91\xd3C~\x87R\xae\x1c#\x13t\
\x0b\xafhA\xce\x0e;\xb0l\xee\xee\xc5\xb6\x10\x9de\
[r6d\x04\xd9\xa3j\x07\xdcc!\xb7tX\xc7\
\xad\xdd\x9d\xd8\xd8\x91^\xb2\xb8\x9b8\xfb\xd2e\xb6\x88\
!\x1d\xba/l\xc4\x8b1z8\xc3\xb9\x5cD\x11\x0c\
AIxV6{2\xecq\xa9\x9c\xa9\x98yl\xf0\
\x021\xd6o86\x95R\xe5\x94[\xc1h\x8c_\xe6\
iT\xac\xb2ya(\x06\x8a\xa7\x08\xec\xdd\xb4\xc4~\
\xe1\xb3sr%gb~fVn\xe2\xac<\x92i\
\xb9\x8cS:\xcamT\xf8\xcc\x94\xc2\xa6\xe7bV.\
\xe4\xac\x5cH\x5cI\xf6\x18\x9aW:\xdc\xc6\xf9\xb9\xf9\
\xe2x\x84s\xb5{\x89\x8b\xf3\xf3\xb1\xbc\x90\x9f\xae2\
\xfau\x9c\xc5|\xfd\xc6\xaf\xe3\xc8\xfa\x8b\xf1X\xfa\x8d\
5\x19q1\x9c\xf5,\xaa\x86\x90\x1ad-\xdcs\x15\
?\x7f\xc9\x87^\x15\x83\xac^sW\xf1\xa6g7e\
\xa8\xd65\xa4\x1e\x88\xc9\xd3W\xa2\xa3\xb3O\x5c\xc1\xe3\
\xc2\xa8a\xf0\xc8\x09a\x827)TOB\x0bb\x81\
_>(;\xb0\xcf\x0f,[t\xbc\x96\xe3By?\
'\xa0\xdba\x18\xe8N\x5c\xc5\xb2\x17\xd8\x80\x0c\xd6a\
Ks,\xac\xcas\x91<\xed\x99\x9e\xc3\xe8lo\x8b\
\xee\xb6vOb\xe7R \xf1\x89\xf6.t\xb3\x9e\xee\
\x94\x03\xe4\xab%\x06\x06'cx\xe4\x9c\xe2\xb4\xc7G\
\x1fI_\x164\xc4\xdc\x91\xc1\xb2\xe1Q\xdc\xa3d\x96\
1\xfe\x9b'\x22\x88Q\xc3\xbeF\x0fF\xcaS8\xc5\
xM\xd4A5\xe9\x96-`\x9b\xa2\xf2\xe9>j-\
\xd1\xae\x93I\x1e\x1c\xc1c\xd6L\xe5v:\xec\x9cZ\
\xa6\xe3\xf3\xfa8\x18662Fl\xa0\xc8\x9b#\x99\
?c\xac\xb4\x0f\xf9\xeaU\xa2\xbfy\x00\xb2\xe8\xb4\xc8\
'\x7f2\x96e#B\x5ci\x9cro\x22&\xa1\x8b\
\x19\x1a\x08\xa3\xa2T\xd8\x0c \xac\xf0*\xa49\x9eD\
&\xbd\x18\xcb}\xbf\xc7C\x5cxN|\x10\x06\xfa\xbe\
PD\x18u\x0e\x0b=\xbc\xa3a\xc4(\xf2\xa0<\xbf\
\xb7D\xef\xa2|\xf3U ,=\x8b\xcdT\x81\x92\xc9\
\x1a\x9a\xee\x8b\xe9\xfe\xa0\x01\xeb3\xb0\xc8B\xbe\xa5\x97\
\xf1\x15\xae\xb4\xfe\x9a\xad\x19\xc1\x11\xe6\xa8\x9e*\x037\
\xdb\x93\x02\x1c\x85,\x86c\x8d\x16;_\xb2@\x95O\
\x84\xb3#\xa6\x17\xca\x15=I\x8e\x07\x14_5\xf4\x84\
\xbd\xb0\xe4\x03\xae4\xb4{Y\x84\x8e\x9b\x9b\xfbr\x85\
\xd7%\x00\xad1:~!\xfa\x07\xc6\xa2\xa9\x85\xc9t\
\xb6mUz\xd8\x01-\xe2M\xd9\x0eOC\xe0\xcbk\
\xac \xfa\xf3$\x9c\x0et\xdf\x1d\x10\xaf\x99 \x0f4\
\xf9\xe7\x05\xc8\x97\x9a7\xdb\x0d\x99\x90L\xf5\xf3=\x83\
\xaeN\x1b\xaa\xf9\xe5bG\x06\xc9#{\xc7\xf1\xeaM\
Ez\x87w\xc2n\xa4\xee\xe0\x95\xb64\x0c%\x14b\
\xa0<\xe5\x95U:<\xff92rV\x9d\xab<\xb6\
iF\x1b\x92o\x0a>\xc6k\xf4\x13\xb9\x05\x91c\x8d\
\x0et\xce\x92\x1a?\xa9.\x96\xb9\xe0]\xf9\x85s\xe9\
\x96u\x19p\x81\x85\x0c\xea\x0cR,\xe3\x18L\x1d\xe1\
+#\x13\xd6Vmm\xf3:\xdb\xbeGAk\x0a\xcb\
O\xdc\xe5;\xb9\x8bv\x08\x16cyQC>\xd6h\
\xf1)<^EZ\xd1\xb9q%\x96Wr8\xe8\xf7\
s\x19\x16\xaa\xdd\xf8\x1e&\xa3\x1f\xb6\xeci\xfa_\xfc\
\xa7\xbf\xf3}\x14\x16\x82W\x97\xb7T\xe1%\x0d\x99v\
b\xa8\xbb\xc7;\x85v\xb4WT\xd5\x86X\x935\x9e\
c\x98Xm\x905\x1f\x8a\x91\xfe\xbeh\x94\x81\xa8*\
\xec@\x04\xaf\xedl\xc4\x02\xe3\xcc\xcd\x95h\xef\xeb\x08\
\xd6{\xb4\xf7\xb0Sh\xba\xb3\xae)\xcc\x87aTX\
\x97^\xc3\xa4\xb2\x99\xccg-\x95Q\xa6\x9bG\xbc,\
d\xeblk\x8b\xf6\xd6v\x7f\xa5\xa5\x83\x85m\x1a>\
uwv\xfb1&\x9b\x9fuvp\xe4\xf5\x1c\xa1\x8e\
\x1d2.\x1c\xdb\x15\x9f\xa7\x82\xbc\x84\xca\x02\xb86\xf5\
\x5cl\xf5A\x9e\xecd\xe0=\xc0\xc9\xbfH\xc3R~\
\xf6\x17*\xcba\xd5,\xf7{\xd4\x1b\xf2\x09\xa3\x0e^\
\xf9\xd1=\x96p0\xbf\xe6w\xf5D?\x06\xd9F\x9c\
\x06\xb5@\xe9\x5cu`M\xd5\xd6\xee~\xdc\xb9\xb7$\
~\xeeE_\xdfDLL^\xc9y*7:\x86N\
qa\x89\xd2q\xccg\xd4\x05<\x8b5*\xa2P\xfe\
\xaf\x0b\x9f\x96\xf1\xab\xef\xc9\x0d\x0a\xe0g\xd6@i\x9e\
\x9c\x80\xc7\x84\x9f\xcc\xe7\x91\x00\xe2\x1fO\xe3\x90\x13\xd9\
\xb0#\xc7\xed\xdbw\xacx\xb4\x7fm\x0da\x1d|\xdc\
\x9c\xd5c\x8az,\xd8\xe3\xf6YA\xab/8Wk\
\xabL\x9e<\xb3\x8cakc\xdd\xef\x02\xb2\xf8\xb1\x9b\
\xd7\xc9D\x13O\xde7E\xeb\xfc\xdaJ\xf0Ug\x8c\
ZE\xb2\x09\xb0l\x06\x9aK\xba\xf9\xcf\xa9\xa4Pg\
,I\xc8\x85\xa1K\x0b3\x9e\x16\xe9\xe0-\x90n\x9e\
\x82\x13\x1b\xa20D\x9c\x22)\xea\x90\xdd\xa1\xd2\xb9\xea\
\x0f\xf2p\xfft\x0fy\xe4\xde\xce\xfav,\xcf-\xfb\
\xc3\x11\xfd\x92\xd7>v\x88e\xc6^\xc6\xd3\xeb\xcdD\
\xcf\xae\xf8\xb9\xbc\xb6\x15\xcb\xeb\x9b\xac\x13\x8aJWO\
,\xc8X\xcdh4\xb2\xac\xf4[\xdb{~w\xd7_\
\xa3\xda\xd2PPG\x86\x83>\xca\xfb\xda\xdaaZ\x87\
\xcf\xe1m\xfaz\x97py\x94\x89\xf9I=\xc2\xb0C\
\xec\x80\x82\x11$^#_\xfe\xf0\xb6\xb5R\xe2\x16)\
$\xfbD\xb7\xc83\xc0\xc4\xb0\x95\x09\x8c\xe1Q\xa7_\
-\x11\xad\xc7&1\x93k\xae\xac\xdbEiX\xe5\xca\
37\x9e\xba\xe5D7\xc6\x88\xa7\x0d9\x89\xe71\xae\
\x1a\x8e\xb5\x18\x1c\x19\xefV\x9a\xf2]<v\x0a\xec\x16\
\x83ze\x90ze\x98\x06\xfa\xfaclh$&G\
\xc6\x8dc\xc5v\xb1\xe3\x0a\x1b\x1f\xe2X\x9c+ll\
`@\xc7A\x1fG\x07\xfa\x85\x03\x8a\xcb\xb9\x8e\xbe\x97\
\xd7\x13CB\x16\xeb)l\xa8O\xc8.\x95\x03B\xc2\
\x84C\xec7\xde\xd7k\xec\xef\xed\x8e\x9e\xee\x0e\x19\xc7\
V\x194\xd1\xd9\x9cc\xf4\xe6\x06\x8c\xab\x0c\x97\x90w\
\x9b\x0e\xd4[\x1d\x1e\xf2\xc1\x07\x1d\xab\xac\xabi\x88\xd9\
\xb9\xb5\x98~\xb8\x22\x16\xb5\xf9q3\xfb\xac[\xe0d\
\x8ci\xf3\xdc3*Yg\x1e\x96P\xc7\xdeG\x81\x14\
\x89\xa4\xce\xbe\xee\x8b\x0a\xa2\xadT\x18#\x95t\xc0\xe7\
\x02\xf0\x9a\xe1\xc9\xf66\x0a!o\x85w\xef>C~\
\xd9X\x95U\xa5SVu=\x1d\xe2\xc7\x90j)\x0d\
u\x9a\xa5k,ch\xef\xed\x89\xa5\xf5\xb5X*\xb6\
j\xa6\x03\xe4\x8d\x91.\x19\xd4\x1d\xde\xdb\x93\xe1\x22>\
>;s\xbc\xf5h\xc3\xe5a\x9e\xe4\xc0eT\xa2\xa7\
w$\xc6&\xce\xc7\xce\xc6A\xdc\xbf=\x17s3\xeb\
\x1aM@\x88\x22\x98\x16t\x0fC\x9d^U\x8e\x0c\x9a\
\x1d\xc6\x88\xa1\x99\xa5>|O\xf1\xb0\xa2\x16\xe2\xbb}\
\xb9\xce\x0bt\x99n\xb6l;\xe7J\xb5\x08/\xf2\xf7\
\xbeT\x1e\xda\xc9^x\xf6^#\x11\xe9sc\x8bl\
\x0a\xdf%\x94s\xc1g\xf8[\xb01\xaac\x13{\xf6\
\x8b7H0\xf1\xfd\x86\x89Gs\x89\xd8\x84v\xb6S\
\x16\xb2x\x95\xc5\xdf-\x15\xd1\xc2\x8e\x94lj\xd6\xe1\
\x97\x86\xe5\x85\xb4\xb1-\x06\x1e\x0e\x0ca\x8eF\xc3\xb5\
\xb2%\x8a\xc7\xa0\x80\x9f\xde\xf9L \x82\xb1\xba\xac@\
\xe5\x15\x83fYk\x16\x996\x16\x9f\xbanij\x95\
\xa2\xcb;i\xe9\xf0Z\x0c\xce[\x1aE\xb8\xeeyI\
\x01K\x09\xa4\xe8\xa0\xcc\x97\xee)~\x93\xbc#\xc5\xab\
4\xa9\xb2:\x1aU\xf9\x8az\x12\xdfSEZm\xe0\
r\xbfp\xf6o\xf6\x91uc\xb2\xf6G\xab\xd1Az\
\x94\xb2w\x12B\xbb\x1b\xf0\x08mX\xf1\xf0\xea\x10\x8f\
\x8f\xa5\x1b~\xc2\xa8Fu\x83\xbb\xd1\x0aT:\xbb\xd7\
\xf4T\x12\x82\xc3\x03\x0c\x97\x5c\xf9\xdd\xc3xxOn\
\xfevs\x0c\x0eM\xa8\xa7\x1bTZ\x0c\x1b^\x97\x86\
'\x90a+U\x0fO\xbaF<\x9e\xc3\xaf\x02xT\
`9\x84\xfe\xfc\x00\xddI\xef\xdbFSJ\xcc7\x08\
\x98\xa5\xe9\xec\xeb\x8b\x9e\xc1!{P<=\xdf\x94\x97\
\x81\xed\xc1k\xef\x94B\xef\xed\xec\xc5\x1e^\x04FF\
\xb2w\x12R*\xf8/\x94\x0cQ\xb5\x96\xe6\xce\x18\x1d\
\xbe 9\x1b\x8ayu\x92w\xef\xcc\xc7\xea:\xa5\xe1\
\x11\xc9\xa8H\xafp?x\xa5\x06\x19L\x0f\xabE2\
\xceh\x81\x8f\xafth\xe4\xd0i\x83E\x18\xeb\x13\xe9\
\x84=\xf4+x\x97\xbaC\xb5\xd2[\xf6Oz\x84E\
\xe0\x95\xb5\xce\xee\xce\xe8\xeee\xbb#\xd9\x92\xbe\xf6\xe8\
\xe6\xbd\xdc\xa1\x9e\x18\x1c\xed\x93\x81\xee\x8d!\x1d\x87\xc6\
\xfacxB\x0e\xc5\xe4H\x8cN\x8c\xc5\xd8\xf8hL\
\x9e\xd2\xa8\xe3\xf4d\x8c\x8e\x0eKW\x06bp\x90\x8f\
\x93\x08\xe54x\xd5\xbd\xc2\x18\xc9\x8d\x8e\x8dF\xa3w\
2\x90\xb5c\x07\xc6\x0e&\xfa\xbc\x83\x01\x86KV\x0d\
\x1dl\x90\xc1\xf2\xeb\x1f\xcc/e\xaf\xce\xb5\x8dU\xd2\
o\xc29\xe7\x95\x93Fq\xbeI\x0c\x91\xea\xcbm\x93\
\xe9\xc1:6\xcb0\x89)\xadbj\xa5\xb9CF\xaa\
M\x0dY|\x19\x97W:y\xb2\x06\xba/\x81\xc1-\
F>\xe7]\x86\x95\xc8\x98\xdb\xe3l#\x8d%\x14Y\
9\xa9X0V\xb9\xd2 6,\xc4cl\x0ez\x9a\
L\xd4\xfa\xa9^\xc6\xcb\x9f\xceT\x01\xaa\xc3\xff\xec3\
\xf2\x87Q\xca\xbd\x9e\x92>\x1b)z&a\x83hn\
n\xa0\x1e\x1ab4u\xaa\x8e\x1d\x1a\xf37\xc4\xf44\
\xe3\xf2\xfd\xe8\xeb\x9d\x88\x91\xe1S6\xbe\xcc\x09\xf8\xd5\
#\xbb\xdd\xcaF\xf0\x88\xbd\x02\xe8\x14\x1c\x01\xcc\xf2\x9f\
\xc3'\x07\x94\x0a\x05C\xae\xf3\x03\x13\x9f'Hr\xdc\
\xb1\xa3+jC\xbc\x08\x1b,\x9dj\x14\xd3!%l\
lm\x8f\x19^\xc1\xd1\xb0\x90\x8f\xc4Z\xe1\xd5\xd9\xc6\
\xde^\xecjxu\xb0'\x1d#\xa7R\xc9\x9e\x00\xee\
l\xa5g\xdd=\xc31y\xfa\x92\x02\xdabF\xf2\xb7\
0/\xefjG\x1e\x09\xde\x12\xc6\x8a\x1d\x0b%\x7f\xac\
1\xa4\xa3n\xf6\x8b\xd0r\x14t\xa4#6\xb2\x90Z\
\xba\xcaG\x1b\xfc\xb4_\x86\xdeB*4\x1dB\x1b+\
t\x89\xfb\xf0X\xa3\x8d\x96\x0ey\x85}]186\
\x10}\xc3\x1a\x11\xb1!\x80\x0c\xd4\x88\x8c\xd3\xd8\xb8F\
9\xc2\x11\x1f\x07\x131X\x13#q\xea\xccDL\x0a\
\x87\xfd\x1eq\xaf\xdfcd\x8a\xa6\x95oQ\x8aOl\
_\xcd\x14\x0e\x1b\x1b\x10G\xce\x87*#\xc43\xe9\xed\
\xed\xb3\xb5;}j<Fe\xd1\xd8u\xc0\x1b\xc7\x81\
6Hy<R\xa62\xbcP)\x051\x07\xd0,\xe5\
N\xeb\xcd\x8b\xc7\xf2\xa2d\xad\x1bd\x94\x0e\xaa\x95\xa8\
\xee\xf1)\xaa\xe6\xa8\xeej\xa0\xb9/\xc3\xb3/\xe6a\
\x988\x1e\xc8\x1b\x93\x11\xc3 \x1d\xa8\xeb\xa9\xeeDT\
\xb7\xd5~[\x87\xeam\x0e}\xbe/\xaf\x85V\xf7\xda\
6\xb6\xbc\xd9S\x1bTE\x80\x904\x07x\xfb\xca\xcb\
\x0d$cG\xe3\xf8\x1d9\x0c\x1f\x06q_\x82\xab#\
^\x90\xb77f\xf7\xc5\xe2\x1a:\xe8\x85(\xdfG\xe2\
\x93\x1e#\xa5\x06\xca\xfd\xb80^\x1c3\x9c\x86k\x92\
\x17\xd9\x84A\x12\xed++{\xf1\xe1\xfb\xb3j\xf0\x9e\
\x18\x1a\x94W\xd5\xde\xaf\xba\xab\x9e\x22\x11S\x9fOU\
E?\x87:82\xb0)L\x89)$%>\x87O\
\x06x\xd6\xcc[\xc2;&\xdb?Op\xbfi}@\
3$g\x0e\x15H\xb9\xbb\x07\xe45\x8c\x8e\xfa\xf3v\
s\xcb\xab\xb1\xb1\xb9\x85\xb6h\xe8#\xd9\x14\x9d\xdb\xeb\
\x1b\x92\xfd\x9dgjs{8H\x8fF\x1eCc\xe7\
e\x04.\xc6\xfe^KL?\x5c\x8d\xdd\x1d\xd5_\x1d\
h\xbb<\xa7\x8a<\xa7V!\xfa\xd8\xda\xa2#\x1e\x95\
Q\xc6\x1cgB\xe9\xf1\xac\x18\x05\x81\x8d\x92}\xbf\xd3\
Z\x94\xa3\x22\x84i\xa0\x0c:\xb8l\xde\xe5\x95\xbf\xd1\
\xc9<\xf5\xe8\xa0\x8c\xcfx\x9c\xb90\x1e\xe7.N\xc4\
Y\xe3\xa4\xf1\xcc\x85\x898}~,&\xcf\xca\x9b:\
3\x16\xa7\xcf*\xec\xfci\xbf\xcfXig\x99\x0fO\
\xfed\xa0\x9beHY/&\x03\xcfC1\xca`K\
\xa8QyWM\xff\xf4\x7f\xf9\x1f|\xbf\xd1\x9e\x8e\x8c\
\x16\x96W\xc6\xa0CV\x96E\xa1\x1d\xad\x1a\x0e\xc9@\
a`\xd7v\xc5XY\xfc\xaa\xceywgh\xa0'\
\x1a\xf6\xaa\xb1\xbf\xb5\xe9\x85n|\x1a{em%\xb6\
v\xb7\xa3\x97\xf7\x7f\xd4\x18mj\x94fymU\x19\
\x97\xf5\xb5=)\xf2Fl\xac\xed\xc4\xaa\x8el!\xcc\
S\x03&\x057\xbc#\xe8\x967\xdcc\x1bb\xbe\x7f\
\xcf\xe7\xe4w\xb7v5\x86\xe7zW\xc6\x8am%\xf6\
\xfc\xe69c\xfa\xbd\xed\x1d!G\xdcf\xf5F[\xd5\
\xd8U\x9c\xf2\xb8\xb7\xbdot\x98\xeeW}M8k\
\xb1\x14\xe6m*\xaa\xce\x8f\xf3\xddb\xebc\xe2\xe6Z\
-\xbe\xddW^s/\xf3b\x07\xc6\x1d_\x17\xf7t\
\x8dQ\xdd\xddk\x8c\x85\xa5\xad\xb8{w>f\xe7\xd6\
c|\xe2B\x0c\x0d\xc9\xab\x92@x\xfc\xef\xf6U\x8b\
\x17\x86\xe7\xe8\x97r`\xeb\xe5H\x1c\x8b;\x85\xb0\xe6\
\x9a\xab\xcc\xa1\x88m8\xca\xe1\x93\xc1I%8i8\
\x9f\x15p\x02I\xcb\xd1\x0b\x06K(\x03\xb8\xe7\xb2\xa0\
RJK\x90\x84\xd0\xf5\xaf\xa1\xbb\xb9\xe3P\x97\x17\xa9\
\x11\xd8\xe3\x90y\xd6\x83C\xf4\xcf\xcbF\x8a\xbc1P\
<Q\xe2\x9c\xd1\x03\xc8y=|\x9a\x13\xec>\x96?\
U+\xa7\x18\xe8\x80\x14\xaer\xf1J\xf0\xe3\xf1\xf4X\
\xa9\xbe4\xb7\x10\xa1a_\x8fF7<\xec\xd9\x96\x5c\
?\x9c\x9b\x8f\x96\x9e\xae\xe8\x1c\xe8\x8b6\x85\x91O\xd6\
\x87\xdc\x93\xa76O\xcc\x87\x95t)\xd8\xef\xaf\xf2\xf6\
FKs\xacm\xac\xc4\x8e\x86\x97C\x0c\xa7\xe4\x80\xb4\
\xcb`1\xbc\xe3\xc3\xb5t\xac\x0c\xf3x\x9b\xa3\xf4\xae\
\xf0\xa40X8\x0bU\xe4zM\xfa(#\xda#\xaf\
\xa6\x8f}\xe4\x9a\xe9\xc0U\xa6\x90\x0fXTU\x87\xd5\
\x8d\xedX\xdeX\x8bFy\x83=28\xcd\x9d\xad\xb1\
'C\xdc\xd8\xcag\xf0\x19\xa51\x17\xceS\xf5\x16]\
\xe7\xa7\xf1\xdb\x14\xd6\xa6s\x1eX1\xfd\x84\xd7\xc4b\
U>\xc1\xb60?\xef\x17\xba\xe1\x0dsX\xd4qo\
\x7fW>\xc2^t\xf6vD\xff`O4\xfdg\xff\
\xb3\xff\xe0\xfb\xcdM\xaa\x8c\xbc\x82\x86=y\x0b;\x1a\
\xcaI\x81\xdb\xd4\xe8-0\x5c\x8c`\x85\xf7\xfa\xdea\
\xcc\xac\xad\xc5\xae\xcey\x97gX\xaeY\x13\xcb\x066\
6\x95.\x97\x0b\xb0\x96\x02\xee\xf6\x0d\xcaXiL\xda\
%k\xd8,wwW\x06pyi=\x16\x16\x96c\
ff!fg\x17b~~\xd1[\xd1\x10\xbe\xb4\xb8\
\xaa\xe3\x9a\x86N\x1b~\x89zee\xd3\xe1k2j\
k\xba^[e\x11\xa8\x0c\xd8:\x0bB\xd9\x1dq5\
\xd6W\x15\xee}\xd3\xb7\x84;6\x82\x1c\xd7V\xb7\x85\
\xbb\xba\xaf\xf3\x15\xce\x15_\xb8N>\xc2U\xa5\xc3X\
\xae*\x0c\x5c#\xbd\xf2_c\xffu\x9dS\xd6\xfa\xfa\
\xb6\x0c\xa8\xd2\xca8\xfb\xb8\x06n*>H\xba\xf2\x1c\
\xe3\xab4\xa2w~Q\x86\xea\xfebLM\xafD\xdf\
\xc0\x88<\xd4\xf3\xd1\xd55 \x96\xcb\xbb\xf3\xa3\x99\x14\
.\xcb\xd7\x09\x85I(\xe2\x14\x12XzW\x96\xc4c\
x\x94\xb6T\x8cO\x0a\x16v\xd2\xf1\x07-\x9f<\x8b\
\x04\xa5C>\x8e\x19*\xc0\xc6\xaa8/\xa0\xa43\x8d\
E=>\x06N\xe6\xf7H\xc0\xa3i\x1dR\xfb\x97\xf0\
\xa8\xb1\x92\xf2\x1fO\xf6\xa9\x1b\xab\x1a\x88)\xf6\x96]\
`\xde\xf4\x7f\xfd\xf3W\x9dt\xdc\x92\xfcl\xae\xacz\
\x958F\x85e9S\x8b\x8b\xd1\x80\x81\xe8\xed\x89\xf6\
\xee\xee\xf0\xf7\x0f\x9cR\xf9\x15t\xd4\x1b\xf8\x9cC\x22\
,\x09E\xd9Y$\xbd\xb9\xb9\x86?\xef\x8d\x08\x0e4\
\x02\xd9\xdd\xca}\xa4\xf8\xae\x00\xee\x12k\xad\xcai\x09\
v\x82\xd8\xdd;\x90\x01\x15\xcf\xe4\x10\x1cT\x95@\xba\
\x8d\xb1bhZa\xeeL\xd9SG&\x83\x98\xfa_\
\x93\xb1b\x08{\xa8\xf2z4Dk\x90!\xdaV\xb4\
\x03\xe4V?\xbcZh\xf6PX\xa7~\x8f\x98l\x94\
\x0f\xb7l\xc8\xf1\x9e\xd4Fl!\xc3:H\x0c,\xf4\
3O\xcc2\xa6\x1d\x0d\xa5x\x97\xb1\xab\x9b\xefTv\
F\xd3\xff\xfc?\xfd\xfb\xdf\xefh\x96\xb1b\x08\xc6P\
jc7\xf6\x85\xc5 \x07n\xd8\xf5[Ue\xa6V\
Wb[\x0c\x1d\x1b\x19\x8da1\x93\xa5\x0b\x87\x9b\x18\
\xab|\xf9\x92\x99}\xd6&\xf5\xf6\xf7\xcb%\x1d\x8d\x01\
Y\xdc6\x04D\x02q \xcf\xe4P\x86\xf0PL\xd8\
\xc7S\x92\xe7\x84WSU\xcfr\xb0\xa3{b\x14S\
cMb`C1\xc4\xe3\xd8$\xaf\xac\x89\xe1\x97\x8c\
%\xd7\xf4HxXxM\xec5]U\x9e{\xdb\x07\
:\x1e\xca\xd3Q\x83l\x89\xf1xI\xf2\x8av|\x94\
\xf7#\xe4qh^\xab\xe7\xd0\x91\xb7\xcb\xedi\x15\xe7\
\xbcf\x80\xd7U\xf5uU4\xa9\xf1\xd4\xb8\xfbj\xe4\
\x8c\xb7\xab{\x19\x87\xf4\xe9\xa1\xf18v76\x15o\
f~5\xa6\xe7\x96%\x88\xadq\xfe\xe2\xf5\xe8\xeb\x1b\
\xd1\xb9\xdcz\x1aE|\xb10Y\xb0hu\xd5/\xff\
\xd5\xc1\xf1k\x0bd)\x9d\x86\x14\xd8\xfax\x08\x05\xbf\
O\x0c\xca\x17J2\xc7\x22\xcfO\x98\x0d\xa9\x80G\x0c\
\x15\x80T\x9f\xc8\xaf\xa4\xf3X\x95\x9e\x04\x8f\xe4y2\
\x80L\x8eg\xe4\x90\xda\xbf\x84\xaa\x94\x8e\xb5>@\x1a\
+y\x0f'\x08\xf8\xec\x8c\x15\xc9\xf4\xa3\xbc\xe2&\x86\
\x85\xba\xd0\xb6x\x14\x0d\xbcS'\xef\xaaE\xf7{\xf9\
\x8aQ\xa59\x166V\xfd\xfd\xbd\xf6\x81^\xef\xc2`\
\xd9q\xeaz(\xf2\x05\xc8\x92\x22\xf2J\xd79\x1f\xc5\
\x87(\xee\xdf\xb9\x15;\x1a\xb5\xac\xcc\xafx\xc1\xf4\xc2\
\xcc\x5c\xac,-\xa9\xe3Vg\xbf\xbc\x12\xcb~Cc\
\xc1\x8b\xaa\xe7\xa7\xe7\xdc\xa1Ww\xa4\xfb\xca\x93\xfd\xae\
\xda\xd4\xc9\xb6\xa8\x80\x8a={\xec\x01\xc5\xc9\xb3\x12\xcf\
\xd6\x94\xef\xb2\x9c\x85Cy4\x18\xabFyN\x1au\
\xc6\xbe<I\xcb\x14\x7f\xaeoa\xa8\x8a\xde+\xe7\xba\
\xa16\xc3Xg\xb6\xbc\xc4+9\xf3j\xaf=OG\
a\xe8\x18M\xb0\x82\x9eW\xf5\xba{:\xbd\x11g\xc3\
\xc2\xeb\xff\xf2\xb0\x03\xebIf2\x1c\x1b\xb3K\xb1!\
\xeb.-Uf\xbb\xb2\x80\xb9\x98\xf2\xe1\xe6A\xbcv\
\xf7^\xac\xc9@|\xe5\xc5\x97\xe3\x85K\xe7\xa2\x95a\
\xd9\xe2B4l\xb1_\xb9\xbc\x9b=Y\xf4\xfdj4\
I(\x86\xce\x9c\x8e\x9e3\x13\xd1\xd0\xd6\x1a\x9bVp\
\x8d\xc55\x94\xdc\x153\xbc\xc8\x8b\xe1#Ok\xd40\
T\x0a\xd2\xf3EL\xe6l\x18\x1b\xb3tB\x8d*\xc2\
\xa9\x9a'\xd0\xe1\x00\xach,\x9e\xf0\xd4\x04\x0dW\x1b\
7\xbb\x88\xe1\xc9\xf6Z\xf3\x89/\xe4\xaft\xca3\x87\
T*\x9a(L\xb8\x17\x0cM\xa1\xd2\x09\xe1\x84\xe9<\
\xe3g\x18\xe0)S\xb1\x89\xac\x8bTQ\xd5\xf5\xb6\x02\
\xde\xbf;\x1b+\xaa\xe3\xc8\xe4\xd98w\xf9ZnO\
LQ\x08\xa5\x04\x8e\xa7\x80Yr6\x9a\x8d\xd61\xc8\
\xf0\x04\xa5)\x8c\x15=\x93?Q\xe6\x12\xc9\xe1(\x1e\
\x8a\xc6\xb0\xe2\x93\x82'Fu,\x05\x9e:\xfd*\x80\
\x0e\x16zx\x1c$`'\xc9\xaa\x09\xeb3\x94U4\
Q\x0d\xe0A\x1e\x85.\xcf\xd4sR\x038\x85\x22\xd4\
\x17\xc0\xda\x1c>L\x0a\xe4\xbeN\x03\xb0\xf4\x180\xf5\
\xf14p[\x9fH\xf38xd\xcf+<+\xda\x9e\
6D\x8e\xf4\xf3\xebhB\xaf\x9dR\xe7\xbf\xbd\xb8\x1c\
\x1f\xbc\xf6z4\xefl\xc5\xb9\xd1\x91\xe8\x91\x03\xf0\xce\
\x83\xfb\xf1`s5\xc6\xaf^\x8cs7\xaey\xc8\xe6\
\xd7\xd1\xa8a\xc1\xeb\xf2X\x82\xf9E\x9bR9\x04[\
\xa3\x9c;\x1f\xbd\x1e\xef\xbe\xf1\xe3\xd0p$Fe\xf4\
z\xd8\xf5V\xfca(\xd6%\xfd\xac\xa0g\xfaQ{\
{z2p\x9d-\x9d\xd1\xd5\xc6\xd3@\xde\x11\xdc\x8a\
=\x19\xce\xc6\xad\x8d\xe8\xd8\xdf\x93\x1d8\xf4\x87N\x19\
\x06\xee\xc8 >\x98^\x8c[SS\xb1\xaf|O\xbf\
|3\x9a\x86zcIL\x90\xaf`\xaf\x0d\xf0{\xb5\
\xa2\x8b\xa7\xe9<IO]\x83\x13\xaa\x8bD\x9a\xf9<\
\x16s\x7f\xf4\xe1\xadx\xff\xdd\x0f\xd5\xf9\xefFOW\
o\xb4jX\xca\xe4\xfe\xe6\xf6\x86\xbc\xb8\xbd\x18\x9b\x1c\
\x8d3\xe7OE\xd3\x7f\xf1\x1f\xfd{\xdfo`\x89\xbe\
\x1av\x7fs'veH\x0e4\x9c\xf3j\xa0\xe4\x82\
~!#U\x95\xe7\xb0\xe8\xf9\xa3\xa1\xde\xde\x18\xd0\xb8\
\xb3Q\xe9bkK]\x18\xdf5Kf\x95\xeb$\xd8\
X\x8c\xe7w\x1a\x03\xc6\xa1\x5c\xc6VU\xa0M\xd8\xae\
\xcczt\xbf\xb7R\x89\xbe\xf6\x96\xe8om\x8d\xbe6\
\x9d\x8bI`\xbf,k_Kkt\xb7T\xa2\xb7\xc0\
\x9e\xe6\x96\xe8\x123\xbb\x85]\xba\xeeVezt\xde\
#/\xa6G\xe7\xbd\xba\xdf#\xf7\xb1\x1b\x97T\xe5r\
\xaf[\xc7^!\xc7n5\x0c\xc7.\xd1\x96\xd7\xc4#\
\xdf\x0c\xeb\x12=`\xdek\x8e\x0e\xd5C\xfe`\xf0:\
i\xa78\xd1)fw\xaaw\xe8\x10\xb6s\xd4}\xe2\
\xf3\xb9pV\x1d\xb3\x00t^\xc3\xd8\xd6\x8e\x9e\x18c\
o\x9f\xbeA\xb5\x84\xfd\xd2\x14V\xe5\x83\xb1r3)\
\xbd\x02\x1d\xae\xbf#\xf4\x8fcb\x11hA5\xea\x97\
\x93\xf3G`\xe1$\xa8\xc0\xe3w\x8f\x80\xd4\x00\xd1\xab\
\xf26x\xf7\x92\xb7\x06r~\xa7\xb8\xf1\x0c`[\xc0\
\xb1D*\xf88(#\x02\xf2\x8a\xd1\xf6\xac\x9d\xe0\x89\
\x89\x8e\xe0\x91\x18\x0a(\x0dF\xdec.HY\xd5!\
\xd9\xbb\x8c\xba\xba\xb0(tj\xea\xa1WY\x97\xfb\xfa\
;\xa2!\x13}\x16\x9e\x15Y\x16\xb9\xfbg\xebB\xa0\
\x0en3B\xc5{\x8c\x04\x06ucuY\xde\xcc\xa1\
?\xf4\xba\xb2\xb1\x11\xcbRR&\xe1\x07\x86\x87\x1c\xdf\
\xc6\xce\xbd+\xca\xef\x22\x9cW2#\x0bCSa\x0a\
\xf1\xd1\xbf\x06\x0dU\xb6\xd7\xd7\xfcm\xc2Sc\x93q\
zl\xdcS7#\xf2\xe0Fz\xfab\xa8C\xdeJ\
\x8bt\xad\xb5\xc3;\x82\x0e\x08\xd19\xf4\x8b\xfd\xe1\x1b\
Y\xc5.;\xd0 \xde5\xc8Y\x81l\x9c\x07di\
_uaZdiMCl\xe9\xdc\xc0\xc4X4w\
u\xc4\xae\xca\xdf\xc1P\x154B\xab\x87\x83Jg>\
\xd0\x89\x11\xae\xba\xe0\x8c@5\xdb /,\xe4\xae\x0a\
\xac\x9com\x95g\xc5\x8c\xbd\x80\xd7sv\x0fv=\
\xcf\xc5\xb7\x15\x9a\xfe\xc9\xdf\xf9\xeb\xdf\xaf\xca\xa5\xe3q\
\xe9\xee&\x93\xdc\xb2f\xb2\xa4\xac\xa7r\xafn\xefG\
\xc6J\x06g\xea\xe1ll\xca\xf5\xebS\xc3\xf7\xc9c\
\x92)\xb4\x15\xc7XUe*\xe9?\xbc\xeb n\x1c\
\xef\x0a\xca\xe3:\xd8\xd8\xd4P\x91\xe3\xba\x8c\xe1Z\xec\
\xaf\xaf\xc6\xa1\xacu\xe3\x9e\x0c\xa2\xd27\x18w\xa2Y\
Li\x96\xa7\xd6$\x01k\x90Uo\xd4\xb0\x8d#\xf7\
5\x86\x8b\x06P\xf7\x9a\xe5\xfdUpUe\x85\x9bv\
v\x84\xdbB\xc5\xdf\xdd\xd2qS\xe1\x9bJ\xbb\xa5\xbc\
4\xfeU\x19-\xca\x9bx\x0d\x8a\xd3 \xcf\xcf\xf1\x15\
V\x11\xcd\x15Y\xf5\x16\x1d\x8d\xaaG\x0du\xdd\xac\xb2\
\x1a\xe5-6VU\xa6\xc2\xa0\x952\xb8nd!\x1f\
\xbc\x16s\x99l\xbf3=\x1fk\x1a\xae\x0e\x8d\x9f\x8e\
\x81\xd1I5`E\x9cP\xb3\xaa}\xf2\xb5\x0b\x1aJ\
\x02 \xb7\x1aa\xca\x06L\xc1\xaa!O\x19\x8f\xfd\x14\
E\xad\xedc\x19\xe2d:+\xb0\xb8YC\xeb\xc3\xe3\
Pm\x88\xfcTE7o\xb1\xf3\x9a\x03\xaf2\xf1\x88\
X\x19\xc9\x09P$@\x87Z\xde'\xc0\xf6\x07\xe4\xbc\
\xc0'B\x19\x91B\xfd4L\x17>/\xee}B(\
\x93\x1a\x8b\x82\xf3\x93\xfd\xca\xae\x86\xc5I\x01\xf4\xe2\xbc\
\x93\xf6\xe0\xc1C\xf7\xd2]]\xddF\xe2\xa1D\xae\xa7\
\x18\xfa\xb1\xe4\xfc\xff\x9b;\x97\xe6:\x92\xac\x8e\xa7\xde\
\x92e\xbd,\xcbv\xdb\xedv\xdb\xddv?\x86\x81\x8e\
\xe8 bX\x01A\x04\x11,\xf8\x06\xec`\xc5\x82\x15\
[\x22:\x82\x0f\xc0\x07\xe0C\xc0\x1e\x98`fv\x0c\
\xc4L\x07MC\xfb\xd1~\xbf$Y\xf7J\xf7\xa5\xfb\
\x92\xf8\xfdNV\xdd{%\xcbr\xdba{\xe6\x5c\xa5\
\xaa*++\xf3d\xe69\xff<\x99\x95\x99e\x94\xc3\
h_H\x83\xb2.\xc2\x07\x08\x12w\x80K\xe1\x19\xe9\
\x15\x16\xb3\xael\xb8\xaa\x1b\x1b\xa9\x07h9\x84\xe2\x12\
\x9cJ\xa3\x96\xe6\xe9\xf6\x9c:}\x9aG3\xbf\xa1\x8b\
\xa3\xcc\x10\xa7y\xccirN\x5c\xb1\x8c\x0ce5^\
\xe7IN\x00\x08\xad\x9d\x9d\xb4\xb2\xb8\x94.\xac\xad\xa5\
\xf3\xcb\x0bi\x95\xae\xa6\x8d\xf5\x09,\x9dYdr\x16\
`\xf28\x03_\xee\x0d\xaf.\xef#\xef\xee\xd6\xd9C\
g\xf6)C\xd7\xf2\x85\xec\xf1\x8b1+\x1a\xa0m@\
\xd0I\xad\x0e\xa8\xbb\xfd\xcd\xd4\xe2\x09z\x19c\xa9\xd5\
\xb7\xa7d\xbe\xb5\xa8\xac#r\x8d\xcbO\x17\xbcC\xe1\
E\x8e\xb46\x9fU6\x01\xab\x0a\xf2\xe9\xee\xc8N\x03\
rI\x9a`\xd5I]\xc0\xca\xb7\x85+t\x8b'\xfe\
\xe6\xcf\xfe\xe8+_\x93:v\xd4\x07\x04bSw\x99\
\x93-\xe5\x0cr\x9d\xa3\xafW76\x88\x900\x22\xf4\
\x0aH:!\xe2\xfazQ@\x8b\xf0vJ2X\xc5\
7\x03a\xbcO\xe6#\xe3\x00\xc4^\x1b \xb4\x00\x00\
\x91\xfd\x1e\x96\x1c\xc0\xb1W\x14\x88@$h\xd1\xecc\
z\x02\x12\xa5\x9f\xc8\xce\xf3\x03\x87_\x02\xd4\xf6\x0dK\
<\xba1@E\x17\xe7\x85\x9f :\xe6\xace\xd2\x1f\
'?\xda9c\x16$\xd7\xbe\xbd\xdc#\xbf\xc6c\x09\
\x8dYA\x91\x16\xe1\xb97\x0e\xda\xeb\xdc\x08\x0d\xe6\xc3\
9\xd9\xd59dN\xaep\x02\xa9\xb5\xd7\xa2K\xbc\xbe\
\xd3L\xf7+\x8d4\xb7v>\xad}p9M/,\
cLP\xa9TF6*\xac0J\x852)\xdfT\
\x0d\x04n\x94B\xa0\x8f''\xe1\xbd*)4yr\
\xe4~\xac\x93{p\xff\x01\xc6p+\xbe2\xec\x1c$\
\xeb++.\x14\xac\x1d\xcdG\xdc\xca\xa7/\xa7\x12\xac\
\xa4\xc3\xf9:r\x90\xeb\x15(\xa2+\x15\xe0\xc5d\x9e\
\xfcV\x9e`e]9-gqai\xc0W\xce3\
\xbf\x97\xb1c\xf8\xe3\x93:\x92^\x14\xafQ\x05\xe8\xf0\
g\x83\xe6\xb0G\x03\xa5o\xd3\xa8\xa30i\x1a\xcb\xa2\
R\xabb\xa5\xcf\xa6U\x00\xc6\x05\xf1\xc5\xf4\xd2x~\
p,\xe3'\x1faq\x97\xb7\xc3\x9f^\xcc\xcc\x14\xdd\
\xa9\xa9T\xdd\xdcL\x1bX\x97\xfb\x18#\xd3\xe8H\xa7\
RM\xcd\xeavjTwR\x8dc\xdd\xa9\x13\x00\x9a\
\xce\xb1\xac\x1a\xf7k4h\xf2\xb4\x8b\x95\xd7C'\x84\
\xc929\x07$\x5cN\xe6\xcb%\xd7\xff\xf9%\x9fe\
,\xc0\xe9\x85\xf9\xd4'/M-2\xd1\x0a\x8a2\x0e\
\x10\x91\xb9\x92A\xb8+\xeeK\xd9\xb2r\x03\x81*\xe7\
~\x5c\xb6\x00+d\xb6\x83\x1e\xdb\x0d<1OY\xd0\
\x95\x9d\xf8\xcb?\xf9\xc9W\xb1f\x07\xe0\xd0$m\x02\
\x1e\x8e\xca\xf7Pb\x07\xf7\x22B\xe2v\xad\x8f\x9f\xf5\
q\x80{\x15A_\xc1\xa4._\xc8\x0b\xa5\xa2yV\
\x0a\xb2\x86WFy\xae\x05,\x84&\xbe\xb0L\x9c.\
:\xee\x15\xd7\xae\xd0\xf6|\xaf#0\x00n\x1c\xf7\x1c\
\xdcv\x10\x1e\x97\xbf?\xc6\x91\xb0\xfa\xc5Q0\x05\x5c\
\x5c\xec\xd973\x14\xa6\xe7\x82\xa8\xe9\xb8\xd1\xbc[\xc5\
\xb8\xa6Ha-?\xee\xd8!LlO\xe1@\xbb\xf7\
\x00C\x07\xea\xc3\xd4\xe4^~\x9bY\x84\x09\x7f\xf8$\
m\xef\xf9J\xd9\xbe\xb5\x8b4E\xa0\x1e\xaeN\x1c\xcf\
\x10\xb0{\x95\xed\xb4=6\x95\xce\x5c\xfe8-\x9e:\
\x13k\xa5\xe2s\xe8\xd4MTI\x08\x92\x15u\x0cP\
Io\x09\xac$\xeb\xc2\xbc\xae\xaf\xaf\xa7\xf5\xa7O\x03\
\xa8\x9c~\xe2\xac\xe9\xac\xb2\x99\xf2\x91\xffG\xb0\xa2\xd7\
\x11\xdeG\xd3[\x02\xabaL/\x07+'-\xfa\x05\
\x95{w\x1fD\xb9//\x9f\x02\xb0\xdc\xeb>\xee\x86\
_\xfc^\xc6\x8e\xc9\x1c\x9f\xd4\x91tT\xbc\xa3\xd1D\
\xda\xb4yN\x06u\x8aN\x03em\xd1\xad\x9a\x99\x9b\
I;\xcdz\x9a\x9d\x9fK+XVZ.\x03\xab!\
\xa8\x8c\xa58\x9a\x0f\xe4\xad$\x93\xf5*>\xa6\xcb=\
\x01g\xe3\xe1C\xe2\xae\xd0\xa3\xa1[\xb8\xbd\x95v\x5c\
,\x0c05\x8a\x05\xc25\x80\xca\x8f\x04\xc7Bb\xac\
\xee\xaa\xf796i\xd4\x9a-\xa7\x18\xf9\xadA\x0d\x18\
\xaa\x0f@\xda\x1f\x9fL~\x11\xcb\xb5\x7f~\xbeka\
\xf5T\x9a]<\x99\xf6\xa7\xa7\xc2\xb2\xea\x89\x01\xf2\x01\
\xdf\xf6\x22\xa2\xaa\x0e\xc9\x81\xe5/h\x89\x09v\x03\xc5\
\x96~\xcfeGN\xb3(\xc0\x0a\x83\xa4\xb7\xdf\x01\xac\
\xe6\x92_\xb2\x1a\xfb\xa7\xbf\xfd\x8b(\xd6<'\x84\x88\
'4!\xc7\xd3\x09\x0a\xcd~\xe2\x1c\x85\xe5\xb2\x93\xca\
v-\xdd\xfa\xfen\xf2\xe3\x9f\x1f\x5c\xfa \xbdw\xe6\
tr\x0da\x94\x13\x19q\xeb\x073e\xe2\xf6\xc5\x83\
\xb8g\xe4\xf9\xfbc\x80\x17\x17\xb1\xf3\x01\x19\xca\x9aL\
\x9b\xc1Q\xf38\x9e!C\xb1=\x86>\x85\x15\x82O\
\x5c\xe7\xacF`\xfe\xfb\xcbqF\xa69/\x22\x0c?\
\xfb\xd4\xa6\x91\x11\x9e\xb8\x04]\xc2\xc5v\x13\x85%h\
\xeb\x96Q?S\xa4\x14<\xe6\xd8\x8d\xd7\x81{\xb7\xab\
\xe8\xe2\xbcv\x09\x8e;\x90vy\xae\x8a\xf2o d\
\x8f:{i\xf1\xca\xa7\xe9\xca\xef\xfd~ZX^\x05\
\xa8\xa8L\xfa\x88\x82\x95d\x17\xab\x9c\x01\x1f\x03\xc0\x87\
\xd2\x1d\x903\x8c_B{\xcf\x8d\xe2\xbe\x9c\x22?4\
\x04\x0a\xe7\xcd\x9b7\x93\xab\xd8?\xf9\xe4\x93\x98~\x12\
\x0b{s\xb1e\x92g\xcb\xd32\x8e\xb2\x1bR\xe0\xcf\
A\xaf\x17S9\xc0n\xf8\xc3\x03\xd8\xd1\x7f~5\x92\
\x95C\xdcD\x17c\x94\xe47\xd7\x99d]\x8e\xc5\xb4\
\x93_\xfc\xe2\x1711\xf4\xa3\x8f>J\x17/^\xe4\
\x96\xdd\x14z\x01\x84\x8d\x9fc\x1c\xc7P\x94\xc5\xc1\xa4\
^J\xc6x\xdc#e9:h\x8d\xba\xa5\x9d\xa7\xcf\
\xd2\xed\xaf\xff;U\x1f\xdeO\x17\xde\xbf\x90\x1en\xd2\
\xa0\x9c_K\x97\x7f\xf4Y\x9a]Z\x09p\x90r\xfe\
\x8a\xf2,\x98\xf2\xa0\x7f4\x8e\xd65\xce\x10s\xc8\x8a\
\xc3\x15[\x8f\xef\xa7\xff\xf8\xe9\xbf\xa5\xad\x077\xd3b\
\xdaMK\x13E\xef\xc02T\xdf\x8d\x83*\xc9\xbb\x91\
d\xfdp\xe7\x85\xf8\x10\x0b\xe03I\x00'\x87k\xd9\
,/-\xa4\x85\x85\xc54=;\x9f*\xeb\x02\x5c\x1e\
\xb3Z\xbdr)\xcd\xbe\xb7\x9avg\xa7\xd3\x13\x8c\x80\
\x96\xbd\x12K\xc12.d\xdd4,\xef\xa8\xa7\xf0\xd1\
\xaa\xca{\xd7\xdd\xb8~#}\x7f\xf3\x01]\xe1\xb1\xb4\
\xb4\xb8\x12\x13Y\x05\xc7z\xb3\x96:\xfb\xad\xb4vv\
9]\xbdv9\x8d\xfd\xe3_\xfd9\xcf\x93A\x22\x9e\
\x9du\xd9\x8d\xb3Z\xa7\xd2<f\xe8\xc2I?\xdb\xe3\
D\xb3\xa9\xb4\x03\x0akRk\x85\x9d9w6\xad\xad\
\x9e\x8eq\x03\xd70\xd5k\xa0qu+\x14\xa2I\xab\
\x10\x82\x10Lz\xe4\x00\xdfQ?\x16*\xe1\xfb\xce\x18\
\x8f\xbbnOg\x00\xc2R\xea\xfa\x09<*\xb5\x05\xe9\
U\x1cy.\x96\xc3\x10\x94\xc7#\x8c\x81\x03T\x08\x95\
k\x9f\xab\xb8\xe0\xaeq\xc5\xab\xbe\xf8\xcb<@a\xed\
\xe1/X\xe58\xddS*\xa7\xed\x1b\x0b\xfd}}j\
78\xd6\x02\x02\xa0\xf1\x8cov\xb8\xafr\xcb\xab\xfb\
TU\xb0\xea\xd6\xedE.\x9cN\xbf\xf3\x07\x7f\x9c\xce\
}\xf4Y\x1a\x9b\x9e\x8b\xb1\x03g\xf5\x96Ub\xda\xc4\
\x1e\xa0\xa5W\xe4\x07\xf0\xb2\xccGiX\x85\x07i\x14\
 ^\xcb\xb2\xe2\x11\xf7.z\xf0\xe0At\x01\x17\x16\
\x17\xd2\xe5\xcb\x97\xc3\xca\x08\xe1GY\x83\xb5\xa2\x90<\
\x8f\xe3\x08\x7f&{8\xe9|y\xc8\xb3\xa0\xb2\xbc9\
{>\xc8Qy0\xfc\xa8\x7f\x89\xf4\x05\xc9\xd3\xc1\xa7\
\x94\x85C\xf1\xc0o\xc8]Y\x8e\x94\xb3\xf3\xe6~\xf6\
\xef?\x0f\xb0\xbaz\xed*`\xf5~NG\xcd\xb1N\
\x8d\xe2PZ\x87)\xd2>>HA\xd69T\xf0:\
x$\x0aWY.\x92\xe6\x87\x16\xc4\xb5\x80+h8\
^|\xf7\xebo\xd2\x83\xef\xae\xa7\xb3\xe7\xd6\xd2z\xf5\
YZ<\xb3\x9a.~v--a\x01\x130\xc7\x19\
\x05\x8b\xc6\x8c2\xa5\xbc\xe9\xafW\xc8\xb7\xf1\xd3\x9d\xa2\
\xc1\x98$\x9f\xed\x9dj\xfa\xcf\x9f\xfek\xba\xfd\xed\xd7\
i\xb6\xbb\x93\xde_<\x91fa'V\x99\xc4c\x13\
\x00C\xe6=\x80\x0a'\x97\xf1a\x09\xe4\xdfE\xc4\xb3\
\xb3\x93\x80\x88/(\xfch\xf0R\xac%l:\x0d\x08\
\xe7\xf4\xf5\xa9Ud\xe9\x14P87\x9d*<\xdf\xda\
\xa3\xb7\x14\x0c\xe74<\x8d\xb14N\xca\x17\x1a\xeas\
\x8f.c\x0b\xcb\xed;\xf2}[\xb0\xeaL\xa4\xe5E\
\xba\x94S31\x1cUo\xd5Sg\x0f\xb0:\xb7\x9c\
\xae]\xbb\x92\xc6\xfe\xf9\xef\xfez_\xcb\xc7\xee[\xac\
\xc7\xc1\xc5\x9eN\x98\xa7\x130\x19\x9fH\x87a\xbf\xa8\
\xa1\xb9(X\xf9\xf5\xe3eG\xe7C\x09\xf7S\x93\xd6\
\xba\xd1\xc0\xc4$\xe1v\xc77M\x80\x8co\x14@g\
\xabI\xe0\xca\xb2\xafb\x00Q\xb1\xa8\xd7\xbc\x84'i\
\x0b.:.(d\x1b\xcd\xb0\xac\x06\xd6\x95\xfe\x0ah\
\x91\xf3QA\xa5B\xf6\xc7\x9c\xe7U\xfaYy\xfe\xcf\
A\x0f\x92\xcf\xeb\x9b\xefD\xcb\x02`99\xce\xa3\xc0\
d\x17\xd8.\xa1\xe9\xc7\xc72\xc8\x80\xe3\x06\xae\xbf\x12\
\x88\xba\xb4\x06n\x9a\xf6\x10\xb3y\xa33\x96N\x7fp\
5}\xfe\xe5O\xd2\xec\xe9\xf7R\xc7|*<f \
s-\xdb\x8aW8\xc9rQA\xb2\xd5\xf7\x0e\x08\xbd\
\xf0\x13\xe37n\xdc\xa0!i\xa6+W\xae\xa4\xb5\xb5\
\xb5h\x80ry\xc2G0\x99\xf9+\xe9\x87\x80U\xa1\
\x9e\x07\xa8\xcc\xe7\xab\x11\x82,\x86\x97\x89\x1c\xb22G\
usHY\xe1K\xf2v@\x95y\x09\x1a\x8f\xc9\xbf\
?\xfb\xd9\xcfQ\xaei\xac\xc9k\xe9\xd2%,+y\
.\xc0*\xe8\x0dM]\x90\x9f(\x13\xc3s\x1c<\x12\
V\xf5h\x1a\xdcE\xc6\x95\xd7\xd8\x89\x84\xcb=\xac\xf4\
G\xffw3\xdd\xf9\xf6[d.\xa5\xad\xfaNZ}\
\xefl\xba\xf4\xf9'i\xf5\xdc{X/\xb9q\xcby\
\x03\xdeF\x99\xf2\x14Y\xf5\xa8\x0e\x87\x17\xf9sB\xe8\
\xa4\xba\x84>\xde\xfa\xf5\xaf\xd2\xf5\xaf\xff+M\xb5\xb6\
\xd3\xa7\x17\xcf\xa4y\xf4rR6t\xe3\xae\xc1Uf\
5\x01|\xb1f:\x8aC\xd6;\x81u\x82\xc6wf\
\xdaou\xfa\x11\x999dx&V\xa5\xd8A\xea!\
\xcf],\xaa\xfe\xc9\x99\xd4\xe1X\xe3! ,\xd8+\
k\xc8xB\xce\x02\xb0\xd0\x05\xd3%\xefZp\xca\xe4\
u\xc0\xea\xfb\x9b\xf7S\xbf;\x99V\x16\xd7\xc0\x9c)\
\x80\xac_\x80\xd5.`\xb5\x92\xae}\x82e\xf5/\xff\
\xf0\xf7D\xc3\xcf\xff:\xf3\x8d\x8eN\x03T\xfb\xda\x80\
\x5c\xc7\xeajR\x16\xed\x1c\xbbQ\xd0\xfd,\x90`e\
\xa6c\x10.,\x16Ml< \x95=2\xcc\xb5\x85\
\x22H\x850\xc6Q\x91\xe6\xa8%\x13\xd6\x8cy\xe1\x1a\
\x17\x0b@\xf13\x96\xf8 iL\xa3\xd7\xf9h<\x15\
ax\x22\xd2\x91b\x8f\xf7\xb8\x07\xbf\x1c\x0d\xef\xdd\xb2\
\xb0\xf0\x0c^\xe3\xbe\xfcXz:\xfe\xc5N\x08\x14\xbc\
sC|)\xe0\xe0\xb3\x13H\xe5A0\xb3\xd0c\xbd\
\x12 >I\xcb\xe1;O\xc7\xb6n?|\x9a\xaa\xdd\
\x89\xf4\xd1\xe7_\xa4\x0b\x1f]\xa5\xbf\xbe@\xc1\x92&\
\x91\xef9\xab\xae \xf9\x82\xf5H=\xae\xe3\xccyW\
\xc30o\x93\x1c\xfb{\xfc\xe8I\xba}\xe7vX\x18\
\x9f}\xf6Y\xbc\xc6\xb7~\xa4\xc0\x87h\x1d2\x7f%\
\xbd\x0eX\x155\xf0\xfa\x14R\x8c{-\xb0\xa2T\xa3\
b3)K\xdb\xd5z\x80\x95\xf2*X}x\xf9\x12\
%\x9fy\xces\xb2\x08\xf7\xc6,\xab!X\x19e\x89\
\x85/\x02\xab|\x84gN}IU}@\x1d\xfd\xcf\
\xff\xa6\xad\xcd\x8dT\xa5\xfbs\xe6\xfc\xb9t\xf5w\x7f\
\x94\xd6\xce\x9f?\x16\xac\xe2`\x03\xe99a\xc2q\xee\
\x9c*\xb7y\x9a\x01\xb8*wo\xa7\xef\x00\xab~m\
3]\xbb\xb0\x96\x16g\xe8-\xf1\x5c\xfe\xc6\x00\x8d5\
<\xbaM\x8d_\xc3\xc9\xe3_\xbe\x1c\xc3\x80\xe9v\x03\
<\xa7\xa7\x91\xff@7R\xd7\xd0\x90\x07\x8e\xb4\xe0\x00\
\x13\xddm\xc2tf8\xa7Q\xd8\xc5\xc8\xf1C\xbdr\
a.C/\x95%\xf9\xd2\x88\x89B\xb7D2X\xa9\
o\xd7\xaf\xdfL7\xaf\xdf!\xbd),+\x1aR\xac\
:\xbb\x885zi\x9d\xbdv\xb6\xac>\xb9\x92&\xfe\
\xf4\x8f\xff\xf0\xab\x1aL\xef\xe0\xaa\xedN\xdal4S\
\x9d.\xce\x14\x02\xbd7\x83r\x82r}\xd0\xb7\x0bc\
\xfd\xa9\xe94F7\xb1G\xe5w\xc9E\x17\x84\xee \
\xf4\xbe\x05\xe8ay\xf4\xf1\xef\xc3p\x1f\x04\xee\x11\xb6\
G\xa2]\xfcz\xc4\xd1\x9d\x9aL\x1d\x11\x13\xb7G\x98\
=\xcf\xe9j\xb5\x01\x8a\x06Z\xde\xc45\x80\xe4Vw\
\x9f#]\xcbv?&[\x1a6\xcd\xcdE\xda\xfdI\
\x10\x9d\xb4LW~LS\xd7\x1d\x9fN\xddHc*\
u\x1c\xe4#\xad\x16\xe7\xed\xe9\x99\xb4\x8bk\x11v\x97\
p\xe1x\xbe\x83\xd2\xf6p^\xb7\xe0\xc1i\x07\x95N\
\x0f\xd7O\xeb\xcd\xdd\xb4\xb5\xdb\x8d\xebg\x94\xc7F\xa3\
\x9d6\xb9n\x91>&e<\xffd\xbbF9u\xd2\
$]\xc0s\x1f^M\xf3\xab\xa7\x00:\x04\xd2\x89o\
\xd6\xb5\xb5Q\x1c\x15\xd3P\xe2\x11E\xca\x02\xfcn\xc8\
\xc6\xe5\xe1\xc3\x871\x90\xea\xc4H\xad*M\xfc\x01\x18\
)L\x02\xd7\x08{\x87\xc9[\xc7\xdc\x0e\x8a<\x16\xe7\
\xafMQx\xa5RJE\xca^\x97^\x03*\xf8/\
(,\xf18SM\xb8\x87\xa6\xb8\xba\xe0\xde\xbd\xfbq\
o\xf5\xf4*\xf9_\x1e\x89\x863\xd3\x0b\xe0x.\xf2\
!y\xeb\x98\xdbC*\xcb\xf3\xc0\x01:\x22\x82\x02\xf9\
\xe3?\xb7\xbc\xabD\xb8=\xcc\xc3'\x8f\xd3Vm'\
\x9d81\x9f\xce]\xb8\x90\xe6\xe9\xb6\x97\x0dI.\x97\
\xa2\xd1-\xe3\xe4`<\xe1\x8a:\x8d\xfc\xe3\x1f\xa1y\
F\xe0\xdc\xde\xa9\xa4Z\xbd\x1a\xeb\xf6\xa6p\x0e\x977\
\xdam\xd2j\xa4\x8d\xedz\xaa#\xef~\x14F]\xac\
\xb6\xc0\x81j#Uj\xcd\xe8\x05M\xce\x9dL{\xea\
18\xa0\x0e\xdb\x83\xe8\xab\xdb\xea\xbf\xbd.\x8c\x1a\xd7\
\x05\xf6h\xd4\xfb\x0e\xc2\xc9\xaf,([\xa4\x13|\xc3\
[\x96\x11}\xe4\x8d\x1f\xfe\x82\x92[\x88\xfb\xad\x03w\
Y\x99\x9b\x99ON\x9a5\x0f\xbe\xec\xea\xed\xf7\xd2\xfc\
\xc9<\xc0>\xf1\xa3\xcf?\xfd\xaa\xdal\xa5\xed\xd6n\
Z\xa7\x9b\xf7h\xab\x12`u\x12\xc1\x9e\x04\xb0\x92 \
\xe0\xa02J- \x08\x1e\x194\x04\x9e\x99\xf0\x17\xbc\
z0\x19\x00\x862\x07\xc0\x01\x18f\xa8_\x00J\x80\
\x0a\x99\xf3\xda0\x1d\x98\xad\xb7\xf7(,\x0bl7=\
\xdb\xe9\xe0Z\x14\x5c3m\xd0\x22\xae\xfb\x1a\xb5\xd3\x09\
\xe0\x9b\x9e\xb7\xb0\x00?\xd3\x92\x0f\x11\x9d\xa3 \xda\x13\
\xa8@\xf26\xae\x05X\xb4(\xc8\x8ea(d\xc1\xae\
I%4\x00\xa1\x96\xfdc\xac'\x9f\x0f\xfe\x05*@\
\xa3A\xadU\xac\x1c\xd2]\xaf\xd496\xe0\xa3\x99*\
\x0dx\xaa\xef\xa6'\x94I\xc5\xf9b\xb3\xb3i\xee\xd4\
\x0a\x953\x9e\x1eW\xb6R\x9b\x16\xe9\xcc\xc5\xcb\xe9\xf4\
\xf9\x0f\xe8&:\x89-\xc3RQ\x17Q\x19\xf9\xcf\x9f\
`P\x00\x14\x95\x98\xab\xed\xcd\x92\x15?\xb0\x96\x14\x0e\
H\xe1ub\xe4}\x14\xd6.\xc2\xfb\xef\xbf\x9fN\xa2\
\x04\xe5[^)\xc2\xfa7\xf2L>\xc9\x87\x92\xcf\xf2\
\xa8wy^R\xce\xe3\x9b\xa2\x1c\x93\xfc\x94N\xca\x8d\
\xc0\x90\xc2\xc2\x8ec\xe1\xf8W\xe6\xa5\xf8\x87\x05\xdcK\
\xf7\xee;\x83}?\xad\xae\xae\xa6\xe5\xe5r\xea\xc2\x90\
\xdf\x88\xb7|\xae8\x1c\xa0\xc2\xff\x87Q\xc9\xef\xe8\x03\
GDP\x80\x95V\x9e\xc3(\xd6\x86\x80\xe2\xf0\xc3\xbd\
\x07\xf7\xd2\x93\xcd\xf5\xb4\xb0\xb2\x9c.~\xf8a:\xe1\
n\xbbE\xbdf:\x08V&\x17\x98\x1bW\x1e\x87y\
\xf3\xa8s\xe8\xa1\xde\xa8\xa5\x9d\xfav\x9a\xa2\xc74s\
r\x16\x1d\x18O\x9b\xf5F\xfa\xfe\xf1z\xba\xbf\xbe\x99\
*`\xc0\x0e\x8d\xb2X x=\x01\x07\xb60\x5c\xc6\
]p\x0c/\xbe\xe9So\xc3\xf0 >\x0d\x94.:\
\xdf\x01\xa4\xda\xf4\xc4\xbc\xee#Wy\xd3\xbe\xcc\xc5(\
/Cy\x1ar' \xb9\xa4&\xbe{\xb0Y\xa5\x81\
\x19\x82\x95 \x16`\x85\xedv\x12~\x05\xab\xf1\x0a\xe8\
\xfa\x0ce\xdc\xc0\x1c{F\xf7g\xb3\xd5\x0c\x8bb\x9b\
Bl\x09\x00\x00\x90\xc8\xd9\xc6\xbck\xd3omr\xbe\
\x8bY\xba\x8bi\xd8\xc4\x96lplx\x04\xb0Z\x00\
Y\x13\x13\xb39\x8d\x05\x83k\x11^\xd7\xf4\xc8\xf3-\
\xc0\xabE\xa6Zd\xaa\x06\xbb\x0f}C\xb5\xbe\x91\xee\
<\xab\xa6G5\x0a\xa9\xd9K[\xce]j\xb6\xd3\x83\
\xedjz\xb0SM\xdb{X5\xa4\xd9$\xcd\xfa\x0c\
i\x9a.\x05\xb7\x8b\xd5\xd7v\x12\x1d\x16R\x1d\x1e7\
\xe0\xf9q\xad\x86%\xb4\x8b\x85\xd8O\xdbX\x8a\x95V\
;m\xd0:l6\xc8[\xab\x9b\xb6\x01\xa6:\xc6q\
\x03 kx\xdc\x9f \xcf\xddt\x9f\x82\xba\xf3\xf4\x19\
 T\xa7U\xe9\xa5\x1d@\xb4\xd6\xc1\xba\xc3\xed\xf0\xdc\
\x0e-t\x8b\xf8z\x94G\x9d\xf0\xed\xbd\xf14\xe7,\
`\xdf\xa8\x91\xe7\xbcQY\x01\x14\xfc4qm\x5c\xe2\
\x8dK\xf8g\xd5\xcaKnr%\xbd\x0e\x85\x89?\xe2\
FiT\xb9\xc3\xca\xe0X\xee\x8f\xed\xf2&+_\x8b\
\xca\xceJ9\xb6!\x8d\xc6\xa7\x7f\xe9\xf0\x18\xb8B\xb7\
\x82\xef\xf27P\x04\xfe\x0f\x04\xf2\x0dR\xe6\x09nu\
\xa6w\xa8\xc8\xc6\x1cg\xf4\xc8?\x9d|\x1aV\xcd\x8d\
:@\xc6\xec\xda\xb8\xf9\xa2o\x96t\x83\xbc\xf2\x8bX\
y.\x0fO\xc4c\x03\xf7z\x94\xd3\xcdc2?,\
\x12e$,\x1f\xce\xa7\xd1\x17w&\x98\x99\x9f\x8d\xc9\
\xc3\x13\xe8\x91k\x05\xf3\xb8\xady$n]~4\xf2\
\xe1E\xf8y\x8a\xb3D\xb2\xb4\xf9\x0cg\xc8^\x0c\xb9\
\xa0\x9bS'\xe7\xd3$n\x97\xb8\xd5\xc5]t\xa8\xc6\
\xb3\x1b\xe8\xfbz\x13\x9dG\xff\xb7v\x9b\xb8V\xaa\xb4\
9vh\xac1Z\xea\xa0\xa8\xba\xdeR\xa71@\xda\
<\xa7\xf3\xf9\xb6\xbd\x17\x8d\x96\x09\x01\x0c#\x80\xf8B\
\xb2\xc8\xbf\xec\x95\x14uWx8\x14\x94\xcb\xd9cv\
H\x9c\x191\xe4 \x9f\xd6Q\xd4\x15]\xc7\x08\xc7o\
\xdcnM\x8b\x02i\x11\xa0E\xe9\xb5\xc8c\x03\x06\x1b\
\x1c\x9b\x13\xfb8\xfa\xa3\x80E\x07@j\x07Pi\xf6\
\x91\x01\xee\xedN\xec\xc5y\x09`-ALP\x0a\x07\
xaq\xb4\xc8HK+\x86t\xdad6\xd2\xc3\xed\
\xa0\x10\x0fk\xdb\xe9\xde\xb3g\xe9\x11\xd6K\x15\x84m\
\xc0l\x13\xeb\xa8\x09\xb2n\xf9\xdau\x0f\xab\x08ak\
\x06\xc0\xf1<\xf14\x03\xf0p\xc4\xbbM\x1c\xeb\x14\xee\
#\x94Q\xa0ZG1\xd7k\xf5\xb4\xc1\xf5\x06\xe7\xee\
\x19\xbf\x05\x18\xd7\xc8p\x0b\xc1\xedi\x15\xce\xce\x90\x9f\
\x1cW\x07\xb7\x83\xe9\xfd\xb8\xb2\x1d\xcfU]\xfa\xd0\xc3\
\xfc,\xac3\xad\xb0\xce\x1eyw \x91\x8aw2\xdc\
6\xd6\x1f\xa2E\x97\xe2LZZ:\x852\xf8\x86\xb0\
\x14\xa1L\x07\xaeb\xe3\xc2\xe2\xfc\x0d\x93\x95Y\x82\x8b\
`\xe4uTtq\xd4\xbfG9z.`=z\xf4\
(\x16\xf6jmy/\x04\xbe\xa0\x10\x8c\x91\xeb\x92J\
\x9f\xb8O9Fz\x9e\xf3\x1b\xaa\xce\xdb%du\xe0\
\x0e\x90\x83\xe3\x03`\xf0f\xe9\xa4Bm\x0b\xab\xe4p\
~\x7f\xd3d\x9d\xf8RG\xab\xc77\xcf\xbey\x9bq\
\x13\x00\xac?w\xedu|\xd1\xed^\xa4r\x8d\x9d\xf9\
\xe1\xa1\xf0;\x8eb\xac\x98c\x94\x06\xff,\x22?X\
\x91pN\xbb\x11X\xda\xca6n\x17\x1e\x1a\x84Q\x1f\
v\xb9\xe7\x8a`\x9d\xe7\x1dx\xdb\xc5\xb5q\xe50\x8e\
\xe7\x1d\xf4\xaf\xa3\x11\xa3?\xfa\xd9\xa3\x8c\xfb`G\x9f\
grc\xac\xcb\x89[ge\xb9\x0f\xca_\xe6\x0ed\
#\x02\xc5}\x9d\xf9\x95\xccj\x8c_G\xdd\x91\x87}\
\x00e\x9f\xc4M\xa8O\xa2{\xbe\x1d\xa0k\xb5\x0f\x18\
\xec\xe1\xbcg\x17\xaf\x0fh\x85\xa3\xee\xbb\xb8N\xe1<\
\xd7\xb55\x09qm\xe20#m\x98\xef\x94@\x87\xcb\
\xddC\xe3\xcfh\xdf\xddw\x00\xad\x91jN:\xeb\xa1\
<\x84w{\x89.\x09\xc4\x97_\x1c\xff\xa10\xe4\xa9\
g\xeb\x08\xe3\xb1\x19\x97\x5c\x93\x0bM\xc4\xca\xf6vz\
\xe2g\xb5T@\x94r\x1c^U\xa4\x16\xca\xd8\x02\xa4\
\xda\x00\xa0o\xf2N,\xcc\xc7N\x10\xf6\xff\xa7\x9d!\
K\x97\xb2l\xd1\x9c\xa5\xde#||Q\x84B\x81\xe5\
\xe4\x87+|Sc\xd7\x0d\xaf\xe4\xdb\x5cgB\xf8\xaa\
v\x87.\xea\xa4\x1b\x9d\x9d>\x1b[,kEEa\
\xbf\x90\x0e\xd4\xca[\xa5\xb2\xb2K\xe7\x0c\xf5\xc5\xc5\xc5\
\x18\xa7R9\xee\xde\xbd\x9bn\xdd\xba\x15\x93C\x1d\xd8\
\x1c\x00\x5c\xc1c\xf9\xdc\x8b\xc88l\xbd\xdf]\x8e\x0e\
\xd2\x91\xa0%\xbf\x01X\xa5\x93\xca\xa33\xa2ghP\
\xb4|_\x9c\xaf\xdf\x08\x05?\xf2\x9e\xad<\x95\xdc\x17\
\x01\x8e+\xba\x861\xbe\xa8\xa4\x0cr/,\xc6\x82r\
\xce\x8a\xfc\xbd0O\xc6\xeb!+~_\xb0\xe3\x19\xd7\
\xdc\xf5\xd1)\xdf\xe09f\xdc\xd58q\x90\xbb\xd7G\
\x1fi\xcc\xd19{\x0f\xae\xf7\x08\x17\xe7\xe8\x9fG\x80\
\xcdn^^\x9d\x01\x1e\x10\x9f:\xeb\xbe\x97^\x9b\x9c\
\x5c\xe9LM*\xb9+\xb8\x0d\x0a\x19+\xceG\xc9\xac\
\x0c\xefx\x14\xcc\x89\x97\xca\x0e_\x22\x19\x8f\x1d/\xe3\
\x8d\x80o\x19T\xd5,\x8eaF\x06\x13^Yh\xd1\
\xb9\x89\xbb\xf6\xaf]z\xa2sR]~\xb9\x81\xa7G\
\x5cX\xe3Q\xbe\x99\xfdx\x9e\xf8\xa2w\x0e\xf8D\xab\
\xc2\x1d'\x92\xfa\x99\xad\x10$\x1f\x8f\x87\x8a\x02\xees\
\xf4-a\x11\x8d,\xc7\x9bC<\x05\xaa\xba_\x09q\
\xbd!H\xe2T\x0b+\xf8\xd4\xaa\x83\xa8\xa7\xd22\x0a\
\xea\x97i\x96\xe6O\xc6q\x91\x96\xca\xaf\xd8\xd8%\xd0\
P\xf5\xed\x84`\xe4\x12\x1a\xd1(\x90;f\xa7\xeb?\
\x16`\xa5)\xefdJ\xf7\xff\xf1me\x1b\xf3\xca}\
\xae\xfc\x18\xc4\xc2\xfc\xa9\xb4\xb4\xb0B>,\xaf\xd1\xaa\
\x18!\xbb\x7f\xe1\x083h\xfd\xdf,\x95\xe0R\xba\xb0\
z\xccSA*\xa9_\x02\xfa\xf8\xe3\x8f\xd3\x97_~\
\x09\xc0\x9eNO\x9f>M\xdf}\xf7]\xcc\xbb\xd2\xca\
r\xd5B9Q\xb6\xb4>\x0esk\xd9\x8f\x8e\x87\xa9\
DY\x91\x8e'\xc3\xbeI\xb2\x18\x03\xac\x8a\xf3 \xcb\
8\xc4\x06\x8f\x98\x860\xe4\xcb\xfa\xf6\xcbG\xbe\xe1r\
l$\xcbWIJVH\xd7['Y=\xec\xfc\xef\
\xdbs\xe5\xd7\x09\x99N\xa3\xb4\xb1uuA,\xb8\x16\
\x08\xa21\x81\xcb\xa2~}F]\xf2\x7f\xd6\xa0\xec\x86\
\xd7\x99<\x0f\xeb*\x1c\xe5\xc1\xb1\x8f|\xeb\xdct\xcf\
9\x83:p\x8arQnx\x16\x7f\x18\xa0\x18i\xf0\
\x91k\x0d\x8a\x0cJe\xf1\x0a\x1c\x02U.\xe6l\xd4\
f\x03#\xc2\xc2WXU\x11\xce\x92\x95q\xc2\x05\xef\
F\xe0?\x9f\x09\xef\xe7(\xf2\x17a\xb3\x15\x15\xb2c\
\x5c\xe8d\xce\xbb:\x19\xf5g\xa6\xfc\xaf\x97\x81q\xfe\
\x8c\x18\xa6\xdc\xec>|xHp\x12v\xdc\xee\xb8t\
\xe3N\x1d\xc8X+\xbb\xc4b\xa4\x9eG\x99\x8bOq\
\x8c\xd7\xc5\x9c\x18\x22R\x93\xa9`2_f\xa2K\xb3\
\x9f\x97\xd4\xf8U\xd8\xfc\x0cq\xc5;\xde~|\xbd\xb5\
\xde\xaa\x85s\xf0m\x96>\xfe\xd2\xearZ\xc6\x9d\x5c\
t\xc3z@\x0a\x0bj\x19wji)\xad,\x9cL\
s\x98\xbf\xbe_pa\xe7>`\xe7\xf7\xfe\xe55~\
\xd4\x98\xeb\x05\xbb.)\xa0\x8f\xae\xe2\x86\xc2S+\xe3\
8_m;\xd6\xd4\x01\xac\xfc\xca\xac\xbb*\xba'\xf4\
4\xe0\x07cQ\xd1\xa3\xe3\x1e\xfe\xcb\xea\x9e\x05E3\
\xff\xb0\xd2\x9a\xddR\x00_\xc5\x1d\xa6,\x8cCw\xd8\
\xcfgJ \xd7\xbar\xe6\xfa\xa7\x9f~\x1a-\xf8\xf5\
\xeb\xd7\xd37\xdf|\x93\x1e?~\x9c\xea\xb5z,A\
riT\xa4\x151\x0d\xc9k\x85\xce8\x05-A\xb0\
L\xe38:\x8a\xe7\xd7!\xcb\xb5\xec\xf1\xe9\x14\x09\xdd\
\x90\xca\x1b\xe6\xd9tq\xd4\xa1c?3st\x7f\x90\
\xcd^\xbf\xc3}\xea\x95\x96\xb6\xa8\xf9\xf8\xbd-\x8a-\
\xb0q\xb0\x8d\xc8\xab#Yo\xe2\x1a\xa5\x8a\x0f\xe2\xea\
c^\xe4[\x05\x01\xac\xfc\x12\x8c\x1fD\xd5\xea\xf5\x0d\
\xaed\x99\xc78\xa4O\x142\x15\x8e\x9fq\xc4\xcf\xf8\
\x0a\x17\xd9\xf2\xa8#ne\xdc\xaf\xe6\xb8\xbcF\x1e&\
I+vP\xb0\xc7\xa0\xacSv!\xab\xb8<\xd6\xa5\
\xcc#\x07\xd1x\xb9\x12\xa4\xe8Z\x10\xb1\xc5\xae|\xab\
\xddZV%\x88\xf9\xf3\xb9\xc0\x13\xa3\xe4\xda\xde\x10E\
\x10\xec\x04\xa8E\x83'\x8f\x1cx\xa6$\xc7\xf9\xca%\
Ce\xfde\x1d\xb4\xdc\xe0+\xf2ONc`88\
PH\x15V\x02\x85\xa9\x14\xf0\xc4\x7f\xfc\x22\x9a\x92\x86\
\x89D\xaa\x5c\xeac\xb1\xf9\xf3H/\x9c\x02qR?\
>2RD\xe9\xfd!\xc1\x88\x0c\xc0H\xa4C\x81\xe6\
\xd9\xb3Yal\x05\xf5\x8f\x16\xc2B\xe1\xday^\x8e\
\xb78q\xd3\xa8\xdc\x5c\xdeM\xb9\x9c\x8d\xed\xb9\x83\xaa\
\x0e\x22\xfb\xcd@\xe7\x81\xcd\x03('\x9c\x91O\x7f\xdc\
b\x0a>\x89;,*\x18\xf2\xfb\x7fi\x5cp\xea\x91\
>\xceV\x0e!\x19Z(\x0a\x85\xe3\x06tkQf\
\x07\xab\xedJ.-\xaf\xa0\x08t\x93\x890\xb8\xa4\x1c\
\x9c\xeb\x95\x8f\x04\x8f\xd4J'\x1d,\xc17I\xa3\xa0\
q4x\x00X\x80\x8b]B\xad\xceK\x97.\xa5\xab\
W\xaf\xc6r\x1bw%\xf8\xf6\xdbo\xd3/\x7f\xf9\xcb\
\xf4\xe0\xfe\xfd\xf8d\x7fXX\xd4E\x8f\xb2.\xbb\x89\
9\x9aa\x1e\x02\xd0\x0a\xf7.)\xda+\x92\xfc!\xa9\
\x1aF\xd9rN\x99\xf2\x13+\x13\x06\xf9\xc91\xbcc\
\xf6C\xfeJ\xa7\xe8\xe5\x9e\x8c2\xc4Oy\x87\xdf\x19\
\xe4\xf8\xe4\xc2BXU\xeerj}\xe4:F\x96T\
\xf8\xf8I\xc4B\xf8\xd1\xfa\x1f\xa5\xe8\xf1\xe0\x1f\xa0\x87\
\xdc\x1aW\xbb\xb5\x1b\xfa\xe1\x1eYF\x12rnc\xcd\
\xf1\xb9\xba\x8cku@\x87^\xbaL\x89\xf3<?M\
(\xcai\x1cG\x83\x18\x08\xac^\xbc8\xf4\xa1;%\
/\xe6-\x80*\xeb\x11\xff\x0b\xc1\xf3\x8a\x7f\x1es\x81\
\xf8S\x15\x9f\xa7`\x14\x01\x18:#\xd4\xbc,\x9c&\
%\x15\x11\xdf\xd4s\xb2%\x1c\x1bO\xb6\xbd8\x8f\x08\
\x04\xaa\xc2\xea0\xfdA\xe1x\x8fs\x9dO\x19V\x0a\
\xc6y\x86\xa3\x96\x81\xd6\xc2\x02\xdd=\xb7\xd5\xf0Z\x0a\
\x80\xf1\x11\xf8\x91\xfb\xd2/\x03O\x8e*\xfbB\x83\x13\
\xc2`i\x09\xd4\x07<\x09\x0cD\x06\xb2\x0b\x94*\xb6\
_w\xf6+\x1c3\xf3sE\x97t\xf8T\xe92\x95\
g\x91\xd1\xc2\xbdy*\x05\xb5t\xa5\xdf(Y\xae\xe6\
\xdf\xa3\xf7\x1c\xc39{\xf6lXY\xae\x97sLK\
Av\x86\xbb\xd6\xd6\x9d\xdbw\xd2\xe3\x87\x0f\xd3\xad\x9b\
\xb7b~\x96\x8dCI!'\x83\xba\xfa\xed'K\x22\
v\x96@\x1e\xcc\x87oG\x7f[x\xd7\x1a)\xe5B\
=\xdbC\xde\xd5\x8bi\xf8]ZYE\x86'\x8a\xb7\
\xb8\xf9\x05I\x0e\xabT\xf3\x1b\x01\x09\xef\x1d\xce\x11\xd2\
\x10\xfe>f\xf8J5\x7f\x09\xd9\x89\xb2\xf9\xa3\xa8\xca\
t\xdc\x0c\x8a\x22y>\x92\x11\xf2\xa6\xe1\x89MP%\
\xfdW)\xc7\xd0\xf7W\xa4\xc8C\xc9D$\xa5!$\
@\x04\x13\x85\x93\x91\xf0\x22D\x11\xe8 \xe1\x89\x02\xe7\
\xc2\xc8N\x12\x0f\xfa\xf4\x7f\xbb]\x97\xac\xf4R\xab\xd5\
\x8eme\x1a\x8d]\xce]\xe4\xec\x0e\x06}\x14>+\
\xb8\xfda\xe3\x8edL\x87K+\xe8@z\xf8\xc7\xee\
\x8a\x1c]\xa7\xe74\xfc\x19*S+\xca\xd6G\xa0\x12\
\x98\xca\xcf\xce\xcbs\xb4P8\xaf\x1d\x0f\x1bU\xd4p\
F[$\x1a\x88\x8d_\x84\xc1\xdf\xfb\xfa\x85IL\xc8\
\xe0\x90\xf3\xd8\x0f\x1a\xb0\x9a\x9e\x9e\xa1\xab\xb9\x10\xd3\x15\
:XaB\x5c6L\x15\x98\xc2\x05\xfb\xc6\xe6\xa1\xc8\
K\x08Fq\xfe\xaeIV\x14n\xcb\x80S\xc1Wp\
_\xa0\xfc\xb4\xb2\xbe\xf8\xe2\x8b\xf4\xe3\x1f\xff8Z\x5c\
\xc1IK\xebW\xbf\xfeu\xbaq\xf3Fl)s\xf8\
\xcd\xa1\xc7\xd2\xbd+\xb2\xdd\xd2\xaaz\x152\xaf6n\
\xe6\xd5z\xb5\xfe\xecV\x99\x17\xe9]\xf2\x7f4\x91~\
\x94\xab].d\x8cKy\x8an\xbb2F}4\xb0\
t\xd5#\xf51\xeb\x99\x0dOh\x8f\x81\x0b\xbf\xe7\x89\
\xda\x89\xff\x86s\xd8\xe3\xe9c\xdf\x02o\xd3P\xf9m\
\xcdYn)\xdb\xd9X\xc8\xdd\xac\xac\x1b\x87iXB\
YO%\x8f\xc6\x9f\x0d\x99\x1fV)aw\x1c\xa2\xd1\
\xf2\x1fU\x8d\xe0C\x97U3\xae\xc3 \x1a\x1bK\xff\
\x0f\x07n\x93\x8d\xb0\xfe\xefR\x00\x00\x00\x00IEN\
D\xaeB`\x82\
\x00\x00\xff@\
\x89\
PNG\x0d\x0a\x1a\x0a\x00\x00\x00\x0dIHDR\x00\
\x00\x00\xd9\x00\x00\x00\xaa\x08\x06\x00\x00\x00 \x08\xea\x19\
\x00\x00\x01TiCCPICC Prof\
ile\x00\x00(\xcfc``RI,(\xc8a\
a``\xc8\xcd+)\x0arwR\x88\x88\x8cR`\
\x7f\xc8\xc0\x0e\x84\xbc\x0cb\x0c\x0a\x89\xc9\xc5\x05\x8e\x01\
\x01>@%\x0c0\x1a\x15|\xbb\xc6\xc0\x08\xa2/\xeb\
\x82\xcc:%5\xb5I\xb5^\xc0\xd7b\xa6\xf0\xd5\x8b\
\xafD\x9b\x18\xf0\x03\xae\x94\xd4\xe2d \xfd\x07\x88S\
\x93\x0b\x8aJ\x18\x18\x18S\x80l\xe5\xf2\x92\x02\x10\xbb\
\x03\xc8\x16)\x02:\x0a\xc8\x9e\x03b\xa7C\xd8\x1b@\
\xec$\x08\xfb\x08XMH\x903\x90}\x03\xc8VH\
\xceH\x04\x9a\xc1\xf8\x03\xc8\xd6IB\x12OGbC\
\xed\x05\x01n\x97\xcc\xe2\x82\x9c\xc4J\x85\x00c\x06\xaa\
\x83\x92\xd4\x8a\x12\x10\xed\x9c_PY\x94\x99\x9eQ\xa2\
\xe0\x08\x0c\xa5T\x05\xcf\xbcd=\x1d\x05#\x03Cs\
\x06\x06P\x98CT\x7f\x0e\x04\x87%\xa3\xd8\x19\x84X\
\xf3}\x06\x06\xdb\xfd\xff\xff\xff\xdf\x8d\x10\xf3\xda\xcf\xc0\
\xb0\x11\xa8\x93k'BL\xc3\x82\x81A\x90\x9b\x81\xe1\
\xc4\xce\x82\xc4\xa2D\xb0\x103\x103\xa5\xa510|\
Z\xce\xc0\xc0\x1b\xc9\xc0 |\x01\xa8'\xba8\xcd\xd8\
\x08,\xcf\xc8\xe3\xc4\xc0\xc0z\xef\xff\xff\xcfj\x0c\x0c\
\xec\x93\x19\x18\xfeN\xf8\xff\xff\xf7\xa2\xff\xff\xff.\x06\
j\xbe\xc3\xc0p \x0f\x00\x15!e\xee5\xde\xa5\x7f\
\x00\x00\x00\x09pHYs\x00\x00\x0e\xc3\x00\x00\x0e\xc3\
\x01\xc7o\xa8d\x00\x00\xfd\x92IDATx^\xd4\
\xfdu\x98\x9be\xda\xff\x8f\x8f[f\xe2\xee\x9eq\xe9\
t\xeaJ\x85\xba\xb7\xb4\xb8[\x9d\x22\xc5mq\x16\xaf\
\xbb{)\xb6\xd8\x0a,^\xf7\x16Z|ayvY\
\xa0\xd4\xa6-\xe5\xfd=\xde\xd7\x9d+s'\x93)e\
\x9f\xe78~\xbf\xcf\x1f\xef#\x99i:\x93I\xeeW\
N\xbd\xce3#b\xd7A*\xea\xd0!`\xd5\x22?\
;\x0b\xd9\x19\x19\xc8\xce\xceB\xb1\xa6\x10F\x83\x0e&\
\xa3\x1ef\x93A\xdc\xe7m:Y-&!\x9b\xd5\x0c\
\xbb\xcd\x02\x87\xdd*\xe4t\xd8\xe0r\xda\x13_\xbb]\
\x0ex\xdcNx=.\xf8\xddN\x04<N\x04\xbd.\
\x84\xfd\x1eD\x02^D\x83>\xc4B~\x94\x86\x03(\
\x8b\x04Q\x1e\x0d%\xa9\xb24\x82\xaa\xb2h\x92\xaa\xcb\
c\xe2\xb1\xfc\x195\x15\xa5\xc9\xff^\x1eEe\x85\xa2\
\x8a\xf2H\x92\xca\xcb\xc2\x09\x95\x95\x86P\x1a\x0b&\xc4\
\xc7{]^def#+\xa3eedd\xa2\xb0\
\xa0\x08\xd1p\x18\xa5\xb1\x08b\xd1\x10b\xd1\x00\xa2\x11\
\xbfP$\xec\x13\xb7\xfc\x1e\xc5\x9f\xcd\xdf\xa5\xfe\xddj\
\xa5>/\xf9\xbd&\xf1\xefhRy\x19\x1f\x1fAY\
)\xff\x86\xe6\xaa\xac\x88!\x12\xf6\xa3\xa8(\x1f\x99\x19\
\x19\xc8\xcal\xae\x8c\x8c\x0c\x14\x17\x15)?\xbf\x22\x94\
\xf6\xf7\x08\x95EP\x11\x0b\xa7\x15_\x7f\xb5\xf8\xfe\xf1\
}\xe4\xfb)\xdf\xd3\x80\xc7\x81\x82\xdc,\xe4ee \
'+\x03\x99\x99\x99\x09\xf19h4\x1a\x04\x02\x01x\
\xbdn\xf8\xe2\xe2u\xc2\xebE\x8a\xd7\x12\xaf)y=\
\xf1k^\x7f\xfc\xff\xb99\xd9\xd0\x96\x14\xa3\xa4\xb8\xa8\
I\x9a\x02h5y\xd0\x97\x14\xc0X\x92\x0f\xb3\xb6\x00\
6\xbd\x22\xbb\xae\x08\x0e\xbd&!\xa7\xa1X\xc8a,\
\x86\xdd\xa0\x81M_\x04\x9b6\x1fvm\x1e\x1c\xba<\
8\x0d\x05\xf0\x98\x0a\xe1\xb7\x16#d\xd7\x22\xe2(A\
\xd4\xa9E\x99K\x8bJ\xb7.\xa1\x0a\x97\x16\xe5\xce\x12\
\x949\x8a\x91\x11u\xe8!%@s\x19\xe1\xb4\xe8\x91\
\x93\xa5\xfc\xd1\x99\x99\x19\xd0\x14\x15\x08\xc8$hjY\
\xcc\xc6\x84\xd2A\xc6\x17CB&\xc1R\xbfh\x84+\
\xe4s'\x00\xe3\x1b!%\x01K}3%d\x04\x8b\
\x22T|\x1c\x7f\x96\xfc\x9eZU\xe5\xb1\x04d\xa9\xb0\
\xb5\x04YEy\x18A\xbf\x07\xd9Y9\xc8\xcc\xc8j\
\x06V\x13`\x19\xd0\x14\x16\xa34Z\x86\xb2\xd2\x18b\
Q\xe5\xff\xab!\x93\x80I\xb8\xce\x04Xs\xa0\xd2\xa9\
9`-A\xc6\xc7\xf8\xbcN\xe4\xe7*\xcf5\x15.\
J\x80\x97\x95\x89P0\x80\xca\x8aR\xf1\xb7\xa7\xfe\x9e\
\xff\x0b\xc8\xa8\xe2\xc2|ded \x87\x1f\xe2\xe2\xfa\
J\x86\xac\xa0\xa0P@\x16\xf0{\x93 S_3\xfc\
\x90\x96\xa0Q\xfc\xdal2\x8a\xff\x9f\x9f\x97\x0b\x9d6\
\x192\xad\xa6\x10\xba\xe2|\x052m\x01\xcc\xbaB\x05\
0}a3\xc8$hj\xc8\xec\xba\x028t\xf9p\
\xea\xf3\xe16\x16\xc2k.J@\x16u\x94 \xf6[\
\x90\xc5\x9c\x06H\x11\xb4\x98S\x8f\x98\xc7\x02\x83V#\
^|B\xc67\xa2 ?\x17\x06\xbd\xb6\x19d\x12,\
\x09W:\xc0\xf8\x22\xc8\x17I\xde\xe7\x8b\xe7\xf7*p\
\xb5d\xc1(\x09\x95Z\x04\x8c`Q\xb5\x95e\x02$\
\x02\xc6\x7f\xe3\xd7\x94\xfcw\xaa\x9a\x96\xad2\x96\x90\x1a\
\xb6t\x90\x95\x97\x85\x04\x18\x05y\x05\x02\xb0\xec\xcc\x9c\
fpI\xc0h\xc1b\x91RT\x94U\x22\x16\xa5%\
k\x0e\x19\xef\xa7\xc2\x95\x0er\xf5\xf7[\xfaPP\xfe\
Os\xa8\xd2}M`<n;\xb2\xb32\xc5{\x99\
\x9b\x91\x85\x9c\xcc\xccf\x90\xf1\xef\xe0\xfbUS]\x89\
\x8a\xf2Xs\xb0R K\xf5,\xe4\x07\xe1\x99 \xe3\
\xd7\x0e\xb3Q\x00F\xb8\x04d\x04<\x05\xb2\xfc\xfc|\
\xf8\xfd\x84\xcc\x07\xbf\xcf#\x94\x0e6\x09\x1a\xa5\x86\xac\
\xa8\xb0\x00z]I\x12d\xba\xe2B\x18\xb4\x850\xea\
\x8a`\xd6\x15\xc1Jp\x0cTa3\xc0\x122(\x90\
\xd9\xe3\x909\xf5\x05p\x0b+V\x04\xbf\xa5\x18![\
\x890J1\x87\x16\xa5N\x9d\x80\xac\x82p\xa9T\xe6\
,Ai*dRe.#Bn\x0b\xf2\xf2r\xc5\
\x13\xcf\xa6Y\xe7\x9b\x94\x9b-\xfe\x00\xe96\x12,\x02\
\xa5\x86K\x0d\x98\xfaE\x90/\x10_4~JI\xb5\
\x04\x97|\xe3Zr\x0d%`\xad\xaa+\x04`|<\
\xef\xd7U\x957SmU\x19\xaa\xaa\x9a S\xc3\x96\
\x0a\x99r?\x84\x92b\x8dp\x03s\xb2r\xd3B&\
\xdeP\x01X\x04\x95\xe5\xe5(/\x8d%Y\xc2\x96\x5c\
C5,\xea\xdf\x9fj\xadR!\x93\xa0)\x8fo\x0e\
Y*`\x15\xe5e\xb0[,\x8a\x95\x12\x17u\xa6P\
n&?4\x92\x01\xe3\x85Y]U\x81\xca\x8a\xb2\xb4\
\x90\xa9\xade9\x7f~\x1a\xc8\xa8t\x80\x95\x86\xa9 \
\x82^/\xf2\xb2\xb3\x9b\xb9\xab\xa9\x90\xe5\xe6\xe6\xc2\xe7\
\xf3#\x18\xf0'\xae\x115hj\xf7Q\x86\x1d\x14\xaf\
G\xe1\xf2j\x8a`\xd0\x95@[R\x04m\x89FH\
_R\x04\xa3\xb6\x08&\xbd\x06\x16\xbd\x066c1\x9c\
&\x8d\x22Z\xadT\xc0\xf4\x1a\x05\xb0\xb8\x1c\xfaB\xb8\
\x0dE\xf0\x985\x02\xb0\xb0\xbd\x18Q5\x5c.-\xaa\
<ZTz\x94[q\xdf\xdd\x82%S\xab\x94n\xa3\
\xd5\xa8\xbc\x00\xf1\x17\x86\x7fDNv\x960\xc7\xa9n\
a\xaa\x05\x93pII\xeb\xc5\x17-\x18\xf0\x09\x85\x02\
M\xbez:\xc8\xd4\x96+\x1dd\x84\x8a\x90R\x04.\
\x15\xae$\xc8\xd2\x00\xd6\x0c\xb2\xb2\x10**\xa20\x1b\
\xf5\x8ak\x95\x91#\x00K\x85\x8c\xf0\x15\x15\x14#\x16\
\xe1\xcf)CyY\x0c\xe5e\xca\xcfR\xc7tg\x02\
\xec\xb7\x80J\x95\x04,\x15(\xaa4F\xb8\x15I(\
,F\x83x\xdf\xb2\x09WfV\x022)aE\xe8\
\xa9dd \x1c\x0a\x9c\xd1\x8a\xfd7\x90\xa9\xdf\xd3X\
(\x08\x9d\xa68\xe1\x195W\x13h\xd9\xd9\xd9\xf0\xf9\
|\x08\x05\x09\x9a/\x094\xa9t\x90)\x1f\x8a\xf4\xb8\
\xf2\x04p\xbcF\xa5\xe8\x95\x99h\xc5\x0c\xc5\xb0\xd2B\
\x19\x8b\xe12\xc7e,\x11\x92\xb1\x98\x94\x1a2'\x01\
3i\xe0\xb3\x14#h\xa3\x8b\xa8E\xa9K\x87r\xb7\
^X\xac*\xca\xa3EEB%(\xf7\x94\xa0\xd4Y\
\x8c\xa8\xfd\x0c\x90\xd1m,\xa5\xdb\xa8+\x11O^\xbe\
!\xf2\xbe\xa6\xa8\xb0\x99\xf5J\x8d\xc1\xd4\x09\x0e\xe1\x1e\
\xfa<\x0a\x5cA\xbfP8\xd8\x14\x7f\xa9!;\x93\x15\
\x93\x22<|<\xe39i\xd5R\xe1\x92\xaaI\x81L\
}\xf1\xaa!\xe3\xbf\xb9\x9c6ddd!3\x0eT\
*d\x04\xac \xafP\xc4`U\x15\xd5q\xc0\x14\xf1\
\x22\x0f\x05=\x09\x8b&\x01K\x85\xea\xbf\x07,\x84R\
\xe1v\xa6\x07\xac\x92@\xc4B\xd0\x16\x15\x0a\x97\x8cV\
+/3[\xdc\xa6BF\xf1\xbd\xa4\x9bU+\x00c\
,\x96\x0cV*\xccB\xb1\xb3\x83LZ2\xbe\x8f\x0e\
\xabbQ\x95\x18\xac%)\x90eee\xc1\xeb\xf5\x0a\
\xf0\x83-\x80\x96\xce\x9a\x15\x16\xe4%\xaeMZf\x86\
6\xf4\xba(\xa3\xaeXX1\x01\x19c-S\x09\x5c\
\xe6\x12\xb8-%p\x9b\xb4B\x126\xa9d\xc84\xf0\
\x9a\x8b\xe1\xb7\x96 \x1cw\x11\xcb\x5c\x04\xcc \xe2/\
BV\xed\xa6\xf5*\x11\x22de\xeeb\x94\xba4\x88\
:4-CV\xea2\xa0\xdci@\xc4iAqa\
A\xe2\x0f\x90\x16\x8d\xca\xcb\xcd\x11\x9f\x1a\x124\x09[\
*`\xd2Ml\x06Y(\x80\x08\xdf\x8c\xb0\xf2\xa6\xa8\
\xdf\xb0\xaa\xf2\x08\xaa+T*\xa7\x05S2\x85\x84\x8a\
\x00\xa6\x02V[]\x96V5\xd5e\xa8\xae*\x15J\
\x85L^\xc0\xbc\x1f\xf0\xbb\xe2\xf1K\xf3DG\xb6\x00\
,\x0by\xb9y\x88\x86#\xa8\xae\xaaByY\xa9\x80\
\xab\xac4\x8a\xaa\xca2\xb8]6x=\xf6$\xcb\xa5\
\xfe=\xe9\xe0J\xfdZ\xaaJ\xa5J>\x86\x90\x11\x5c\
\xbe>\xb1&)_\x87QY\x16\x15\x17uq\x81\x92\
X\xc8\xcd\xa4kH\x98\x14W\x91\xa0I\xf1k\xbe\x97\
\x85yy\xa8\x10\xd9\xd7\x98\xf8\xff\x22\xdeJ\xe3\x8a\xaa\
A.M\x81)U|\x1f)z(\xf2C0'+\
+\xee\x194Y\xac3\xc9\xedv#\x12\x0a \x1c\xf0\
!\x12T\xc4\xfb\xe1\x80\x17!\x02\xe7\xf3\xc2\xa7\x82\x8d\
\xd7\x9aFS\xa0\xc0\x1a\xbfFK\x18\x87\xc5A#d\
\x04\xccBx\xccZ8)\x13-Y\x09<f]B\
\x126\xe1B\xc6c6\xa7\x91V,\x1e\x871\xd1\xe1\
\xd4\xa1\xd4\xa5E\x99[\x8fJ\xb7\x01U\xe2V/@\
\xa3\x8bH\xd7\x91*s1!\xa2A\xd4~\x06\xc8\xca\
\x9c\x06T8\x0c(w\x18\xe1\xb7\x99\x91\x9f\x93\xa3\xbc\
P*\xc8\xa4h\xd5\xe8>\xaa\xadY:\xc8\xf8i$\
\x01\x93\x90\xf16\xe0\xf3\xa0,\x0e\x99\xccT)\x90\x85\
\xe3\xe2\xfdh\x93\xcac\xe2\xcd\xa3E\x93\x89\x0e\x91\xec\
\x88\x03\xd5\x92\xce\x04Y4\xe2C~\x1e\xff\xc6\xccf\
\x80Q\x02\xbc\xac\x1c\x04\x03\xc1\xb8k%\xad \xadc\
\x19\x82\x017\x8c\x86\xe2\x84\xcb(\xc1M\x85)\x15\xa8\
t\xdf\x93\x90\xf1o\xe5\xeb@U\xf2w\xf1\xe7\xa6\xb1\
 \xd5eQ\x11\x97\x16\xe6\xd2\xe2\x12\xb0T%C&\
\x12\x0f\x99\x99\x22N\x12\x1fXq\xaf\x81\xaf;\x81M\
\xb5^\xff\x15d!B\xe6\x87\xb6(\xfe\x01\x9d\x06\xa6\
\x96\xe4r\xb9\x10\x0d\x07\x12\xf1\xba\x94\x0c\x0d\xc2*\xcb\
\xc6[\x99\xb9f\x92C^\x9fL\xe5\xeb\xe9*\xea\xb5\
0\xe9K`%`\xa6\x12\x01\x18\xe1\xa2\xabHK\xd6\
\x22d\xfa\x02\x91\xaew3]o\xd1 lg\xaa\xbe\
\x04\xa5n\xba\x89:Txt\xa8\xf4\x18PE\xb9\x8d\
\xa8\xf2\x106\x99Ud\xbcV\x22\x5c\xc53BV\xea\
\xd0\xa3\xcc\xa6S\xe44\xc1i\xd4#+\x1e\x9c\xa6S\
NN\xb6\xf8\x83h\xcd\xd4\xber\x8b\xae\xa2\xb0bA\
\x01e\xc0\xeb\x16o\xd0\xd9@VS\xa9d\x12\xf9X\
a\xbd\xfe\x0f c\xca\x9a\x81\xf2\x99\x00\xa3\xdcN\x9b\
\xf8\xff2\xfe\xe2'~uU\xb9\xa8C\x15\x16\xe4\x88\
L\x1e\x7f\xa6t\x13\x9b\xff\x9e\xf4@\xa5\x93\x1a2\x02\
\xd6\x12d\xb4\xee~\xb7\x1dyY\x99q\x171\x03\xf9\
\xd9\x19\xe2\xeb\x96 #\x88v\xb3\x05\xd5\xe5\xe5I)\
x\xf93\xcb\xd4P\xc5X\xf3c\x22G\x11\xff\xad<\
\x0d\x5c\xa9\x90Qv\xb3A\xfc\xae\xd4\x04GK\x92\xd7\
\x92\xd3\xe9@\x94\xd7G\x0b\x90)\xa0y\x10\xf4+\xae\
$\xc3\x16^_j\xb7\x91**\xcc\x87\x89e&\xa3\
VIvX\xb4\x8a\x8bHYK\xe0\xb1j[\x84\xcc\
e,\x82\xdbT\x04/\xe30\xd6\xc3\x9c:\xc4\x981\
\xf4\xe8Q\x11W\x95\xc7\x88j\x8f\x11UnS\x1c\xb2\
\xa6dG\xcc\xa1\x00\x16\xb1\x15\xb5\x0cY\x8c\xb53\xd6\
\xcd\x18\xe8\x89t\xa5\x11Fmq3\xb8\xd4\xa2\xa9\xce\
\xcb\xcb\x11\xc1&\xad\x99\xcc\x06\xa5Z1\xc2\xc5[>\
\xc6\xefs!\x16\x09\xa04\x12P\xe2\xb0\x98\x92\xec\xa8\
\xa9\x88\xa1\xa6\x92P)\x12\x80U\xc5\x10\x0ex\xc4\x0b\
\xce\xa4\x87\x1a\xb0\xff\x0e\xb2\x98\xf8\x9e\xc3aF\x96\xb8\
\xf8\x9a\x03\x96\x15\x07\xcc\xe9p\xa1\xaa\x8a\xeeaS\x0c\
GkVUY*\x00\xa5\x15\x94\x10\xa5\xba\x8aj\xc8\
\x9a\xc1\x94&N\x14\xdfW\xc1EU\x10\x5c\x15d\xe2\
\x83\xa8,\x02\xb7\xdd*\x80bq7\x97p\xe5d\x22\
/7\x13y\xd9\x99\xc8\x8d\x8b5\xcf\x9c\xacl\x91\x00\
\xe1\xfb\xa4\xd3\x14\xa1\xb24\x86\xf2hr|%?\xe8\
RUF\xb8\xe2J}|\xaa\xa4\xdb\xcf&\x03>\xaf\
\x1cf\x11\xcf\xd2M\x94\xa09\x1c\x0ea\xc9\xd4\x805\
\x03\x8d\xa5\x9f\x80O|\x88\x132y\xad9\x1dva\
\xc5\xf8sX\xfb3\x19tp\xd9L\xc2\x82\x11.\xaf\
M\xd7\x04Z\x0b\xee\x22\xe561\x0e\xd3 \xc08\xcc\
A\x17\xd1 \x5c\xc4r\x8f\x01\x95^E\xd5^\xa3\x90\
\x80\xccmD\x85\x8b\x96,\x0e\x99]q\x15\xcf\x08Y\
\xd4i@\xc8\xa9\x17~h\xc0Z\x8c\xa0\xb5\x18\x01\x9b\
A\x14\xa6S\xe1J\xa7\x9clV\xde5p\xd8m\xc2\
\x87f\xec\x15\x8d\x04\x11\x8d\x84\x9b,\x98\xdf\x93Hw\
\x0b\x17\xab4\x8c\xaaR\xc6_\x8c\xb3JQ[\x95,\
^d!\xbf;\x09\xb0\xa4\x04G\x1a\xb0\xd2\x01&/\
\xf8\x9a\xeaR\xe1\xe6\xf1\xb9\xa6f\x10\xa5h\xdd,F\
+\xaa\xab\xcaD\x5c\xa4\x86\x8c?\xd7a7\x89\xbf\xd7\
\xefw\x89\x9f\xaf\xb6X\xbfe\xbdR\x01S?\x96\xbf\
\x8b`I\xb8\xd4\x90)I\xa1\xb0\xb0\x14\xb4^y\xac\
c\xb2\x8b\x22/\x13\xb9R\xb9Y\xc8\xcd\x89+7G\
d\xedx\x11\xf3\xc3 \x16\x0e\x88\xd7\xb9%\xa8\xceF\
\xa9`I\xf1k\xc6\x86E\xf1\xd80\x9b\xf0\xfcN\xc8\
\x18\x93E\xc3\xc1\xa4\xccs:\xd0\xa2!\xbf\xf0\x9a\x92\
?\xd0\xdd\x02:\xe9u1\xdb\xe8\xb6\x9b\x14\xb8\xe2.\
\x22Ew1\x9d%\x93\xf2\x9a\x8aE61d\xd3\x09\
\x1e\xca\x09\x91GQ\x95\xd7\x80\x1a\x9f\x115^\x13j\
|&T{\x14\xc8*]\x06T8\xf5(s\x94\xa0\
\xd4\xae\x11\xa0E\xce\xe4.F\x5c\x06\x84\x09\x99C\x07\
\x9f\xb5\x18\x1eK\x11\x02\x16\x0d<\x16\xbd\xa8\xaa\xa7B\
u&\xe5\xe7\xe5A\xa7\xd3\xc2j1\xc3\xedr\x0a\xb7\
\x92\xa6\xbd4\x16N\xae%\xc5;\x0d\x94dF\x13\x5c\
u\x04\xa52\x86\x80\xd7\x81\xba*\xa56\x96\x9aA\xfc\
-\xc8R\x01\xa3\xf8;\x0b\xf2\xd9j\x94\xde\x8a\x110\
m\xb1^\xa9\x1fU$\x17\x8e\xab*\xa3\x02P\xbaB\
\x06}\xb1\xf8\x1d\xd2\x82\xa5\xd3\xd9\x02\x96\x90\xdaz\xc5\
UQ\xaa\x14\xe7y\x91\x9bt%\x22\xa9A\xd7\xb0 \
'\xf3\xac \xcb\xc9\xc9\x11\x19;\xd9!\xf3\xdf*\x15\
.u\x86X>7\xa5\xe8Lp\xe8\xe14\x87)\x9d\
x\xad\xe4\xe5\xe5!\x18\x0a\x8a\xc4\x87\x1a\xb2T\xd0\x84\
B~\x11\x9e\xf0ZR\xa7\xf7y\xcb\xee$y\xfd\xb1\
\xcb\xc3g\xd7\x0b\xd0d,\xa6@\xd6\x04X*d>\
sI<]O\x0bFw\xd0\x8c*\xaf\x09\xd5>\x13\
j\xfc&\xd4\xfa\x09\x989\x01\x19\x95\x80\xcc\xaeE\xa9\
\xad\x04\xa56\xc5m<#d\xc2\x929t\xf0Z\x8b\
\xe121\xcb\xc2 \xb0\x18\x0e\x93N\xd4\xcbRa\x92\
i~\x99\xeaoI\x16\x93Q\xf4\xf8\xd1\xa2\x09??\
%\xd5]]\x11k\x06Y\xc8\xefBEY\x08\xadk\
+\x05dRg\x03\x19\xad\x98\xfa\x02W~O\x18V\
\x8b^\xc9F\x09\xc8\x92A\x13\xfd\x88\xf9\x1a\x94\xc6\x94\
\xff\xd3\x04XH|\x1d\x8d\x04\x90\x93\x93\x85\x9c\xecL\
\xf1!\xc1\x9fy\xb6\x90I\xc0\xd2\x81\x9f\xf89)\x80\
Qt!\xe9\xb2\xe94\x85\x020\x01WN&\x0as\
\xb3P\x90K\xb0T\x90I\xc0r\xb2\xc4\x07\x01A\xf3\
y}\xa8,/\x13\xc5\xe1\xb2H\xbcKC\xb8\x83\xcd\
\x95\x0aVK\x90\xa9\x01\xe0ssX\x8c\xf1\xc4\x8a\xba\
\xe8\xdc\x1c\xa8t\x12@\x18M\x88F\xa3J\xcc\x1e\xf4\
\x0b\x90b!\xfe\x1eB\xc7\xdf\x93\x0c\x1d\x13n2$\
\x91\xe9}\xf95{\x18\xf93\xf9\x1a\xd1j\x05\x9cF\
q+]\xc6&K\xc6[\xc2E7\xb1\x18\x1e\x13=\
7\x05\xb0R\xa7\x09\x95^\x0bj|V\xd4\xfa,\xa8\
\xf3[P\x170\x0b\xc8j\x13\x90\xc9\xd8\xcc( +\
w\xe8\x04hR\x19\x8c\xbd\xa4X\x80\x8e\xb9\x8cJ\x1f\
#\xddE\x87\x1e\x01\x1b\x9f@\x09\x5c\x22\xe5Y\x0c\xb7\
Q\xb1ff]q<\x93\xc3\x17\x88\xae\x08/\xd2\xe6\
-;R\xb2k\x84\xc1(\xdb\x8f\x14)]\x11\xbc\xa8\
\xe4\xc5\xc6\xdb\xea\x14\xc0\xa2!/ba/Z\xd7)\
\x80\xd5\xd7T&\xa4\x86\xac\xb6\xba\x09\xb4\xd4\x94}\xea\
\x85\xec\xf38\x90+\xdcD\xe5\xb9\x09e6\xb9\x8d\xb9\
\xd9y\x88F\x22\xf1DG\xf3\x8223\xaa|\x03]\
\x0eK\xfc1-\x03&\xff\xae\x96\xa4\x86+\xd1\xda\xd5\
\x0c\xb0\xb0\xb8\xa8J\x0a\xf3\x13\x80\x09\xb8\xe2\xa0Q\x22\
\x16K([\x88\x1f\x02t\xf1\x99t*\x8b\x95\xa24\
\x12EY\x84-P\x94\xd2\xc8\x9cN\xea\xf8+5\xee\
Jg\xc5\xf8\xbd\x90\xcf\x85\xfc\x1c\x96;\x94\xd73+\
\xaeT\x98Z\x12kdt\x15C\xe1\xb0\x80L*\x1a\
\xa2\x0b\xaa\x96\xf2\xbb\xfd^\x97\xe8\x99\x95PI\xc0\xd4\
*,\xc8\x17\xef\x93\xae(\x17!\x97\x11~\x87A@\
\x96\x90E\xb9\xbe\x19\x831U\xcf\xbeD\x9f\xc8&2\
\x0e3\xa1\xdcmB\xb5\xd7\x82:\x9f\x15\xad\x02V\xb4\
\x0aZ\x84$ht\x1b\xab}\x8c\xcf\x0c\x09KF\xc8\
$h\xbc\xcd(\x8d'9x+\xee\xc7{\x18\xc3\x0e\
\xc6cz\x84\x04\xed\x0c\x065\xf1\x0a9\xdbQJ\xe0\
\xb2\x1aa`\xca4\x01Y\xdc\x0a\xa4\xe9\x8d\x93\xa2\xf5\
\xe3\x8b\xa1X\xb1\xa6\xb6#\x09\x99\xf8\x94\xa7\x15S\xc5\
a\xfc\xf4\xa6\x15kUS\x9e\xb0^-A\x96j\xbd\
\xd2Y\x0b\xde\x17}\x89\xf9\xb9\xc2z\xa5B\xc6\xbf\x81\
\xa0\xf9<>\xd4T\x97'\xb9\x88\x8a\x9b\x18\x83\xd1\xa0\
\x14\xe8\xd9\xc2\xa3\xfe\xb9\xa9`\xfd^\xb5\x04\x99\xf2\x1a\
\xb8QHp\xb2\x9a\x00K\x85,?\x09\xb4la\xc5\
LF\x83\x88\x83\xf9\x9aG\xc3\xd14\x905e\x0e\x93\
\xb2\x88i,WK\x90\xc98L\x93\x9f\xa7\xc4\x88\xd9\
\xbf\x1f2\xbe\x9e\x85\x85Jsp0\x18D\xe8\x8c\x90\
\xf1\xf7\x87D,&\x0b\xd2\xa9]!\x12:\xfe\x1b\xdd\
d\xba\xaf.\x8b\x16\x01\x971\x092\x9fU\x82V\x0c\
\xafE#\x1a\x7f\x03\xb6\x12a\xc5\x08\x18\xddDZ0\
\x02\xd6:lE}H\x91\x84-\x01\xda\xd9B\x96H\
z\x102\x02f\xd7!D\xb3j*\x86\x93\x90\x994\
\x0ad\xa2\xf7K\x07\x97\xc5(\xba\x0b\x147P\xe5n\
\xa5\x01\x8dV\x8c=\x8f\xd2MT\x1ag\xfd\x22E,\
!\x13\x80\xa5X\xb1p\xc0%\x0a\xd0\x04\xeal!S\
[\xb1T\xc8\xd8\xc3h4\x96(\x1d\x08Y\xd9\xa2\xf8\
\xac\x86\x8c\x7f\x87\xddjO\x0bXuU,\x91\xe8\xc8\
\xce\xcc\x12\xfdu\xfc=\xa9V\xee\xbfU:\xc8\x98Y\
\xf4\xbal\xc8\xcf\xc9J\xc4_\x12\xb0T\xc8\xa4r\x09\
b^6\x9c\x0ek<\xeee\xc33\xe1\x89\xa04\x0e\
\x97T*\x5cM\x90\xd1\x92)J\x05L\x0d\x99\x94\xa1\
\xa4H\x01,+\x03\xf99\xfc@m\xfa\xf0b\x96/\
\x15\xaaT\x890\xc2lF(\x14D0\x188#d\
\x04,\x12\xf0\xc3\xed\xb4\x8b,5\xebd2\x83\xad\xee\
\x10\x91\x16\x8e\xb9\x00\xf1\xa1X\x98\x8b\xa0\xcb\x04\x8f=\
\x0eX\x0ad\xa2m\xca\xae\x15\x06\xa6\xd4iD\xa5\xdb\
\x84\x1a\xaf9\x0e\x98\x0d\x0d\x11;\x1a\x22\x0eq_\x82\
\xa6\xb6h\xd2]\x94\x92\xb0\x09\xc8\xd4VL\xc4c\xf1\
\xf3e!\xab\x0eABF\xa8\x8cEJC%a\x93\
\xed',\xeeY\xb5\xd0\x96\x14\x8a\x007\xa9\xce\xa4\x02\
M\xa4\xf6s\xb3\xc5\x0bB7\x91\xf1\x8c\x94\xb4d\xbc\
\xc8\x08\x13\xe1b\x92\x83\x96\xab\x94]\xec!\xaf\x88\xc3\
\xd4`\x9d\x0dd\xa9\x80\xf1\xe2\xe5\xf7\xfd>g\xc2}\
MR<\xbdm\xd0\x19Q]Y\x9e\xb8\xe8\xd5\x16\xcc\
\xe7u\x88\xff\xab\xc4\x95t\x13\x99\xecP\xba\xeb\xa9T\
h\xceF\xf2\xff\xaa%^\x93h@\xfc;\xa1&4\
\x04L\x0d\x97ZE\xf1[\xa6\xf0\xf9\x89\xad+.\x12\
\xb53\xfe\xac\xe4\xd3\x00A\x94\x0a\x80\xe8\x0e*R\xdc\
Cy\xd6-\xf5V\xe5>\xa6\x81L&:l&}\
\xc2\xc2&\x5cWULH\x0f\x86\xaf/\xc5RI:\
\xc0hm\xe8\xfe)\xdd\x1d\xac\x8f1\xe6b\x1c\xa6\xf4\
>\xaaE+\x1cp\xbb\xc4)\x8eH$( #P\
\xb24$A\x93\x16\x8d\xf7\x99\xe9\xe6\xef\xb1\x99\x8a\xe1\
u\x19\xe1\xb3\xe9\x11\xb0\xea\xe133\x93X\x22\xd2\xf5\
\x0ad:\x91\x8f\xa8 `\x1e\x93\x88\xc1Z\x87\x14\xc0\
\xdaD\x9c\x022\xdeWC\xa6d\x1a\x15\xc8\xa45S\
+\x83\x1d\xf7\xe9 \x0b\xdb\x08\x99\x16Afa\x8cl\
\xfd/\x82\x83\xa0\x19T\x90\xb1\xd1\xd2R\x04\xa7\xbd\x04\
F\x83\x06\xd9\xd9\xca\x0b\x96\x0a\x1a!c\x80\xca\xf6\xa3\
h\x84\x9f\xaaM\x90\xa9/\xce\x9aJ\xc5z\xd5\xd7V\
$\xb2\x89\xbc_\x7f\xb6\x90\xc5-X:\xc8xKX\
\xe8&*VL-\xa5\x95\x8aM\xbf\xec^g\xfdL\
&c$`<x\xc9\x0bF\x04\xd2y\x05\xc2*H\
\xcb#\x95j\xf9\xceF\xe9\x00\x13\xf7cA\xd8\xac\x06\
\xe4\xe62=\x9fl\xbdR\xc5\xda$3x\x9a\xacL\
\x9c\xdb\xa1\x1a\x0d\xd5\xa5\x08\x05\xbd\x88F\x9b\xce\xb3\x9d\
\x19\xb2\xb3\x93\x1a0\xde\x120\x17\xbb\x81\xb2\x9b[\xd3\
\xdf\x0b\x19\xb3\xcf\xd1\xb0\xbf)=\x7f\x06\xc8(\x0f\xad\
\x18\xdb\xae\xc2\xc1D\x03:\xaf\xad\x96 \xe3m^n\
.rs2\x05d~{s\xc8Do\xa28\xeae\
B\x95\xd7\x8c:\xbfY\xc0D\xb0\xdaD\x9d\x0ad\xe1\
d\xc8\xd4\xee\xa2\x84L\x8a\x80\xf1\xb6E\xc8B6\xad\
\xc8\xb0\x04\x98\xec`\x93\xa4\x9e\x80)RC\xe6\xb4h\
\xe0\xb0\x14\xc1e\xd3\xc2d,n\x06\x1a\xef3\xe5\x1f\
\x0a5\xf5*\xaa!\xe3\x85F\x08\xd8\xb9 -\x18E\
\xc0\x18\x8b\x10\xb2V5\xc9.\xe2\xd9B\xa6N,\xd0\
\xc2Y\xccJZ7\x1d`\x05\xb9\x05\x22va=\x8c\
.,\xdb\x89\xe4s\xe3E_T\xd8\xd4\x80\xea\xf5x\
\x04\x88\xca\xe3\xceN\xea\xce\xfc3\x89\x8f\xe5\x05m2\
\x96 7\x87\xaf]&\xf2\xcf\x00\x19-\x1c\x9fW\xc8\
d\xc2-\xc3{\xe2\x91+\x07\xa0\xccgCX\xbc\xce\
\xff\xb7\x90\x95R*\xc0\x9cV\x93\xe2\x1e\xc6\xad\xec\xff\
\x062\xbb\xdd\x96\xe8\xf28\x13dt\x15\x83\x1e7\xbc\
.G\xa2\xb9\x81\x001>k\x092\x8a\xdfc\xba\x9f\
\xbf\xcbd(B\xc8i\x14\x90\xf9-:\x01\x1a\xad\x18\
\x93|Q\xb7\x11\xe5~+j\x02\x16\xd4\x87,\x8a\x05\
#`Q\x02\xa6X2\xe9.JW\x91\x89\x0fv|\
\x88\xf6*\x15hM\x90\xb9MJV\x91\xb1X\xbc6\
F\xbf4`\xd5\xc1G_\x95YE\xd1fR\x22\x12\
\x1e<1\xca[)\xa5\x0fL\x91\xc7\xae\x87\xd5\x5c\x22\
>Y%h\xfc\x84\xb5\x9a-\x02.\xbf\x8f\xdd\xd5|\
\xc3\xe9&*\x17\xb2\xb422\x16#`t\x11\xd9\xfb\
\xd6PW\xa5X\xb2\x14\xb0ZL\xe1\xb7\x00\x19\xef\xf3\
\x22#P\xc9\xae\x22[\x91hq\xe9\xaa(\x89\x0e>\
\x1f\xe5<\x16\xe1\xe4\xff\x8f@\xafS\x5c\x0d\xf1\x06\x19\
\xb5\x09\xc0d\xf9!\x9d~\xcbb\xa5J\xba\xcd|\x9e\
:m!\xf2r\xe3\x80\xe5g\xa10/\x0b\x9a\xfc\x9c\
\x84\x0a\xf3\xb2Q\x94\xc7\x0f\xb1\x0c\x14fg\xa0o\xab\
R<u\xcd ,\x9a4\x02\x97v\xa9\x85\xcfa\x16\
\xafq\x02\x0e5\xc4)I\x15\xf5\xbf\xa9\x81J\x05\x94\
\x8a\xa8F(XL\x1cS\xd1<\x09\xc3\xd4=\x95O\
\x0b\x1b\xcfp*\xa0e\xa6\x15\x13g<C\xc6C\x9a\
\x11Z\xa6\xb3\x80\xcce\xb3\x22\xcc\xc7\x07\x99\xe6\x0f \
\x16\x09\x89\xe6\x06\x82$\xfba\xe5q*J&Ax\
\xab\xd1\x14!''Cd\x19\xfd\xbc\xc6\xad:\xf8\xe9\
:\xda\xf4\x082\xcb\xee6\xa1\x92\x99\xc4\xa0\x92\xe8h\
\x1dV\xe20Z\xb16\x11W\x1c\xb2dWQ$=\
\xd8 \x1c\x87K\xc2&\x95\x04\x99,@\x132>\x01\
\x06\x84\xac\x1b\x9c\x1926\x5c*\xf2\xd0\xfc:\x0cp\
\xda\xf5(\xd6(\x9d!\x85\xf9E\x08\x05B\x89\xb6\xaa\
\xa6XLB\xa6\x80@\xc8\xe8*\xb2}\xaa\xc9M\xac\
\x10\xf1X\xeb\xda\xaa\xff\x15d\xb4b2#\x98\x1c\x87\
\xd12e\xc1as\xa0\xaaR\xe9AT\x1f\xf7\xe0\xcf\
\xa1\xcb&\xeb~\x9a\xa2\xfc80L&$[\x9fT\
\xa5B\xd6\x92\xe4\xe3\xf9<y!\x97\x14\xe7\x0b\xb8\x0a\
\xf2\xb3\x12*\xcc\xcfN\x82\x8c\x85g>\x1f\x8fQ\x8f\
\xc9C{`\xe1\xa4\x91\x98}]\x1f<}\xc5\x00\xb4\
\x8fzD\xf7\x89\x1a\x88\xff\x162\xba\xc8r>\x09\x15\
\x0e\xb1s\xc7\x07\xb3I+\xe2\xbf\x82\xdc\xe48QX\
$c1\x1a\xaac\x8a%;\x0b\xc8\xf8\xda\xea\xf5z\
\xd1\xe1\xa1\xeeML\x07\x99Lxx\x1c\xf6\xc4\xf7\xf8\
\xefe\xd1H\xa2\x11]\xc6eR\xd2\xaaI\xc8\xe8Z\
f\xe7d\x8bq\x04!\xa7\x09~Z3\xbb\x01A\x87\
\x11a\xa7\x11\xa5\x1es\x022Z+\x09\x99p\x13\xc3\
.\xb4\x0e;\xd2\xbb\x8a*K\x96\xaaf\x90\xb1\x00M\
\xc8|,\xda\xa5B\x16\x07M\x0d\x96\xdb\xc2\xc2^\x93\
<4\xbf\x0e\xa38Z ^t\xabCt\xae\xf3\x0f\
U\xbb\x8a\xc9\x90\xc5\x04 \xb4bA\x9fS\xbc\xf92\
\x16#`\xff\x1b\xc8\x08\x18\x8f\xb0\xc8#\x10j\xc8\xf8\
\xfc\xb4\xc5:q\xb29\xf5<\x15\xddF\x8f\xdb&\x12\
:\xf2\xf1<+FK\xa7\x06\xac%\xd0RajI\
\x120^\xc0\xc5\x9a\xbc\x84\x05+\xc8K\x0f\x19\x93 \
\x9a\xac\x0c\x0c\xac+\xc5SW\x8f\xc2\xdc\xf1\xc3\xf1\xdc\
U\xbd0\xe7\xba\xfe\xb8uD\x0fq\xa2=\x14U\xe2\
\xb1\xdf\x03\x99\x1a\xb0T\xc8\x12\x8a\xf8\x85\x1b\xcb\x14=\
\x01+\xe2s\xa3\xcb\x9a\xa3\xb8|1\x9b\x19\x0f^:\
\x08c\xfbwR\x9a\x95U\x90\xa5\x13\xddH\xba\x8fn\
\xb7K\x14\x9d\xcf\x062\xaf\xd3\x81\x90\xcf+\xeeS\xf2\
\xfb\x8c\xcf\x5c.\x87p\x19\xd556\x09\x9a\xb4f\xbc\
\x0e\xcdf\x13\xb2\xb33\xe0fb/\x0e\x18\x81\x8b\xba\
\xcd(\xf3Z\x04d\xb5\x12\xb2\x90=\x0e\x18\xe5D}\
\xc8\xde,\xab\xd8\x12d\xd2\xb2e\x94{\xcc\x022J\
\xe9W\xd4\x89:\x81W\x1c\x03\x88\xd7\xc7\x92\x92\x1d\xbf\
\x01\x99U\x0f\x0f\x03v\xa6\x9c\xf3\xf3\x10\xf4\xd3gV\
R\xab\x9c\x98\xa4\xb81\xbc(y\x91\xd1Ud\x82\xa2\
\x14\xb55\x15\x22F`M\x8c\x16M&@\xd2%>\
\xce\x162EQ\x91\xfdT\xeatR\xca'(cE\
\x1e\xdd\xe0sP\xbb\x88\x04\x8c@I\xf7\x92\x8f\xa5E\
\xe3\xcfJ\x85\xab%\xa5\x03N\xba\x85\xf2\xfb\xbcO\xc0\
hy\x0a\x0byAf\xa08/\x0b%\xb9Y(\xc9\
\xcbnR>\xddC&7\x18{\xe9p\xcb\x88\x1eX\
6e\x0c\xe6^?\x08\xd3\xaf>\x17\xcf]\xd9\x0bs\
\xc7\x0d\xc4\xf0v\x15\xf0\xba\xad\x08\x13\xb2\xa4X\xcc\x87\
XLQi\x8aR\xe1J\x07X\x8c?\x83\x80\x19\x8a\
\x13\x16\xac\xa8 \x0b\xc5\x85,\xda+\x871{VE\
\xf0\xd4UC\xb1t\xe2P\x5c\xde\xb5V<\xd7\xdf\x82\
\x8c\xafmQa\x91\x00\x81\x8d\xdf\xa9\xb3^R\xddD\
\x91\xb6\xb7\xdb\x12_\x0b\xb1\x14\x11\xbf\xcf,#-\x99\
\x94\x1a4i\xcd\x04h>\x0f\x8a\x8a\x0a\xa0)\xccA\
\xd8e\x16\x80\xf16\xe6\xb5\xa0\xdcoAU\xc0\x82\xba\
\xa0\x05\xf5t\x19C6a\xcd\x08[}\xd0\x81\xfa\xa0\
M\x00\xf6\xbb!S[3V\xba%dl3\x11u\
1\x91\xf0P\x81v\x06\xc8|6\x838\xee-\xac\x98\
\xcd\x22\xe0\xe2\x1f\xa6\x86L\xa9\x8d)\x17\xb5\x84\xac\xba\
\xb2\x0c~\x8f]$;$d2\x09\x92\x9a\xf88[\
\xc8jk\xca\xe1t*\xc1n\x13`\x8aU\xe2\xa7h\
(\xe8Cu\xbc\xa3\xa3\xa2\x82V\x95\x99\xc4R\xf1\x01\
\xc0FZ^(\x94t\x13\xd5\xa0\xfc\x96\xd2Y6\xf5\
\xbf\xf3b.+\x0d\x8aC\x9e\x9a\x02\xba\x80\x99\x02(\
}n6t)*\xca\xcc@aF&z\xd5\x95a\
\xfa\x84QXy\xc30,\xbc\xee\x5c\xcc\xbf\xae/\xe6\
^\xd7\x17s\xae\xeb\x87\xa7\xaf\xea'.\x82p\xc4\x8b\
H$\x152/b1O\x1ay\xd3\x02&D71\
\x0e\x18K)\xf4LD)!G\xb1`|\xcet\xb7\
\x0d\xb9\xb9\xb8\xa4GG\xcc\x9f0\x12\xb3\xae9\x17\xf3\
&\xf6\xc7\xe8\x8eU\xe25\xff-\xc8\xf8>X\xad\x16\
a\xc5\xd2\x0dTR\xda\xa9\x14\xa0*bQa\xc5\x82\
^O\x13`a\xd6\xfa\x94\xc2zy4\x02\x8f\xcb\x89\
\x00GZDB\xcd \x93\xd6L\x1e\xbdb\x8d-?\
/\x1b\x1e\x9b\x1e\x11\x97Y\xa8\xcckF\xa5\xdf\x8cj\
Z*\x01\x19\x93\x1fLr\xd8\x04\x5c\xf5\x01\xbb\xa8\x99\
\xd5\x06d\xef\xa21\x01\x99P\xbcQX\x0dXZ\xc8\
\x98Y\x0cZ%d\xf1\x0e\x8fDV1>\x13\xe1\x0c\
\x90\xd1\x92q^ca\xa1\xd2\xca\xa3\xce\xee\xb4\x04Y\
uu9\xc2A\xba\x09\x1e\x01U2`q\xa9\xc0:\
\x1b\xc8\xe8&\xf2\x22\xe6\x1bMP\xd4\x90\xf1\x13\x94\x9f\
z<\x0b\xc6\x8b_\xcc\x19T\xcd\x1a\xe4\xe1?\x99\xe6\
\xe71\x11>oZ\x9cT\x90\xce\xa4T\xc8$X\xd2\
}\xe3\xefu9\xcc\xd0\xc6A\xd2\xf3\x88P\x0a\x5c%\
\xbc\x18\x99\xcd4h1apW,\xbai\x0c\x16M\
\xea\x8f\xf9c\xfb`\xe1\xb8\xbeX4\xb6\x1f\x16^\xdf\
\x17\xcb'\x0e\xc7\xc4A]D<L\xabU\x1e\xf4 \
\xa6\x8a\xa5\xce\x1625\x98e\xfc\x9b\x99\xfd\x0d\xfa`\
\xd2\x16\x09\xb8\x0a\xf32\x15\x171_\x89\xbf\xa2N#\
\xee\xbe\xa0/\x16\xde0\x063\xae\xeb\x8bi\xd7\x11\xb2\
\x81\x18\xdc:\xfa\x9b\x90\xd1\x9b\xe0\x07\x19\xbd\x1c\x82\x95\
\x1e\xb2&kF\xb7\xd1\xac\xd7\x89[\xb5\x9b\xa8\x86L\
B$KEj\xc8R\xad\x19\x7f\xaf\xd1H\x83P\x88\
\x0a\x8f\x1d\x95N\x0b\xaa\xbcVT\xfb-\xa8\x09X\x05\
dt\x0b\x05\x5cq\xc8Z\x05(\xab\xd2\xb7\xe8W\x00\
K\x85L\xdd\x91/\xc4:Y\xa9\xc7\x88\x98\x9b=\x8b\
\x1c5`\x10]\x1e\x022\xd1\xcf\x15\x87\xccX\x04\x87\
\x9c\xee\xc3&J\x15T^\x1b{\xc1\x0c\xf0\x88[\xf6\
4\xc6\x8b~V\xb3\xf8\xc3\xa4\x1f\xdc\x12d\xb4\x1c\xa5\
\xa5a\xd1K(\x0b\xd1\xd2\x92%\x8d\x11\x10\x03q\xe2\
\xaan\x12\xe7wH\xd1*I\xc8jk\xca`\xd0+\
\xcfE\xb1\x5c\x8a\x08\x0f;O\x98\xe8\x10\x87/\xd9\xf9\
_\x11\x14\x96\x8c=\x93&\xa32\xf5\x88\x8f\xe5-\xbb\
&\xaa\xabi\xdd\xe2\xae\x9e\x88e\x92G\x00$F\x01\
\xc4\xff]*\x09<y\x11\xd3\x82\xc5\x82pZ\x0c\xd0\
\xd2r\xe5\xe5\xc0\x90\x97\x0bC\x1c2Z2~\xaf8\
+\x13\xc5\x19\x198\xa7:\x82\xc7\xae\x19\x89\xa57\x8e\
\xc0\xa2\x89\xfd\xb0pb?,\x98\xd0\x1f\x8b&\x0c\xc0\
\xe2\x09\x030\xef\xdas\xb1p\xec`\x0cj\x15F\xc8\
gGi\xc4\x8b\x8a\xb0\x17\xe5a\x1f\xca\xa4\x22^\xa1\
\xf2\xa8Z>!Z))Z\xaeHD\xb1`\x04\xac\
\x22\xe4\x87\xb1\xa8@I\xd1\xe7eBS\xc0d\x862\
\xd2\xa0w]\x143\xc7\x8f\xc0\xe2\xc9C0\xf3\xba>\
\x98A]{.\x16L\x18\x84>\xd5!\xf1\xda\x11\x22\
Jf\x19\xd5b\xbb\x15\x0b\xc4,<\x87\xfdMs7\
%dM\xf2\xa3<\x12\x86\xd3j\x11YKBF\xa0\
\x9aA\x16\x89\x88\x991\x8c\xcb\x94\x01\xb3\xca\x91*\x01\
\x1a\xcf0\x12\xb4\x80\x17A\xd6\xcd\xbc.\xf8\xd9\xad\xef\
qA\xaf+F\xd8eA\xad\xcf\x81Z\xbf\x0d\xb5\x01\
\x9b\x88\xc7D\x9f\xa2\x90\x0d\xad\xe2\x80\xd5\xf9\xadJ\x83\
\xb0\x9fI\x0f\xa59X6\x09\x8bFa\xafY\xa8\x8a\
\x1d\xf9\xec\xfeps\x84\x87\x1e\x191\x8f\x01Q\xb7.\
q\xac\x85\xb5\x02\x9f8\xd0\xc6,\xa22:\xcba*\
\x82\xdd\xac\x81\x9d511\x80\xa49d\x024\xab\x1e\
\x05\xb99\x22%\xab\xaeQ\xc8\xcc\x22!S\x92\x06\xc9\
\x90\xf1\xe0&\xbb\xcek\xab\x9b\xda\xa9\xe4l\x8e&\xb1\
\xa3C*\xb9}J\xed\x22\xf2\xb6\xae\xb6Btg\xc8\
d\x07\xebM\xd2\x82\xf1@\xa9\x92\xe4(\x8d\x03\xa6X\
1\xfe?\x02\xc5\x8b\x83\xbd\x7f\xcac5\xc2\x82\xa9]\
D\xd1\xea\xc4\xa15i\xa4N(0\xbe$XjK\
!\xacY\xc4\x0f\x07gO\xe4f\xc3\x5c\x98\x0f\x03\xe7\
Y\xaa\xa4\xcb\xcbQ\xac\x97\xb6\x18\x13\xfau\xc7\x8a\x1b\
/\xc2\xb2\x89\xa3\xb0`\xdc@,\x9a\xd8\x1f\x8b'\x0e\
\xc0\xe2I\x03\xb1`|?\xcc\xba\xb6'\xd6\xde9\x12\
/=:\x1e\xb5>+\xca\xc2^TF\x08\x88\x22\xc2\
\xa6\x96\xfa\xdf\xaa\x22~TF\x15\x8b%% \x0b\xfb\
P\xce\xaf\x03\x1e\x18\x0a\x0bP\x90\xcd\xf8+[\xc4`\
L\x02\x15\xe5\xe7\xe0\xb2s\xdbc\xc5\x941X:~\
0\xe6^\xdf\x0fs\xae\xef\x87Y\xd7\xf7\xc5\xac\xab{\
c\xe1\xd8\x01\xe8]\x19\x10\xaf#\x0b\xff\x94\x84\xad\x09\
:%\x1ecm\x8bP\xa9\x87\xdb\xa6B&\x9a\x81C\
\xa1\xc4\xec\x12\xba\x8ct\x1d\xa5\x85K\xf4a\x8a\xf8,\
\x9c\x88\xcb\x94\xce\x22\xc5m\xa4;\xca\x9f%-&O\
\xd6\x07\xe3S\xab\xddN\x07\xac&-j\xfcN\xd4\x06\
\x09\x98\x22\xc5j%K\x81\xacI\xeciT\xab\xcag\
\x16\xaa\xf4\x9a\xc4\xb9\xb3r7\xc7+&A\xa6K@\
\xc6\xc9<\xecS\x14\x80\x19\x8b`\xa7\x08\x99\x99\x90\xf1\
<Ns\xc8|v#\xecF\xadxq\x8dF\xbd\x88\
w\xa4\x15c\x0d\x84\xf51B&\x8f\xb4\xcb\xa4\x07-\
[8\xa8\xb8\x89\xb4b\xff\x1b\xc8$`\x04\xa3 _\
)\x84\x13.BF\xe0x\x02\x80\x9fr\xca\x18\xb7d\
\xc0\x02~\xe5l\x98|</\x04>7\xba\x90\xbc\xf0\
\x12n \x8f\xb5D\xd3+\x152\x09\x9a\xe2\xb2\x05P\
\x16\xf4\xc2\xc6Y\x80\xd9Y0\x16\xe4\x09\x99xD>\
\xae\xe2\xec\x5c\x14ff\xa1{u\x08O^=\x14k\
o\x1c)\xac\xd5\xa2\x89\x03\x05X\x8b'\x0d\xc0\xc2\x09\
\xfd0\xfb\x9a^X4e >\x98s\x03N\xecY\
\x81\xe7n\xbf\x0cnc1*T\x10\xa5\x83,\x1dl\
\xa9\x90U\x84\xfd(\x0f\xf8`(\xcc\x17\x16\x8c\x80\x15\
\x14f\x0b\xeb\x15\xb1\x1ap\xe7\x85}\xb1\xea\xe6QX\
6n\x00\x96\x10\xfc\xf1\x031\x7f\x5c\x7f\xcc\x1b\xdb\x1f\
3\xaf\xec\x85\x85\xe3\x07\xa3\x7fC\xb9x\xed9\x0a\x80\
J\x05\x8d\xae\x22'J\x89\x0f_\x9f;\x01\x99\xda]\
\x94\x22@\x0e\x8bY\xe9\xecg\x9dR\xa7\x13\xa7\xba[\
r\x19\xd90\xcc\x9f\x9b\x0c\x99\xd2\x02\xa6\x06\x8d\xbfS\
N\xaf\xb6YM\x22\xc3\xd8\x10u\xa1.d\x17J\x05\
,\x1dd\xa9\xa0\xa9!\x93\x80q6\xa3\x80,\xe2R\
 \x13\xa9{\x0b\xcf\xd3\x14).\x22e(\x84\xddX\
\x08[\xdc\x9a\x9d\x092}q\x012\xb3\xb2\x84\xc9N\
g\xc5\xa4\xab(!\xa3\x15\xa3\xe9f\xb2C\xba\x8ag\
\x03Y*X2\x93\xc8\xc7\xb5\xaa\xab\x10\xe7\xc4\xd4\x80\
\x11\x1e\xbe\xd1l\x92\x15\x16LXQ\x0526\x0c\xf3\
\xb9\xf1\xc8:\x1fG+\xc6\xff\xe7\xb0\xb37\xb14\x11\
K\x9d\x0dd\x02\xb4\xf8\xad\x80\x8cmc<\xcaS\x1a\
D8\xe0\x86\xa9(\x1f\xba\xbcl\x18\x0b\xf3\xa0\xcf\xcf\
I@f((\x80\x86\xa7\xab\x8d\x1a\x5c?\xb4\x1bV\
\xdc|\x01VN\x1a\x86E\x13\xfa\xc5-\xd7 ,\x99\
L\xab\xd1\x07s\xaf\xeb\x8d\xbf=~-\xfe\xf5\x97g\
qj\xe7b\xfcg\xf3B\x9cSOW\xd1!,\xd3\
\xd9@\xa6\x96\x1a2\xba\x88e~\x0f\xcc\x9a\x02h\xb2\
3\xa1-\xc8EQn6\xf2\xe9\x1eV\x95b\xde\x84\
QX\x7f\xf3\x08\xac\x988\x18\xcb&(Z2~ \
\x16\x8e\x1f\x809\xd7\xf5\xc5\xcc\xab{\xe3\xc0\xfa\xc71\
\xe6\xdc\x8e\xe2\xf5\xd7\x14\xe4\x0a\x15\xd2\xa2\xe5\xe5$\xc4\
\x19\xf8V\xb3Qq\xdf\xe2\x17z:k\xc6sot\
\x0f\xe9\x1d\x89Y!\xf1\x09[\x04*\x1ddT\xd0\xef\
\x85\xc7\xc3\x03\xc1\x913B\xa6\x06\x8dn\xa3\xdd\xacC\
M\xd0\x86\xd6Q'Z\x85\x1d\xc2E\x94 \x9d\x092\
5h\xbf\x09Y\xc8\xa1U\xb2\x8af\xa6\xec9\xa9G\
B\xa6\xb2d-\xb8\x8bt\x13y\x9fI\x82\xe2\xe2b\
ed\x97*\x16\xe3\x8cuY#\x93\xf51\xb9\x04\x81\
\x7ft]\xb5\x02\xd8\x7f\x03YS\xaa>&\xac\x98\xa8\
\x89\xc5k[\x04\x8c\xb7\xfc\xf4\xa4o\x9e\x88\xc3\xe2c\
\xcf\xf8\x7f\xe8\xbe\xf2@#\x01c\xfb\x12\x1f\xcf\x94\xbf\
2\x16\xad)q!]>B\x93\x0a\x96TU8\x80\
\xcap@X\x83\x0a\xfe\xad!\x1f\xca#\x01\x04=\x0e\
h\x8b\xf2\xa0-\xc8\x81\xa10\x0fFM\x81\x00\x8e\x90\
\x95\xe4\xe6\xa0$3\x13}\xaa\x22x\xee\xfa\xe1Xu\
\xd3h,\x990\x1cK&\x0e\xc7\x92\xc9C\xb1t\xf2\
P,\x9c0\x10\xb3\xaf\xed\x8d\x0dw\x9d\x8f\xcf\xd6>\
\x84c\x1f\xce\xc3\xe1\x8f\xa6\xe1\xf4\x9e\xf9xy\xd6\x8d\
\x22\x16.\x8dy\x05dUq\xa5\xc2\xd6\x12t\x09\xc0\
\xf8\xc1\xc0\x1aRQ\x01Jr2\xc5\x87@!\x1b\xa6\
sspy\xaf\xf6X5\xf5\x22\xac\xbbq\x04VN\
\x1e\x8a\x15\x93\xa8!X>q(\x96M\x1c\x8a\x85\xd7\
\x0f\xc0\xeck\xfa`\xcf\xca\xfbpr\xef\x1a\xf4\xedT\
#<\x07ma.\x8aY\xe3\x8bw\xa8P\xac\xab\xb1\
\xa1\xd9\xeff\xbdK\xb9\xc8S\xf7!H\xc8h\x99\xac\
Fe\x91\x8482#\xeb\x95>\xc6\x98\xe1\xa4\xf4\xbe\
\x14\x8b\xda,87\x87,yt\x81\x04M\xfe~\x8f\
\xd3\x06\xb7U/ k\x1dq\xa2.hG-\x93\x1c\
<\xa8\xe9K\x86*\x1dp|\x1c\x93&jw1-\
d<K#\xac\x98>_\x8c&\x16\x90\xa9\xdcE\x87\
\x95\xbd\x8a\xc9\x90\x110\xbe\xc96\x1d\xa7=1m\xaf\
\xcc\xee\x90\x90\x89\x1a\x88\xe8Y\xe4\x85\xaa\x00&kd\
^\x8fCtxH+\x96\x9a\xf4H\x86\xac\x09\xb4t\
\x80\xf1kZ\xa7\xa2\xc2\xdc\x84\x05S@\xe3\x91\x14\xaf\
p\x11\x95\xac\x9e\x84\x5ci\x18.,T6\x9d\xd0\x82\
)\xbd\x82|\xbc2\xa045\xbd-,\x1a-\x13\xb3\
nq\xa9\xadWU\xc8\x8f\xca\xa0_$\x0c\xa8\xcaH\
\x10^\x87E\x5ch\xfa\xa2|XJ\x8a`..\x84\
\x99\x9br\x8arP\x98\x99\x01\xaf\xae\x10\x13\x07v\xc2\
\xaa[.\xc2rZ\x86\xb1\x83\xb0t\xe2H,\x9d|\
\x1e\x96L\x1a\x81y\xd7\xf7\xc1\xaa[\x86`\xf7\xd2\xa9\
\xf8\xf9\xfd\xe98\xbcq&~x\xff\x19\xfc\xf0\xdeS\
8\xba{)\xae\x18\xd2\x1e\x01\x1e\x1c\x0d{\x12\x80\xa5\
S*tj\xc8\xf8\xdcc\x01Z\xb0B%\xf9\x92\x9f\
\x8b<\xd6\xe4,z\xdcsq\x1f\xac\xbf\xebb\xac\xbe\
a(VN\x1e\x96\xd0\x8aI\xc3\xb1|\xf2\x08,\xbc\
\xbe?\xe6^\xdf\x1b\xfbW\xdf\x87\x13[\xe7\xe3\x87\x8f\
\xe6\xa0{}\xa9p\xedtEy()H\x86\x8c\xad\
WF\xad&\xe9\x02WC&Ac,\x16\xf0x\x90\
'\x0a\xd6Mg\xd3x\x8d\xb1V&\xe32\x99mL\
(\x1e\x97\xb1wS&?\xd41\x99\x1a\xb0T\xb7\xd1\
n1\xc1P\x9c\x87r\xd6\xc6J]\xa8c|\xc6L\
\xa3Hv$C\x96\x0e4f%%h)1\x99\x11\
Q\x97l\xa5\xe2\xc9\xe7\x228\xb8\xc5B\x1f\xcf(\xb2\
\x03\x9f\xb1\x99\xa5\x18Nk\x09\x9c\xa9){\xd6\xc6\xec\
F\x94\xf0\x8d\x11s\xcc\x93\x9b2%d\xfcTQ\x16\
2(\xfd\x8a\x8c\x81\x98\xb6\x97\xb1\x98\xda\x8a\xb5\x0c\x99\
\xa2T\xc8x\x9f51\x8bY\x17w\xf9\x14\xc0\x18W\
\x85C>TU\x94\x09\xc0e=\x8c\xb0q\xe4\x1a\xfb\
\x10e\xa2\x83\x12u\x1b\x8bA$d\x08\x93h\xa0\x8d\
\x17bEsl\x1a\xc8\xe8\x12\x96sB\x13\xadA\x1c\
\xb2\xaaP@\xdc\xe7\xbcJ]~\x0e\x0cj\xc0J\x0a\
\xa1+\xc8\x81&;\x03]\xab\x02\xf8\xe3\xf5\xc3\xb0\xfa\
\xe6QX1ap\xdcB\x0c\xc7\x0a^\xbc\xe3\x86\x88\
\xf8\xe6\xad\xa7\xae\xc3\x8f\x7f\x9b\x86\x13\x1b\xe7\xe0\x87\xf7\
\x9e\xc1\x7f\xde\x7fZ@vl\xcb\x1cl\x5c\xff0\xaa\
\x83vT\x84}\xa8\x0eyD2CBU\x1d\x0b$\
\x94\x0e\xb4J\x09\x1ac\xc6\x80\x1b\xfa\xa2\xbc8`9\
\xc2=\xec\x10qc\xe6\xa41X\x7f\xdbh\xac\xb8q\
8V\xd0\x8aM\x19\x8e\x957\x8c\xc0\xca\x1bFb\xe5\
\x0d\xa3\xb0p,c\xb2\x018\xb8\xee\x014nY\x80\
C\xe2\xf9\xcdE\xbb\x8a\xa0\xc8\x04*\x90\xe5\xa0\x98\xdd\
*\x84,\xde~\xe5\xb6[\x92\xacXz\xc8\x820\x94\
\x14+\xa3\x0c\xd8\xe3\xc8\xc4U\x1c2\xa6\xf2i\xc9\xd4\
\x1d!\xea\xba\x99:.K@\xa6\xea\x8bl\x06\x99O\
y\x0e\x01\x8f\x0b\xc5\xc5\x1ad\xe7d\xc0\xeb\xd2\xa3.\
\xa6\xb8\x8eu\xcc2J\x98d\xc6\xb1\x05\xc8$hj\
\x971\xa3\xccmF\xcciD\xc8\xa6\xb4\xfd\xb3\x00\xad\
LPU\xd6\xc7\xb0\x16\xc6qZ\x0e\xca\xa2\x13k\x95\
\x9a\x00c\xfb\x95\x0en\xabA\x1ck1\x18\xf4I\xb5\
1Y\x9f d\x0a`t\xc1\x94\xe9\xb4\x9cQ\xc8\x94\
{mUs\xc0\xd2A\xd6\x92\x8b(\x8b\xce<'\x96\
j\xc1x\xdc\x83g\xbe\x08\xb6l\xe1R\x14\x110)\
 *\x80\xf1\xff\xd2M\x94-S\xe5\x91&\x8b\xd4L\
\x84JBF\x97\x90\xaeM\x5ct\x17\x09\x98\xdbd\x80\
\xbe \x17\xc6\xa2|\x01\x97\xa9\xb8\x00FM!\x0as\
3Dbi\xfc\xa0\x8eXz\xcb\xf9X~\xe3(,\
\x9a8\x04\x8b'\x0d\xc3\xf2\xc9#\xb1l\xe20,\x1a\
{.^\xba\xfb||\xf1\xc2\xa38\xb6u1\x0e}\
0\x1b?\xbe\xfb\x1c~|o\x9a\xd0O\xef=\x87_\
\xf7\xad\xc1\x83\x13G\xc3\xef0\xa1&\xe2CM\xd8\x8b\
\xea\x88\xff7%\xb2\x8a2\xc3\x18\xf5#\xe2\xb1\xc3\x5c\
\x9c/>\x08ty\x99\xd0gg`L\xa7z,\x9b\
z\x05\xd6\xdf<F\xb1\x5cSFb\xe5\x94QXu\
\xe3yX5E\xd1\xa2\xb1\x03\xb0\xf2\xa6\xe1\xf8\xe2\xa5\
\xc7pt\xf3\x5c\xfc\xf8\xde\xb38\xf2\xe1s\xf8\xee\xef\
sQ\x15p\x8a\x91tzM\xbep\x19\x19\xdbi\xf3\
rP\xc48\xaf0O\xec\xa3\x93;\xe9\xe4}\xf95\
E\xabCk\xc5y\x91\xb4d<\xd9!\xc5P\x80\xe3\
\x14\xa4\x15\x93.\xa3:>\x93\xf5\xb0\xc4\x01a1\x1f\
DJ\x09Q$`\x09\xd8=|.\x1ex\x5cn\xe4\
\xc7\x0f\x22\x97\x94\xe4#\xcan\xfc\x98\x0b\xf5\x8c\xd3\x08\
\x16\x15O\x8e\xa4&HZ\x84\x8cs\x0c\x08Y0~\
\xb6F\xf4(J\xc8\xc4\x5c\x8f8d\x020\x9e\x86f\
\xdb\x94\x14\xb3\x91zX\xf5\x1a\x01\x99\xd3i\x17\x7f\xa0\
\x04\x8c\x85A~\xddd\xc5\x98p\x88\x89\xb1]\x04@\
\xd4\xb9R\xdc\xc4\xdf\x0b\x19\xff\x8d\xae\x1d\xe3\xae\xa6\xd6\
\xa9L\xe1\xf2\xb1=Jv\xca+1\x96\x02\x19{\x12\
\x9b\xb2\x88\xd2M\xcc\x8e\xbb\x89\xca\xec\x11\xe1F\xa5\xc2\
\x95\x0e4\x15dU<o\xc5a\x9bZ\x8d\xb0`\x12\
0\xc6`%y9\xd0fe\xa0GU\x18\xcf\x5c7\
\x1ckn>\x0f\x8b\xc7\x0f\xc6\x22&8&\x0d\xc7\xa2\
\x89\xc30\x9f\x85\xe5)\x83\xb1m\xd1T\x1cz\x7f\x0e\
\x0eo\x9c\x87\x1f\xde{\x0e?\xbd?\x0d\x87>\x98\x91\
\xd0\xb1M\xb3\xf1\xed;\xf3\xd0\xbd.\x8a\xf2\x80\x1b\xb5\
\x11\x9fPM4\x90P*\x5c\xa9\xa0\xd5\xc4\x82\x88\xb8\
m0k\xf2`\x22\x0cL\xf6\x14\xe4\xe1\xc6a\xbd\xf0\
\xd2\x9dWc\xddM\xe7a\xf5\x94\x91X=e\x04\xd6\
\xdc4\x0akn\x1a\x83\xd57\x8e\xc6\xaa\x1b\xce\xc3\x82\
\xeb\x06\xe1\xe5\xfb.\xc4\x7f\xfe\xf2\x0c\x8eo\x9a\x8b\x1f\
\xde}\x16?\xbc\xff\x1c\x8em\x9a\x89\x83\xaf=\x09\xbf\
E/R\xfd\xb4d\x84L\x17\x87\x8c\xc9\x14\xbbQ\xd7\
\x0c\xaeT\xd0x\xe13e/\xd6+\xa9\x00\x13\x90\x89\
\x0f\xc6\x1c\xd1\x85\xaf\x06L\x0d\x1a']1.S\xc7\
d\xbf\x09\x19\xc3\x1b\x8f\x07\x01\xb7W4\x8cg\xe5\xc6\
O\x92dg\xc2b*AY\xc8\x86VL\x8a\x10,\
\x02\x16\xb6+\x09\x92\xb3\x81\x8c\x80q\x9eA\xc0\xa2\x1c\
^S \x8b\x8b\x85g\x82\x17\x07L@fm\xaa\x8b\
y\xadz\x04\xec\x06\x94\x14\xf00\x5cN\xc2U\x94\x09\
\x0f\x16\xa4\xa5\x15S[2\xce\x8cg\xe6\x8eJg\xc5\
\xce\x162y\x9fs\xcf\xc5\x0b\x22|\xf7LQw\xa3\
\x05#`\xe5eA\xb1\xad\x85\xbf\x97\xb3\xeb}^\x97\
\x80J\x01\xac\x092\xbb\x8d\x87J\xc3Jm+\xde\xf1\
\xd0\x0c\xacT1\xdd\x1d\xf4\x89\xfb\xb4`\x11\x8f\x13&\
MA\x12`\xac5\x15ed\xc0WR\x84\x89};\
b\xe9\x8d\x17b\xf9\x84!X2v\x80\xa83-\x9e\
4\x5c\xf4\x1d\xce\xbe\xbe\x1f\xde|\xf4J|\xf7\xc6\x93\
8\xb2y!~|\x7f6~|o\x06~\xfa\xe0Y\
\x1c\xfa@\x0d\xd9t`\xefR,}\xf0Z\xc4\xacF\
\xb4\x8a\xfaQ\x17Wm,\x98\xd0\x99@\xab\x8b\x05\x11\
vYa.\xca\x83\xb1(\x17\x05\x99\x19(\xb3\x9b\xf0\
\xe0\x95C\xb1\xe1\xf6\x8b\xb1\x86`\xdd82\xa1\xb57\
\x9d\x8757\x8d\xc6\xb2I\xc31\xef\xba~\xf8\xfb\xd3\
\xe3p\xe4\x83\x998\xfa\xd1L\x1cz\xe79\xfc\xf4\xde\
4\xfc\xf0\xde4\x1c\xdf6\x17[\xd6\xdc\x07{q!\
\x8a\x0b\x93!+a\x17K~\x0e\xfc\xfc N\x03\x97\
\x14\x0b\xd3V\xa3Ni0&X<>\xc3\x16\xac8\
dt\x19\xf9\xb5\xdf\xedJd\x18S!\x8b\xc5\xfb\x18\
\x95\x5c\xc0oC\xd6d\xcd\xbc\x08x\xbc\xf0\xbb<0\
\x18\x8c\xc8\xe0\x22\xcc\xf8I\xf8\xec\xdc,X\xcd\xc5\xa8\
\x08\xd9\xd1\xa6\xd4-\xd2\xfd\xd2\xba5A\xa6\xa8\xdao\
M\x86\x8c\x80El:\xf8y\x1eL\xb6M\x89\x8e{\
Z0%\xc9! \xb3\xea\xe1\x12R\xb2\x89\x84\xcco\
7\x8a\xde/\xba]\x9a\x92\x12\xd17\xa6X)\xbf8\
\x09MK&\xab\xef\x14\xe7\xc6\xf3\x22\xa7\x15\xa3\x95\x11\
\xdd\xf7q\xc8~K\xa9}\x89\xd2ML\x8cu\x8b7\
\xf2r+\x0b\x97\xdf%R\xee\xa5J\xf1\x9b\xa9{\xc2\
O\x8b\xc5\xd3\xb1\x8c\xd7\x94\x96\x9f&7Q\x9c\xfce\
-/\xe4\x13n`3\xa8R\xa5Jrx\xadf\xe1\
\x1e6\x01V \xe2TmV6z\x94\x87\xf0\xd8U\
\xc3\xb0\xe2\xa6\xd1X8n \x16\x8e\x1b\x80\xc5\xe3\x06\
a\xd1\xd8\x81\x98}U\x1f\xac\xbc\xfd<\xecY{/\
\x8em\x5c\x80#\x1f\xce\xc7\x8f\xef\xce\xc2\xa1\xf7g\xe2\
\xe7\x0fg\xe0\xe7\x0f\xa7\xc7o\xf9\xf5L\x1c\xde8\x1d\
\xc7\xb6-\xc1\xc5\xbd\x1aP\xeeq$\x00k._B\
\xb5\x14-]\xc4\x8fVeaa\xc1\x8c\x85\xb90\x16\
*\x19\xc4\xce\xa5A\xcc\x9er!\xd6\xdeq>VM\
\x1e\x22\xac\x97\xd4\x9a)#\xb1\xf6\xc6QX:q\x88\
h\xe9\xda\xb1\xe8V\x9c\xdc\xba\x10?o\x9c\x8e\xff\xbc\
\xfb\xb4p\x13\x7f|\x9f\x96l\x1a\x1aw,\xc6_\xe6\
\xdd\x01}N&\xb4\x1a5d9(\xc9\xcd\x14\xc9\xb1\
\xa0\xd7!zT\x159\x92\x00\xe3\xc5\xeeu\xdaP\xc0\
\xb6\xab\xb8\xcb/[\xb0\xd4\xd6\x8c\xa0\xb9\x1d6\xc5j\
\x05\x08\x8d\x22\xb5\xfb\xe8\x89\x0f\xd7\x11'\xf1S K\
\xad\x975Y3\x8f\xb0f~\xb7\x07>\x97[d\xca\
\x05dRbLB\x96\x98\xa9\xcfX\xb8!\xeaF\xab\
\x10\xd3\xfdl\xc12\x8bDI\x8d\xdf\x8e*\x9fM\x8c\
\x91\xab\xf0(\xa0\x09\xc8\xc2\xec\xf20\xf1\x04\xb4\x84L\
\x0b\x17G\x16\xcb\xdeD\x09\x98\xcd\x00\xb7\x8d\xd3~\x94\
\xbaX\xc0i\x86\xd5\xa8\xb4.\x99\x98U\x8c\x1f\x92\xe3\
\xe0\x12n{Q\xbb\x89\x126\xa7\xc3\x92\xe8Y\xfc=\
\x90\xa9A#`L\xd7s\xb8(\x01o\xea\x947\x09\
xi\xb5JcM\x19AZ(~\xaa\xd1\xa5T,\
XSO]~~\xb6H\xc2\xc4\xe2\x13\x97\x08\x98\x80\
L\x15g\xa5\x8aP\xc9\xf8\x8b\xb7\x0e\x83Vi\x91\x22\
`\x9a\x02\x91Id\xe60d2`\xd2\xe0\x1eXt\
\xd3\x05\x22\x15\xbf`\xdc\x00\xd1\xb9\xb1`\xdc \xcc\xba\
\xaa\x97\xe8A|o\xfa\x04\xfc\xf8\xeel\x1c\xde4\x1f\
?\xbd7;!Z-\x05\xb0d\xc8~\xd9\xb5\x10\xef\
-\xbe\x0bun\x0bZE\x83i\xe0\x8a+\xe6C]\
\xcc+T\x1b\xa1|\xa8\x8f\x05\x10vZ\x84\x8b\xa8/\
\xc8\x81.3\x03\xa3;\xd5`\xf5m\x97a\xfdM#\
\xb0j\xcaP\xac\xb9\x91V,n\xc9n\x1a\x89\xd57\
\x8d\xc2\x82\xf1\xfd\xb1\xea\xf6Q\xf8\xfaO\x8f\xe3\xe4\xd6\
E\xf8\xe9\xc3\xe7\xf0\xe3\x07\xcf\xe0\xc7\xf7\x9f\xc1O\xef\
\xf3\xbe\xa2S\xbb\x97b\xdd\x93SP\x9c\x99\x01}q\
n\x022m~\x16\xb4\xf9\x99\xf0\xf2X\x89O\x0dY\
\x93U\xe3E\xce\xb4>O\x1b\xf0\xb4u\xf2\xc9\xea\xe6\
\x90Y9\xbb3\x0dd\x124\xd6\xbe|\x1e7\xca\xca\
\xa2\xf1A\xa9g\x0b\x99\x1b~7\xe5\x81\xdb\xe1\x82^\
o\x10S\xb429gT\xb5l\x85\x0d\xe6\x16]\x11\
\xa2.\xb3\x88\xcd\xdaD\xd9\xa9o\x13\x09\x92\x1a\x9fM\
\xcci\xe4\xa4+f\x193\x22\xf1\xb1o\x1cK\xcc1\
\x03<;\xe6\x96\x90\xf1d4k`*\xc8<6\xa3\
\x00\x8c\x01w\xc8e\x11\xf5\x9f\xcc\xecL8\xf9\x04\x03\
J\x1c\xc6\xc0\x94n\xa3\x1a2Z1^\xcc\x94\xb4b\
T*H\xbf%\x99Id\xba\x9e\xd0\xf0\x0f&`v\
\xabb\xc1\x84\xcb'\xacWS\xa7\x05\xebs\x1c\x1f\xa0\
\xd4\xcc\x92g\x12\xba\x9c\x9c\xe8D\xdf\x9d\x80\xa9\x14\xf0\
\xa2\xac\x05I\xd0b>\xb7p\x09\xa5\xf52h\xf2E\
S\xaf)'\x17\x03\x1b*1\xfd:f\xe4Fb\xe1\
\xb8\xfe\x02.Z\xb1\xb9\xd7\xf5\xc3\xf4+z\xe1\xc5{\
.\xc0?_\xfb#N\xec\x98\x8f\x9f71-?#\
\x052B\x95\x0c\xd9\xe1\x0fg\xe0\xf4\x9e\x15\xb8\xfd\xf2\
\x81\x88:\xech\x88E\x9a\xc3\x95\x06\xb2V1?Z\
\xc5\x02\x08\xd9\x8d\xb0\x15+\x05qKA6\xc6\x0d\xea\
\x82\xf5w]\x8157\x8e\xc2\x9a)\xc3\xb1\xf6\xa6Q\
I\x22d\xf3\xc7\x0f\xc0\x9f\x1e\xbd\x02\xdf\xbf3\x13\xc7\
\xb7/\x10\xcf\x95V\xec\xd0G\xcf\x09\xd8~\xfap\x1a\
~\x8aCvz\xef2\xcc\xbc\xeb*\x91\xfe7\xaa,\
YI~&L\xc5y\x08z\xb8\x5c\xa4\x090\x09\x99\
\x8c\xc3t\x9a\x82\xc4Tdz\x1b-A\xc6\xb8\x8c\x1b\
[\xce\x04\x19\xbf6jK\x10\xf2\xb3?\xb3)\x13y\
f\xc8\x18\x97)\x22h^Z4\x91\x0cq\xc1j\xb1\
\x889$\x05\x05J\xc3\x85\x84M\xa9\x07\xe6\x8b\xd0\xa9\
:\xc0\x11\x05.\xd4\x07\xed\x22\xed\xcfIWl\x18\x16\
\x90\x89\x89Tq\xc0\x94N{e\xbd\x8c\x9c\xb6*\xc4\
1\xc7v=|vZ1\x13\x82N\x0b\xfcN\xb3(\
@\x17h\x8a\xe0\x13'R\x03\xa2\x83\x9d\xb3\xfe\xa4\xe5\
b\xb2\x81\xe2\xd7\xac\x8b\xc9N\x0fq\xc4\x85\x1d\xf8\x8c\
\xadT\x8d\xbdR\xb4Z\xa9\x80Q\x8c\xd78\xc3\x9eG\
\xf4e\x1cf\xb3XQYQ\x91\x18\xfb]V\x16H\
:\xb4\xa8\xd3\x16\x89D\x07]E\x8a\x80\xf1\xac\x98Q\
_\x82R6\xc4\x06\xb9\xc4\xc2\x83\x98JLk\xc7T\
*\xf5{\x12\x90\x11\xb0\xa0\xd3&\xe2/\x99Ad\xa1\
\x99g\xabj\xdcF\xdc?\xa67V\xdd\xcc\xd8k0\
\x16]?@\xc05o\xdc\x00\xcc\xb8\xaa\x17\x96\xde0\
\x14;\x17\xdd\x81\x13\x1b\xe7\xe3\xf8\xa698\xf4\xe1t\
\xfc\xf4\xd1t\xfc\xf4\xc1L\xfc\xf8\xbeJ\x1f\xce\xc0\xa1\
\x8ff\xe0'\xc6=\x1f)V\xacq\xcb\x1c|\xf3\xf6\
\x0ct\xad\xf6\xa16\xecCCi\xb0E\xd5\x97\x05P\
\x1b\xf3\xa0U\xa9\x0f\xf5\xa5A\x04mz\xd8\xb5\x85\x02\
0\x9f\xb6\x10\xb7\x8d\xe9\x85\xf5w^\x82\x957\x9e\x87\
\xd57\x8e\xc2\xba\x9bFa\xdd\xcd\xd4yX\x7f33\
\x88#\xb0x\xc2 |8\xe7F4n_\x8a\xa3\xdb\
\x17\xe2\xe7\xcds\xf0\xf3\x96\xd98\xb4i\x06~\xda4\
\x1d?mT\xf4#o?\x9a\x86_\xf7\xaf\xc2\xe37\
]\x22z/\xcd\x1a\xe5u\xd1\x17\xe6\xa1$/\x0bN\
\xa3\x0ea\x8f\x03A\xb7\x1d\x81\x84\x14w\x91\x178k\
g\xea\x89W\x5c$\xafn.\x96\xb0\x89t>3\x8c\
\x85\xf9\x02\x1a&@\xa4\xd4\xc0\x11@\x83\xb6D\x0c\xb0\
e\xbfc9\x8b\xd3l\x8a\x100\xa6\x87\x8c\xcf\x85\xb1\
^\x93\x9c\xf0q3\x91\xd3.\xe4\xe3\xb6\x22\x87\x0dV\
\x93\x01\x06\x9d\x16%EE\xc8\x8b\xaf\x14\x13\xa5\xa0\xec\
,\x184\x85\x08\xda\x8c\xc2ml\x15\xb0\x8b\x22u\x06\
\xe7+\xfa\xe9\x16&\x0eerA\x9a\xb2\x01C\x0d\x19\
g\x89+2\x08+\x16\xf1\xd8D\x22\x84?\x5cg4\
 \x18\x0e\x8ai\xaelObL&\xad\x98\x92\xd1c\
<\xc4\xba\x99'\x01\x98\xe2*&'1R\x95\x0e4\
\xd6\xd5\x18\x87\x89$\x87\x00\xcc\x8c\xaa\x8a\x0a\xd1\xc9!\
b\xb02\xb6A5\x01\xc6\xf9\x1c\xb2\xebC\x8a\xcf\x91\
Eh\xf6L\xc6\x82nD\x03\xae3JB&\xddE\
\x9fM\x89\xbf$`\xfa\x82<\xb8-\x06\x5c\xdc\xaf\x0b\
\x16\xdfz)^\xbc\xf3BQ\xebb\xa2`\xd9\xe4\xe1\
\xa2\x83~\xcd]\x17b\xc7\xa2\xbbqz\xeb\x0a`\xdf\
J\xfc\xbcq&~\xfe\xe0Y\xfc\xbcq\x86\xd0\xa1\x8f\
f\xe1\xd0\x87\xb3\x13\xfaq#5\x0b?\xc5\xc5\xc7c\
\xffJ\xac~b\x12b.=\x1a\xca\x08\x99\x1fm\xca\
\x02\xcd\xd4\xb6,\x80\x86\x8a8h\x11\x9f\xc8\x00\xb3\xf6\
i\xcc\xcfA\x95\xcb\x84?^3\x18\x1bn\x1f#\x0a\
\xcc\xcc\x1c\x0a\xb0n\x19\x9d\xb8e\xbdn\xf5M#p\
p\xedC8\xb1m)\x0eo\x9e\x8fC[\xe6\xe0\xe7\
\xads\xf1\xf3V\x826\xab\x99\x0eo\x9e\x09\x1c\x5c\x8b\
;\xaf\x1e\x22,\x99\xa5\x84Y\xcb\x02\xd1\xe1\xc2>H\
~(E\xd8\xe5A\xb0\xe2\x90\xb1\x13\x86\x17\xb8Y_\
\xd2|hkJ\x07\xbf\x1a2EY\xc2\xe2D\x03<\
\x8b\x96\x1e2\xb7\xc3.Z\xb1\xb8]\xc6\x16w/\x95\
V\xad\xb3\x81\x8c\xf7\x1dB\x8c\x13=\x0e\xab\x10k|\
\xe2\xbe\xdd\x22\xee;\xadf\x98\x0dz\x14\x17\x16!?\
\x97\xde\x12g\xafd\xa20G\x09\x1d\x5c\x1c{\xc1O\
8\xafY\x97&\x16\xa3\xab\x98\x0e2\xc5U\x8cxm\
0h\x95.\x0f\xab\xd3\x01\xb7\x97\xdbQ\x98\xa5\xe3\xd0\
\x1c\xe5d\xaa\x84\x8c\x00\xd0\x8a\xd1\x95KX\xb1x,\
\x96\x0e\xb2\xa4\x14\xbdj\xd8)OI\x87\x02na\xa2\
E\x1ch,Ae\x85l\x95\x0a\x09\xc0\xe4\x184\xba\
\x8c\xb28M\xd7#\x19\xb2,\xb8]v\x91E\xa4\xc5\
J\x85*\x9d\x04\x8c~\x97\xf8D\xd6\x17\xe6\x0a\xd7\x90\
\xb5%~Rk\xf3sQ\x1e\xf0\xa2g]\x19:\x84\
\x1ch\xe33\xa3\xad\xdf\x8a\x06\x9f\x19\x0d^3:\x86\
l\xb8\xa8g\x1b<w\xdb\x15xa\xfa\xed\xd8\xf9\xf2\
3\xf8q\xeb\x12\xe0\x93\xe5\xc0\xfe\xc5h\xdc6\x07\x87\
7\xcd\xc6\xe1\x8ds\x13:\xb4i\x1e~\xda<\x17?\
m\x9a- ;\xb4i\x16N\xec]\x83k\x86uF\
\x85\xdf\x8a6\xe5\x04\xcc\x8f\xb6\xe5\x81\xb4jS\x11\x14\
.b\xd0f\x80C[ \xfa%\xbbW\x060s\xd2\
H<\x7f\xdbH\xac\x992\x18k\xa7\x0c\x13\xd6k\xfd\
-\xe7\xe1\xf9\xa9\xa3\xb1a\xeah\xac\xbai8\xde|\
\xf2z\x1c\xdd\xb8\x08\xf8\xf4\x05\x9c\xde\xbbZX\xa8_\
?Y\x8e\xd3\x1f/\xc3\xe9\xfdK\xf1\xcb\xdeE8\xb9\
{\x01\x8e\xef\x98\x8b\xa3\xdbg\xe3\xc8\xb6\xd98\xbau\
6pp\x0d\xae\x18\xda]\x14\xb3\xad%y\xb0\x88\xfa\
[\x1e\xec\xfa\x12D9S\x91\xc9\x0d\x15d!\xaf\x13\
\x16\x83V\x81+\xderu\xb6\x90\xf1\xfdw\xdb\x95Y\
\x1f-A\xc6\xef\xe5gg)+\x9c\xc4\xca(v\x9a\
\xb0%K\x99'rf\xc8\x14\xc0|.Z\xb1d\xc8\
8\x06\x8f\x93\xba8\xf7\x9f\xe2\xd7\x94\xc3b\x82\xddl\
\x84\xc5\xa0\x13V\xb4\xb8\xa8\x08\x05y\xf9\xc8\xe0 \x11\
\x0e\xddOMv\xb8\xacZ\xb8\xac%p\x132\x87>\
!\xce\xef`\xc2#\xe0\xb6\x8aNw\xc6c\x1e\xbf\x0f\
E\xc5\x1ah4\x85\x89\xb1\x5c\x22u\xca\xa3\xe1\xa5Q\
\xf1\xb5\x92VW\xe6h\xc8\x99\x1e\xe9 S\x03&\x07\
\xe1\xd0\x9d\xa4\x9b\xc8\x16\xac\xa2\x02\xc5<\x17k\xf2\x95\
\xc3\x85\xa5r\xe6\x86\xd2\x06\xc5\x8ey\xd6\xc5\x9c\x0es\
\xbc(M\xc0\x14\xd7C\x01,\x13F\x83V\xc4i\x11\
\xf6\xb3\x9d\x05d\xa5!\x0fB^;\xcc\xbaBh\x0b\
\xb3QR\xc8\xf6\xa0\x0c\x91E\xb3\xe4\xe7\xc0U\x9c\x0f\
oI\x01\x82\xba<\x94\xd9\x8a\xc5\x19\xa22\x87\x16\xf5\
!'\xda\xc6<\xa8\xf0\x98\xc5h=s~\x86H\xe7\
;\x0a\xb2\xd0.l\xc7\xc4\xf3\xba\xe3\xd5Y\xb7\xe0?\
\x1f\xcd\x07\x0e\xac\xc3\xaf{W\xe0\xc8\x96y8\xbai\
\x1e\x8el\x9e\x8f\xc3\x9b\xe7\xe1\x10\xb5i6\x1aw.\
\xc2\xce\x97\x9f@\xfb\x98\x15\xed*\x03\xe8P\x19D\xfb\
\xca\xa0\xb8\x95jW\x11@\xbb\xf2\x00\xdaW\x86P_\
\x1a\x10\xe3\xcel%\xf9\xb0\x14\xe4bh\xfbZ,\xbb\
\xf5R\xac\xbf\xf5<\xac\xbdi(\xd6\xdf<\x04/\xde\
6\x02\xaf\xde}\x11\xfet\xf7\xa5x\xe1\xf6\x8b\xb1d\
\xd20\xbc\xf0\xf0\xb5\xd8\xfa\xc2S\xf8h\xf5#xs\
\xee\xedxm\xe6T\xbc>\xeb\x16\xbc9w*\xdeZ\
t'6\xae\xfa\x03\xf6\xff\xe9)|\xf3\xcel\x1c\xde\
\xbe\x0c\xa7?^\x0b|\xb6\x16\xf8j-\xf0\xcdk\x18\
\xda\xb55\x0a\x99\x98(\xc9\x15\x901\xc9\xc2\xce\x97R\
\x9f'\xd9\x92y\xec\xb0\x19\xb5\xa2\x0b\x84\xdd \xec\x0a\
Q\xf77\x9e\x0dd6\xb3I@\xc6^FJ\xed:\
\xca,cQ~^\xfc\x00n|\x95R^\xae\x98\xd9\
\xc8\xcd\xae\xecg\x94\x905\x81F\xc0\x18\x93)\x96\xac\
%\xc8$`jq\x95\x95\xddd\x10\xc3^\xedf\xca\
 >D2h\xc5\xdc&\x9d2 Gl\x22$`\
Lrpy\x9a\x16n\xbb\x0e\x1e\x87^\x91\xd3\x00\xbf\
SIx0\x09\xc2\xea{aQ!\x8c\x16\x8b\x98\x9f\
\xe7q\xbb\x12'QE\xea4.\x8f\xdb!\x00 `\
\xf2\x88K*d\xe9\xe0\x92\xe2l\x0d\xba\x89\x96\xf8\xc4\
)\xd6\xc5\x94\x1eHe\xa6~\xd3p\x1e\xa5\xf0\xecv\
Y\xc5\x8b\xca7#\xd5\x82\xf1\xb8\x0b\xddV\xd1\x9c\xfc\
\x1b\x90\xd1zQn\x9b\x01\xba\xc2lqh\x91A\xb9\
\xbd\xb8\x08#\xbb\xd4c\xeay\xbdq\xd7\xe8>x\xe0\
\x92A\xf8\xe3\xd5#\xf0\xcc\xb8ax\xf2\xba\xfexn\
\xfc \xfcm\xd6\x0d\xf8\xd7{\xb3\xf1\xfd\x07\xf3\xf1\xcd\
\xdb\xb3\xf0\xf9\x9fg`\xc7\x86\xa7\xf0\xfa\x9c{0\xef\
\xbe\xb1\xb8\xe3\xcaa\x18\xd8\xae\x0c\xd5n\x13:D=\
\xb8i\xd49x{\xf1=8\xbas\x15\xb0\x7f\x05\x8e\
o]\x80\xa3\x02\xb4\xf9\x022|\xb2\x06\x8fM\x19\x83\
\x0a\xb7\x0e\x9d\xaaC\xe8T\x15D\xa7\xea :V5\
\x89\xd0\xb5\xaf\x0a\xa3\xa1<\x84\x90\xdd\x04k\x09{P\
Kpe\xbf.\xd80\xf5B\xac\xbfi\x14\x9e\xbf\xfd\
\x02\xbcr\xf7EXr\xe3\x08\xfc\xf1\xaa\xfe\x98\xd8\xbf\
\x13\x86U\x07\xd0\xc1\xa5CT\x97\x87\xb0\xa9\x08\xe6\x82\
\x0c\xe8\xb23\xc4\xa1Q\xa6\xf8\xf9\xc1P\xc2Q\x039\
\x190\xe5e\xc0^\x90\x81\x80>\x0f\xad\x83V\xf4o\
W\x86\xcb\x07\xb6\xc7=\xd7\x0f\xc5\xeaiw\xa1cE\
\x14\xba\xfc\xcc8dy\xb0i\x0b\x11c)\x87\x13~\
]\x0e\x01\x1a\xddD\xab\xa1\x04\x859\x19\x02.\xa9\xa4\
\x1e\xc7\xdf\x80\x8c\xd7\x1e\x0f}2\xcebV\x90RC\
\xc6\xef\x8b\xb8L\xa7\xb4\xce\xc9\x05\xf02~\xa2\xa5\xa1\
5\xe3\x1cI\xde6\x81&\x93\x1fg\x86,\xd5\x9aI\
\xc8\x08\x18\xeb|R\x022\x09\x98<\xf1\xac\xd4\xc2\xf4\
p\xd9\xf5p\xdb\x93!\xf3J\xc8\xdcV\x98\xf4\xca4\
*\xee\x93\xca\xce\xc9\x81V\xab\x15\x80\xc9n\x0f\xe92\
\xca\x19\x1f\x12\xb0\xdf\x82,\x150\x8a\x85if\xa2\xf8\
\x89D\xdf\x97V\x8b\x99DZ0\x09\x18E\xc0\xd8\x85\
\xcf7$5\x0e\x93o\x16;\x01\xd8\xcfH\xd0\xd8;\
\xd9\x12d\x84+\xe2w\xc2j\xd0@\x9b\x9b).4\
\xa6\xe9{T\x96\xe2\xb1\xcb\x86`\xd9\x94\xf3\xb0x\xd2\
P,\x9c8\x12s\xc7\x0d\xc6\x8ck{\xe3\xa9\xcb\xba\
a\xd5m\xa3\xf0\xd9\x0b\x0f\xe2\xf8\xd6E8\xb4i.\
~\xfch6\x0em\x9e\x8b\xa3[\xe6\xa3q\xdb\x22\x9c\
\xda\xb5\x0c\xd8\xb7\x1a\xf8x=\x1aw\xad\xc1\xd7o\xcf\
\xc7\x1b\xf3\xee\xc7=W\x8f\xc2\x15\x03\xba\xe2\xb6K\x86\
\xe0\x8d\xf9w\xe2\xc7\x8d\xf3qb\xdb\x22\x1c\xdb\xb2\x00\
'v,\xc2\x7f6-\xc6\x80v\x15h\x88z\x93\xc0\
JRu\x14\x0d\x15a\x11x\x9b\x8b\xf2\x111kp\
\xcf\xc5\xfd\xb0\xfe\x9eK\xb1\xea\xc6AXy\xd3y\xb8\
\xe7\xfc>\x18\xd9&\x8a\x06\x9f\x111\xbb\x16!s\x11\
:Ux1\xbaW=\xae\x1e\xd4\x09\x93G\xf7\xc2\x8d\
\x97\x0e\xc0\x9d\xd7\x8d\xc0\x83\x93\xce\xc7\x1fo\xbe\x04O\
\xdfv\x05f\xdc{-f\xdf?\x163\xef\xbb\x0e\x7f\
\xbc\xe5R\xdc?\xf1<\xdcr\xe5\x00\x5c7\xa6\x07\xc6\
\xf4m\xc0\x80N\x95\xe8P\x13\x80[_\x0c\xab\x96p\
\xe5\x88\xe4\x87\xdffB9\xebUn'bn'\xc2\
.\x07\xac\xbab\xf1ZjU\x80\x09\xb1+$Oi\
(&d\x9c\xdf\xd9\x12d\x0c\x03xV-\x1c\xf0'\
 \x93\x16MZ5B\xc6\x19\x8dj\xc8\xd4\xb0q\x05\
3\x9b\x82Y\xba\x91\xa0\xc9T\xbe\xda\x92I\xc0R!\
K\xb5hj\xc8\xec\xb4f&\xbd\x02\x19\xb3\x88,:\
KK\xe6\x12\xbd\x88Jm\xccm7\x08y\x1cF\xb8\
\x1d\x06\xb8\x9dFx\x9d&\x04]\x16hT\x13us\
sr\xe1a\x11\xcf\xa7\x0c\xfa\x97\x95v\xee\xf6b\xb3\
&\x0fl\xf2\x14\xb2\x1cF#\x5c@Y\xf7\x8ag\x17\
\x13\xa0%\xb6\xbb\xc4\xf7&W\x95\x22\x16\xf1\x89\x86\xd3\
\x92\xc2b\xb1\x95\x84\xa3\xb4\x95%\x0a\xca\x195y\x84\
\x86\x13\xa6\xe8\x1a6e\x12\x9bN\xe2\xf2{\x1c- \
\x01\xa3B\xb4hi \xa3{H\xc0L\xba\x22\xe1\xcb\
\x97dd\xa0M\xd8\x8d;\xce\xeb\x8d\xc5\x93\xcf\x17\xe7\
\xbc\xe6]\xdf\x1bs\xc7\xf6\xc3\xec\xb1\x03\xf1\xecU=\
1\xed\xda\xeexw\xfa\x0d8\xf2\xfe\x02\x1cc\xab\xd1\
{\xd3\xf1\x9f\xf7g\xe2\x07\xf6\x1d~4\x1b?\x7f4\
\x17\x87?\x9a\x83#\x9b\xe6\x09\x0bud\xf3<\x1c\xd9\
2\x1f\xc7\xb6/\xc4\xa9=+\x80O\xd6\xa3q\xf7*\
|\xf2\xc6s\xf8\xf3\x82;\xf0\xd1\x8a\xbb\xc4c\x8en\
\x99'b\x9d7\xe6\xdf\x83*\x97\x05\x9d+\xc3\xe8\x5c\
\x19JHX4\xa1\x10\xdaV\x84\x10u\x9a`)\xcc\
\x14#\xa6\x9f\xb9z\x186\xdcq\x11\x96M\x19\x86\x95\
7\xb17r\x18\xee\x1e\xde\x11w\x8f\xea\x8cG.;\
\x17O\x5cu.^\xfb\xe3D\x1c\xd9\xb8\x0a\xd8\xfb\x02\
~\xdd\xbf\x06\xbf~\xb2\x06\xbf\x1e\x5c\x87\xd3\x07\xd6\xe2\
\x97O\xd6\x8a[|\xba>Y\x07\x9f\xc7\xaf\xe2v\x9d\
\xe2\xe6~\xbc\x1a\xf8l\x0d>\x7fw\xae\xe8p0\x16\
e\xc3\xa6\xcb\x11'9h\xc1\xca|\x1e\xc4\xbcNq\
\x1dU\xf8=\xa8\x8d\x04P\x9c\x93%\x92F:\x9e\x06\
g\xd1>/G\x99\xcc\xc5\xd9&\xb9\xd9\x22F\x13\xef\
!G\xce\xb1q\x80)}\x15d\x89\x13\x16\xb4`>\
_\x02\xb4&\xe0\x14\xcbF\xabD\x17\xb1%\xd0(\x96\
\x9c\x5c\x0e\xab\x98\xc3\x1f\x8d\xc3\xa6\xb6dj\xc8\x9c6\
\x8b\x18\xa4*\xc5\xae&\xbbJ6\x8b\x09\x16\x93\x01f\
#\xe32\x0d4\xf9\xb9\x84L\xd9;&7\x10\xca\xac\
\x22!\xf3\xb0\xa3\xc3N\xc0\x8cpph)\x97\xa89\
\xb9\x15\xc3(\xea\x15\xf2IZ,\x16\xb1\x89Cv\xde\
K\xc8(\xb6\xb7(M\xc1\xcc\xfc1\xbd\xae,\xccS\
\xdc\xc0\x18j\xe2\x0b\xc8\xd5R\x96\xb2+c\xbb\xf9\x18\
\x1e\xfc+\xce\xd7\xa0<\x1aCy)OS\xf3\xd4k\
\x93\x15\xa3E#<\x9c*\xa5X\xb0\xe4y\x12\xb2\xf9\
\x97V.\x18\xa0\x14\xc8Ra\xa3\xf5\x22`>\xa7\x19\
E\x9c\xca\x94\xc1\x94\xbc\x15\x13\x86vR\x1axo\x18\
\x8c\x05\xe3\xfa\x89\xces\x16\x96\x09\xd9\xd3\x97w\xc7\xd2\
[\x86\xe0\x8b\x97\x1e\x16\x85Z\xd6\xb5X\xa4U\x1ay\
g\xe0\xd0\xfb\xb3p\xe8\xa39\xc2\xaa\xfd\xbci\x1e\x0e\
o\x99\x8f#[\x17$tx\xcb\xdc\xb8\xe6\xe0\xe7\xcd\
\xb3ql\xdb\x5c\x9c\xd8\xb5\x08\xc7\xb6\xcf\x17\xdf?\xb2\
u\x8e\xb8\x98o\xbb\xa0?j<vt\xae\x0a\xa1\xab\
J]\xe2\xeaP\xee\x03G\xae;Jr\xd1\xbb.\x80\
\x85S\xce\xc7\x0b\xb7\x9f/\x12\x1c\xab\xa7\x0c\xc1\xea\x1b\
\x87c\xfd\xd4\x91\xf8\xd3]\x17\xe2\xa5\xdbGc\xed\xad\
#\xb1g\xf9\xbd\xf8u\xd7*\x1c\xdf\xb1\x04G6/\
\xc2\xe1\xad\x0b\xf0\xf3\xd6y*\xcdW)\xfe\xbd-\xf3\
\xf0\xf3\xe6\xf9\xf8y\xf3\x02q{x\xf3\x1c\x1c\xde<\
\x1b\xbf\xec^\x88]/=\x8e\x80I\x03sq\xae\xb0\
d~\x9b1\x01\x99\xd7jA\xeb\x80\x03w_\xdc\x17\
\x13\x86t\x87\xa5(\x0f\xfa\xc4\xf8\x85\x1chs\xb2P\
\xc2\x06\xe2\x9c,!M^\xd3Tb\x91\xd2\xe7\x07'\
\xebgb^K\x935sq\xbc7\xb7\xc0p\xec`\
\x0ahL`\xf0\x96\xb1\x9b2\x12<\x19.\x09\x9e\xbc\
eN\x81\x90\xf0 \xb1L\x8a\x106\xe92R\x1c\x99\
\xc0\x9d\xd6N\xa7S\xc8n\xb7\xc3f\xb3\x09\x06\x0c\x06\
\x034\x1a\x8d8\x8d\xc2aRb\x17\x04\x7f\xcf\xef\x85\
\xcc\xe7b\x97\x87\xe2\xe7REEE\xa2\x08\xddt@\
S\xe9\xbcgfQ6\x08\xd3ET\xd2\xeb\x5cY\xab\
L\x85J$5R\xe0\x92\x92\x8b\xd8\xad&\x1d\x0c%\
%(\x8f\x95\xa2\xb2<\xd9E\x943C\x08\x18'\x16\
+'\xa0\xb3\xc5)h\xb5\x9b\xc1B\xb4\xcf\xe7@0\
\xc8\x91a\xcef\x90\x09\xd0\x82<^\xe1\x81\xd9\xa0\x11\
\xd9\xb1\x0a\x8b\x09\xe3\xfbw\xc7\xfcI#\xb0b\xca@\
,\x1d\xdb\x1b\x8b\xc7\x0f\xc0\xe2\xf1\x03\xb1d\xfc \xcc\
\x19\xdb\x0fO^\xd1\x0d\xaf<z9~z\x7f&\x8e\
oe\xcd\xebYE\x1fL\xc3O\xef\xcf\xc0\xa1\xf7f\
\xe1\xe7\x0ff\xe3\xe7\x8dsD\x0a\x9c:\xbcu^\x0b\
\x90\xcdU\xeaPq\x1d\xd9:\x0fG\xb7\xcd\xc7\xa9=\
\x8b\xf1\xd5\xdff\xa2We\x08\xed\xcb\x83\xe8R\x13F\
\xf7\x9aH\x93j#h\x17s\x8b\xf5\xa9AC..\
\xe8Q\x83\x95\xb7_\x8c\x0d\xb7\x8e\x11i\xf8\xd5,\x1f\
\xdc4\x02\xebn\x19\x89\xf5\xb7\x8c\xc2\xca)C\xb1\xfa\
\xd6Q8\xf8\xd2\xc3\xf8e\xcfJ\xe1\x8e*\xbf\x7f>\
\x0eo[\x90\xd0\x91\xed\x0b\x15\xc5\xbfN\xc0\xb6E\x02\
\xa6@\xa6<\xdf\xd98\xbdo)\xfe\xb6\xf4~\x98\x0a\
\xf3`\xd52\x16\xcc\x17\xf1\x17\x13\x1en\x8b\x05\xedC\
n<uY_\xcc\xbd\xa6\x0f\xe6\x8c\x1d\x82\x0ea'\
\x8ah\xcd\x0a\x94#6\x122\xa1\x9cL\x14\xab\xb2\x8d\
j\xd08X5\x11\x97\xb1\x1eg\xd0\xa7\x85Lf\x09\
i\xc9\xd8\xd1\x9fO\x8b\xa2\x82J\x0dY*|<\xc4\
\xcbY0\xcc\x16z\xec\xb4`\xf1\x98\xccn\x81\xc3f\
\x11@\x19\x8dF\x11\x22\xb1\x1b$//\x1f\xd9\xd99\
\xc8\xe0f *KY\x8a)\xd6\xf8\xfe\x1e\xc8\x9c\x0e\
\x03\x5cN#\xfcn\x0bt%\xf1Bp\x16;\xefy\
\xd1\xfaEKU8\x18T\xc4c\x08\xe10\x9cv{\
\xbc(\x9d<\x7fPnq\xa9TA%\xc5}\x5c\x14\
\xad\x98\x97M\xac\x86bT\x95s6\x22\xe7\xcf3E\
\xcfQgM\x16\x8c\xb7\x1cx\xa3\x9c#K\xcd$*\
\xfd\x89<V\x13\x0a\xb2\xdb\x84\xe7\x8c\x9a[\xb2`\xc8\
\x0b\x9f\xcf.\x0eW\xda\xf5\xc5\xb8\xbcw{\xcc\x9f|\
\x11V\xdf|\x1e\x96M\x1c\x8c\xa5l\xe8\x9d0T\x00\
\xb6X\x9cR>\x17\xb3\xc7\x9d\x8bmKo\xc7\xf1-\
\x0bqt\x13k[\xcf\xe1\xe7\x8f\xa6\xe1\xe7\x8f\xa6\x8b\
\x02\xf3!vi|4\x0b\x877\xce\x16\x9f\xf6?\x13\
\xa2\xads\xd3@\xc6\xafi\xe1\x94[)\x02F\xe1\xf3\
uX\xf1\xd0XT\xb9\xac\xe8T\x1dF\xb78d\xe7\
P\xb5Q\xb4\x8fy\x106k\x10\xb5jp\xf3\x98s\
\xf0\xd2=\x97`\xdd-#\x14\xc0n\x1a\x8957\x8f\
\xc4\xba[F\x09+\xb6l\xf2 \xbc\xfa\xd0\x15\xf8\xd7\
\xdff\xe3\xf8\xaee\xc22\x1d\xa5\xb5$`\xb4\xb0\xdb\
\xe2`m_\x88\xa3;\x16%\xeeK\xc8\x0em\x9d\x87\
Ci!\x9b\x03|\xb2\x12+\xfe8Il\x96\xe1k\
\xe8\xb7\x1a\x11\xe3\xf85\x9b\x19\xdd\xca\x03\x98}\xe50\
,\xb9\xae\x1ff\x5c\xd6\x03\x0b'\x0e\xc7\xb5=\xebQ\
\x94\x95\x01ca~b\x1c\x9e\xb0b\xd9\x8a%c\xd3\
y\x22\xd3\x98\x02\x19\xddF\x8a\x17\xb0\xae\xa4X\xd4\xca\
\xd2AF\xc0x\x9fc\xbd\xb5\xc5J\xfb\xdf\x99 K\
\x85\x8d\xf7\xe9\xb1\xb1\xc5+/'[\xdc\xb2>G\x80\
\xb8\xc7N\x11=\xba\xf8\xfd\xac\x1cd\x0a){\xee\xf8\
3,\xdc]}6\x90\xd1\x97\xf6\xd0\x8a\xb9\xcdp;\
Lb\xe97\x7f\x00I\xe6fD\xbf\x9f\x90\x05\x10\x0a\
\x04\x85\xa2\xe1\x88X\xe0\xc0\x96\x14\x05\x8e\xf4\x90\x09\xd0\
\xe2PIqj\x15o9\xa2\x8c#\xbb\xf9u\x19\xfb\
\x10\x05T\x1c\xa9\xc6\xf3iM\xe3\xe5XlVja\
Mg\xc3\x14)\xc9\x0fv\x9fp\xa8\x8fl\xe9\xa2\x14\
\xb8\xbc\x08\x06\xbd\x08\x04\xbc0Yu\xb0\x1b5\x18\xdc\
\xa1\x0eO\x8d\x1b\x89\xb5\xb7\x8e\xc2\xf2I<\xa1<\x18\
\xcb&\x0d\x13g\xbc\x96N\x18&,\xd8\xcc\xabza\
\xc5mc\xf0\xcd\x1bO\xe0\xf4\xae\x858\xbaq\x16\x0e\
\x7f4C\x88\x9d\x1b\xa2\xfba\xd3\x0c\xd1\x15\xf1\xf3\xe6\
x\xa1v\xcb\x1c\x1c\xdd6\x0f\xc7w,@\xe3\xae\xc5\
8\xb9g\x19N\xed].nO\xec^\x8a\x13\xbb\x96\
\xa2q\xe7\x12!\xde\xffe\xef\x0a\xe1\xc25\xee\x5c\x88\
\x93\xfbV\xe3\xea>\x1dP\x1ft\xa3+!\xab\x0e\xe3\
\x9c\x9a\xa8\x00\x8c\x0b\x10\x82\x86Bt\x0e[\xf1\xe4\xf5\
\xc3\xf0\xe2\xbd\x97`\xdd\xcdC\xb1\xe6\x96aBk\xa7\
\x8e\xc0\xba[G`\xed-,\x8a\x0f\xc0;\xd3&\xe2\
\xc8\xa6%8\xbcc\x09~\xdc:\x17\x87\xb6\x11\xee\x85\
\x09\x11$\x02\xa5\x06\x8c\x92V\xec\xd0\x96T\xc8(\xba\
\x8fJ\xdc\xf8\xcc\xad\x17\x8b\x9eM\xa7Q\x8f\xa8\xc7\x05\
\x8f\xd5$\xc6\xc3\xcd\xbbz8V\x5c?\x18s/\xeb\
\x85\x99\x97\xf6\xc0\xack\x06\xe0\xa9+\x06\xc0\xab-\x80\
6/\x17\xc6\xfc\x5ca\xd1\x08\x97\x9c9\xc93hb\
\xb9F3kF1\xcb\x9b\xa5,;\xcc\xcfM\xb4B\
\xa5\x93\x84\x8c.cKP\x9dIj \x13b9\x80\
\xadU\xf1\x0d\xb3I\x8ao2b#\xb1\xd7a@U\
\xc4uv\x901\xf9\xe1b\xa7\x87\xc7\x0a\x8b1\xbe\xb8\
!;K$;\xd2A\x16\x09\x85\xe1v\xba\x10\xe3p\
\x13\xd1R\x95\x0c\x99Z\x0a\x5c!\x01\x93Z\x9c\xf8$\
o\xc5\xd4\xa7\xf8f\xcehD\x01\x8c?\xd3b\xe6a\
\xd1t\x80)\xeeD\xb1\x86q\x18\x931<~\x93\x0c\
\x19\xddF\x87\xd3\x08\x9bQ\x87\x1e\x15\x11<r\xe90\
\xac\x9ez1VN\x1e\x82e\x93\x08\xd7P\x95\x86a\
\xc9\x84!\x98ymO\xbc\xfe\xf8\x158\xf4\xfel4\
2>\xf9pZ\x020\x01\x19[\x8c6M\xc7\xa1\xcd\
3qt\xfb\x1c\x9c\xdc\xb3\x10'\xf7,\xc2\xf1\x9d\xec\
O\x9c\x8d\x7f\xbf\xf5,\xbe\xfa\xd3c\xd8\xbb\xfa^l\
Zp3\xfe>m\x02\xfe\xfc\xc4\xb5x\xf5\x91+\xf1\
\xa7\x87\xaf\xc4\xab\x8f\x5c\x85W\x1f\xb9\x02\xef\xce\x18'\
\xb2\x93\xbf~\xba\x16\x9b\xd7>\x82\xb6~%\xe1A\xc0\
\x84\x15\xab\x8d\xa2!\xe4D\xc4T\x88\x91\xedK\xb1\xec\
\x961x\xe5\xae\x0b\xb0\x96pM%\x5c\xc3\x85\xd6\xdf\
Fk6\x04\xcbo\x1c\x8c\xdd\xcb\xef\xc1\xaf\xbbV\xe0\
\xd8\xb6E8\xb4}\x9e\xd0\xe1\x1d\x0bpt\xfb\x12\x1c\
\xdd\xbe\x18G\xb7-\xc6\xe1\xed\x8a\x9bH\xc8\xd2Y2\
\x05\xb4\x16 ;\xb0\x06\xf7_?L\x9c\x19\x0b8M\
b\xb3L\xefVQ\xcc\xb9v(\x96^7\x10\xcf^\
\xd2\x0d\xcf\xdf9\x06\x9f\xady\x08\xf3\xc6\xf5\xc5\xfc\x09\
\xc3\xd0\xbf&\x84\x026\x15\xc4\xa7u\xa9!\xa3%+\
Nk\xcd\x9a \xe3\xc1P\xbe\xcf\xec\xec L\xa9\x80\
I\xc8\xe8.\xb2k_n\x1bJ\x05\xe9\xf7\x8b\x901\
\xc6\xe3vYE\x04\x8c\xd0\x09\xe3SX\x80\x18\xcf\x96\
\xc5\xec(\x0fZ\x91\xe1\xe4|\xc5\xb8\x5c\x16\xee\x82f\
\x01:\x192\xaf\xd3\x0c\xaf\xcb,\xd2\xfa\x9c\x81\xc1\x1f\
\xc4 \x8f`\xf9|^\xf8\x99\xc5\xa1\xc9\x0e\xd0]\xe4\
\xf0\xff\xa0\xa8\x99)V\x8c\xf1X2d\xf2>\x95\x0e\
\xae\xd4\xd1j\xea\x01\x9cb\x14@)W\xe5X\x12\x87\
4\x157\x91\xae\xa1\x02\x98r^,Stu\xd0b\
\x11,\x16\xc3\xa5\xab\xe8\xf7{\xc4\xf0\xd6\x8e\xe5>L\
\x1d\xd3\x13+n:\x1f\xabo\x18\x89e\xe39\x18f\
8\x96O\x1a\xa9X\xb08d\x8b9\xfal\xdc\x00l\
Yr\x1b\x8eo[\x88\xe3[f\xe3\xe8\xa6\x998\xbe\
e.Nlc\xaa}>\x1aYD\x16\x89\x8ay8\
\xbcu.\xbe\xfa\xcb\xe3\xf8`\xf1\x8dx\xf1\xb1k\xb0\
\xf4\xce\xf31s\xf2 L\xbb\xa6\x0f\xa6]ynB\
\xb3\xaeUf\x16r \xe8\xa2\x89\x83\xb1p\xc2`1\
^m\xfa\x95\x9d\xf1\xce\xb4\xb1\xc0\xb7\xaf\xe3\xe1\xf1#\
P\xe7\xd6\xa3\x9b*\x0e\xab\xf2\x9aPk\xcd\xc3\x94A\
\xed\xf1\xe2\x1dW\xe2\xc5[/\x14S\xa4\xd6\xdf:\x02\
\xebn\xa3%V,\xd8\xf2)\x83\xf0\xfc]c\xf0\xcf\
\xd7\x9f\x05\xf6\xacC\xe3\xd6\x058\xb6m\x1e~\xde1\
\x1f\xc7w/\xc1\xf1]Kqt\xcb\x22\x1c\xdd\xba\x18\
\xc7\xb7-A\xe3\xae\xa58\xb5o%N\xed_\x89\x13\
{\x97\xe1\xf8\xae%*\xd0\x14\xd8Dr$-d\xab\
1~TwQ\xee\xf0\xbb\x8c\xe8\xdf\x10\xc3\x82\xeb\x87\
b\xe9\xb5}\xf1\xec\xa5]\xb1\xfe\xae\x8bp\xf8\xdd9\
\xc0\xee\x15\xf8d\xc3}\x22i4u\xf89(\x11\xe3\
\xf1\x94\xa1Bt\x1be\xe2C\xa4\xf4\xe3\xd6\xacH&\
Ar%h\x0ad\x5c\xf1Ko\x85#\xe3B-B\
\xe6\x16\x96L\xb8\x8cZ\xa5\xec\xd4\x1c\x9a\xdf/\x01\x19\
w%dp\xfd\x16]F\xc5m\xb4\x1a\x8d\xa8\x0d\xb3\
I\xdb\x85\xca\x90\x19e~32lf\x0d(\xbb\xa5\
\x18\x0e\xce\xf0\xb0i\xe1\xb2\xeb\xe0fC\xb0\xc3$\xba\
\xee\x99\xb6gV\x91;w\xf9$\x0b\x0a\x0b\x84\xf5\x22\
\x5c>\x9f\x0b~Z\x86 \x87\xe60^\x8a\x88\xeee\
\xa6\xf3\xe5\x11\x17E\xca|\x0f9\x0a@\x0c\xd3\xe1H\
\x00\xce\xfc\x88qf^\xd3\x12\xf0\xd4}\xc41\xba\x86\
!\xaf\xb8\xe5\xff\xe1q\x19\xa5\xd8\xdc\x04\x98\x94\x1c%\
\xc0\x85\x7f\xc2b\xf9\x193\xc6\x15t\xc2\xcb\xf8\xcci\
\xc7\xd8\x81\x9d1\xef\x86QXq\xe3H,\x990\x08\
K'\x0d\x11n\xa1\x02\xd9\x08\xa1\x15\x93F`\xf1\xb8\
\xc1X7u8\xbe{\xed\x11\xfc\xfa\xc9\x0a\xfc\xb4i\
\x16\xbe\xfb\xdb\xd3\xf8\xf2\xb5G\xb0o\xfd=\x22.\xdb\
\xb4`*6-\xb8\x05;\x96\xde\x89\xad\xcb\xee\xc0_\
\xe7\xdc\x80\x19SF\xe2I~\x82O\x18\x8ag\xc6\x0f\
\xc5\xdd\xe7w\xc6\xb8s\xcbpC\x9fJ\xdc=\xb4\x01\
\x0f\x8d\xe9\x84G.\xec\x8a\xc7/\xe9\x86G.\xec\x84\
G.\xe8\x84i\x97\xf5\x101\xe0\xf2\xc9\x83\xb0p\xc2\
\xb9\xd8\xfb\xca\xa3\x18\xd9!\x8a\x8e1\x8f\x80\xabke\
\x08Qs\x09\xcem\x17\xc1\xf4\x9b\x86\xe3\x85;/\xc2\
\x8b\xb7\x8c\xc1\xf37\x8d\xc6\xf37\x8f\xc6\x86[G\xe3\
\xf9\xdb\xcf\x13\x80-\x9e2\x08\xaf\xfe\xf1Z|\xbfq\
\x09N\xef_\x8f\xc6m\x04I\x89\xf3N\xec]\x82\x7f\
\xbd=\x0d\xaf=~%^|\xf0\x22\xa1\x97\x1e\xba\x14\
o<y\x0d\xde\x9f;\x05\xbb\xd7\xdc\x8b\xaf\xff\xf2$\
\x0e1\xf1\xb2o9N\xed_\x81\x13{\x96\xe1\xc8\x0e\
&B\x9a\xdc\xcb\xc3q\xd0\xf8\xa1r|\xdfr\x0c\xeb\
V\x83\x92\x9c\x0c\x0c\xefR\x8b\x85c\x87a\xd95\xfd\
0\xfd\x92\x0ex\xf5\xe1\xcbp|\xe3b\x9c\xd84\x17\
G\xde\x9f\x8eS;\x17\xe1\x839\x93\xf0\xd4\xe5}Q\
\xe9\xb2\xa28'[$L\x98id\xfd\x8c)|\xc6\
\xc7R\x9a\x82l1\x1a\x5cl\xb9\x89\x03'\xc5\x9eG\
\xb3A\x9b\x94vO\x15\x1b{i\xcd\xecVe/B\
20\xc9\x0b\x09\x93\x95\xfa\xd88`\xf1\x9f\xc1\x9c\x04\
!\xe3\xd7\xb9y\xb9\xf0\xba\x95\xf3}\xad\x82N\xd4\x04\
\xecbqE\xc5\x99 \xf3\xb0>f7\x8at6a\
+)R\xeab\xd9\xd9\xd9p\xbb\xddMV,\xe0F\
 \xa8$\x0f\x08\x19\x93\x1e\x0e\x9b-\xd1V\x95\x0cZ\
\x13l\xc2\xaa\xfdN\xc8\x08&\x8f\xa6\xd0\x82\xc9\xf9\x1c\
j\xb8x\xcb\xef\xebu%q\xd70\x9eM\x0c:\x10\
\x0a9\xe1p\x98\x84{\xd1\xa32\x8c\xa5S/\xc4\xbc\
q\x83\x84\x95b\xac\xa5\xc4_C\xb0\xfc\x86\x91Xq\
\xf3hq\xc0r\xce\xb5\x03D\xd1y\xfb\xe2\xbb\xb1c\
\xf5\xddxk\xee$\xbc\xfc\xd45xk\xf6D|\xb4\
x*\xb6\xad\xbc\x13\xfb\xd7=\x88\xcf_~\x14\xdf\xbe\
\xf9$~xg&~|o\x96\x98\xd8D\x17\xac\x91\
1\x17c\xaf}+pl\xe7\x12|\xfa\xc6cxs\
\xfa\xf5Xy\xd7(\xcc\x99|.\xe6O\xea\x83\xe57\
\x0e\xc7\xd2\x1b\x86\x8b3f\xf3\xaf\xe9\x8f\xe5\x93\x86a\
\xe5\x0dC\xb1\xfa\xe6\x11x\xe4\x9a\x9e\xe8\x1c\xb1\xa2{\
m\x19:\x96\x86\x11\xd0\xe7\xe3\xda\x11]\xb0\xff\xb5i\
x\xf1\x0f\xe7c\xed\x8dC\xf0\xfc-\xe7a\xc3-c\
\x84^\xba\xedB\x91\xe4X~\xe3PlZp+N\
\xec\x5c\x89\x13\xfbV\xe2\xe8\xce\xc5hd<\xb8\x83\xd0\
,\xc5\xbf\xde\x9f\x86uw\x8f\xc2\xd2\x1b\x06a\x153\
\x8e\xb7\x0c\xc7\xf2\x9b\xb8D\x90V\x95\xa3\xb6\xcf\xc5\x82\
\x1b\xfab\xc5\xdd\xc3\xf0\xda\xd3W`\xdb\xaa\xdb\xf1\xcf\
w\x9e\xc5\x89=K\xf1\xeb\x81\xd5\x028\xba\x97G\xb6\
.\x12\xa0\xb1C\xff\x1f\xef\xcfA\xa5\xcf\x8cQ]\xeb\
\xb0d\xf2yXzu\x7f<wIg\xfc\xe5\x99+\
\xd1(\xac\xff|\x1c\xf9p&\x8e~0\x03\xc7?\xa4\
\xbb=\x1f\xaf=z\x05Fw\xae\x82&+K\x8c\xc8\
\x13\x13\x94\x99\xce\x17mV\xc9\x90\xc9\x19\xfc\xa9\x901\
\x19\xa2c\xe7{\xfc<Z:\x112\xa7\xc5\x0c\x9f\xc7\
%b\xa5\xb3\x87\xace\xd0$l\x94\xb1D\x83\xca\x90\
\x1b\xad#^\xb1\x94\x82\x13\x88\x09\x18\x97WP-B\
\xe6\xb2\xd1]4\xc1\xef\xb2\xc0P\xac\x8cM\x93n\x22\
kb>\x1f\xad\x98OX0\x01\x18\xb7cr\x04\x9a\
\xdb\x03\x97S\x99\xaf\x90\x1e2)\xba\x86\xc9\x90\xa9\x17\
~\xab\xc5\xad\x9b\xcc,r\x8c6!\x92\x16,\x9d\x9b\
\xc8\xb6)\x96\x0e\xe8\x1e2\xa3\x18\x0a\xb9\xe0fF\x94\
G)8\x07$#\x03W\xf7\xed\x80e\x93\x87a\xc1\
\xd8!b\xce\x06]\xc3\xe5\x93\x87c\xd1\xd8A\x98u\
M?<|a\x17\xdc\xd8\xa7\x1a3\xc7\x0d\xc2;3\
n\xc6\x96\xa5\xf7a\xe7\xbaG\xf1\xc5\x1b3\xf1\xef\xf7\
\xf8\xc9\xbd\x10\xc7v,\x10\xb1\xd6\x89\x1d\x0b\xd1\xb8m\
>\x8eo\x9d-\xd2\xf8t%\x8f3\xd9\xb1}\x16\x0e\
m\x9f\x8dC;f\xe3\xf0\x8e98\xbek\x11N\x7f\
\xbc\x02\xa7?^\x83\xaf\xff:\x1do<7\x1e\xb3'\
\xf7\xc73\x97v\xc7\xb3\x97\xf6\xc2\x82\xb1\x9cT5\x0a\
\xab\xa6\x8c\xc6\xda[\xc6`\xdd]\x97\xe0\xa2.e\xe8\
X\xe6\x15\xabT\xb9$\xfc\xb9\xbb.\x05\xbe}\x11\xef\
\xcd\xbe\x16+'\xf4\xc6\x8bS\x87\xe3\x85\xa9c\xf0\xc2\
\xd4\xf3\xf1\xe2\xd4\xf3\xc5A\xcbu\xb7_\x80O\xd7?\
\x8e_\xf7\xac\x11I\x95\xc6]\xf3p|'\x9by\x17\
\xe2\x97\xbd\xcbD\xb3\xf1\x9a{\xcf\xc3\xfc\xebzc\xf1\
\xf5\xfd0\xff\xea\xfe\x98}y_L\xbf\xa8\x17\x9e\xbb\
\xf0\x1c\xcc\xbc\xb4\x17f]\xde\x1bs\xaf:\x17\x0b\xb9\
5\xe6Z\xee>\xeb\x89\xf9\x13\xfb`\xed\xbd\xa3\xb1q\
\xd1\xcd\xf8\xf6\xedgqz\xdf*\x9c\xd8\xb5B\xc0v\
r\xf7J\xd1Wy\xff5\xe7a\xedm\x97a\xde\x95\
\xbd1\xfd\xd2nxw\xfa8\x9c\xd8\xbbP\xd4\xfa\x0e\
o\x9a\x85#\x1f\xce\xc2\xd1\x0fg\xe3\xd8\x07\xb3pj\
\xf3\x02\xfc\xf8\xdesx\xf4\xba>p\x16qd\x83\x92\
\xfc\x90\xa7\xcb\x85ES\xc1F\xc8\x84R \xa3\xfb\xc8\
\x82/kX\xa9pI\xd1\xc2\xd9L&\xe1>\x96\xc4\
\x17\xb4\x9f=d)\xa0\x89XL\xb1^<\x8e\xc3\xec\
i\x9b\xa8O\xc4\xc8\x9c\xd5\xc8\x01\xa9j\xc0~\x032\
\xa3\x98\x19haz<\x0eX~~\xbe\x88\xb5\x02>\
\xb7\xd8T\xcf[\x16r\xc5F\x16\xd6\x99\xc2l\xcce\
\xdb\x922\x02N\x1ewI\x95\x1a\xb6t\x80\xc9\x11\xcd\
\x89\xfb\x9c\xfe\xe4\xb2\x898K\xa9\xf47Ot(\xf3\
:\xb2a\xb3Z\xe2\xab\x9a8\xb1\xc8\x09\x83\xbeD\xb4\
\xdf\xe4sF\x7f^\x0e\xf4\xc5\x1a\xfc\xe1\xf2\x81X<\
~\x10\x16\x8c\x1b\x86\x99\xd7\x0d\xc6c\x17\xf6\xc0\x1fF\
v\xc6\xbd\xc3:\xe2\xa1\xd1\x9d\xf1\xd0\xa86\xf8\xf3\x13\
\xe3q|\xeb*4n[\x82c[\x17\xe2\x08G\x9e\
m\x9a\x87\x9f7\xcd\xc5\xf1\xcd3qb\xebt\x9c\xdc\
6\x13'\xb7\xcf\xc1/;\xe6\xe2\xd7\xdd\xf3E\xad\xe8\
\xd7\x8f\xd9\xbd\xb1\x0c8\xb04\xa1_?^\x82_\xf6\
-\xc2\xc9=\x8b\xd1\xb8{\x11\xbey\xfb\x19|\xf7\xce\
L\xfc\xcf;3\xb0\xf7\xf9\x07\xb1\xe6\x0f\x17\xe1\x0fc\
\xda\xe0\xfe\x91\x1d\xf0\xd8\x05\xe7\xe0\x99Kz\xe2\x89\xcb\
{\xa3oeP,/\xe8\xd1\xe0\xc6;k\x1f\x01\xbe\
\x7f\x15\xffx\xfbQ,\xbf\xb1\x1f6\xdc4\x04/\xdc\
2\x02/N\xbd\x00\xcf\xdfz>\x96O\x19\x8e\xd7\x1f\
\xbe\x06?\xbe7W\xc4UGw-\xc6Q\x16\xb5w\
.\xc4\xb1\x9d\x8b\xd0\xb8{\x09\x8el\x9b\x8f\x17\x1f\xbe\
\x18\xd3\xae\xea\x8a'\xc7t\xc0\xec\xcb{c\xfe\xd5\xfd\
0\xef\xca\x01\x98s\xf9@\xcc\xbd|\x00\xe6]3\x08\
3\xae\x1a\x80g.\xe9\x85\x99W\xf6\xc7\xdc\xb1\x031\
\xe3\xea^x\xfa\xd2\xaexpL\x07\xdc9\xb4\x1ew\
\x0eo\x85\xe5\xf7]\x82\xaf\xdf\x9e\x83\xaf\xde\x9e\x8d\xaf\
\xde\x9e\x8e/\xff>\x1d\xbb\xd6<\x8c\xe7.\xee\x8a\xc7\
.\xe8(\x92:\xf8x\xad\x00\xfb\xf8v~\x10-\xc4\
\xf1\xcd\xf3q\xfc#\x05\xb2\xe3\x1f\xcc\x02v-\xc6\xde\
\xe7\xefE\x97\xa8\x1dE\x99\x99\xca4eNWf\xed\
,\x054\x16\xa7[\x82\x8cb\x1fa*\x5cj\xc8X\
\xf3bQ\xd9j6$N8\x8b\x81\xa9\xcd\x80:\xb3\
\xa4\xf5b7P\x0d7o\xc6\xdc\xa8\x0b;P\x13\xb2\
\x09U\x07\xad\x022\x09Z\x85\xcf\xd42dLv\xd8\
\x8dz\xb1\x83\x8a?4''G\xd4\xc4\xfc\x9cF%\
g2\xf8\x9db\xdd\x912'\x8f\xe7z\xfcp\xb0\x02\
\xafj\x0eN\x07\x9b\x1a2\x09\x98\x1a29\x1fO\x8c\
j\x0e\xf9\xe1s\xdb\x13)yi\xc9Dr#>\x08\
G\xc6a\x1cy\xc0\x828\xfb\x13\xb9\xb9\x85p\x11<\
\xf6\xc1\xf1>\x0f\x98\xc6\xdcv\xcc\x9a0\x02\x8b\xc6\x0d\
\xc63\x97\xf6\xc6\xfd\xc3;\xe2\xb1\x0b{b\xc6\xb5\x83\
\xb1`\xe2p,\x18;\x00{\xe7O\x05v\xad\xc2\xa9\
\xdd\xec2_\x0a\x1c\x5c.\xf4\xeb\x81\xe5\xf8\xe5\x93\x15\
8\xb9w\x85p\x07\xff\xf3\xd1\x1c|\xfb\xf7\xe9\xf8\xfa\
o\xcf\xe0\x8b\xbf<\x89\xfd\xaf=\x81\x9d/?\x8e-\
\xeb\x1f\xc0G\xab\xef\xc6G\xab\xee\xc6\xc65\xf7`\xf7\
\xcb\x0f\xe1\x8b\xb7x\xbce\x11N\xec[\x05|\xfd\x22\
\xf0\xcf\x97\x81o6\x00\xdf\xac\x07\xbeZ\x8f\xaf\xff\xf6\
\x14^x\xfcr\xcc\x9a8PX\xd8[\x06\xb4A\x95\
\xa5\x04W\x8d\xec\x8e\xaf6.\x00\xbe\x5c\x8f_\xf6/\
\xc6_\x9f\xbd\x5ctp\xbcp\xf3\x08\xbcp\xabr\x06\
l\xf9\x94a\xf8`\xf6\x8d\xe2\xec\x17]\xba#\xbb\x16\
\xe0\xc8.\xc2E-\x16\xfae\xffJ\xbc;s\x02\xe6\
O\xe8\x83\xd57\x0d\xc5\x86\xa9\x17\xe0\xc5\xdb.\xc5+\
w^\x8eW\xee\xbe\x02/\xdcq)V\xdc0\x12s\
\xae\x1b\x88i\xd7\x0f\xc4\xac\xf1C0}\xdc\x00L\x9f\
0\x00\xcb\xef\x18\x83\x17\x1e\xba\x0c/?v-^\xf9\
\xe3x\xbc\xf8\xd8\xb5X\xf3\xf05xk\xc1\x1dx\x7f\
\xd9=xw\xc9\xed\xd8\xbe\xe1\x0fX|\xfb0\xdc>\
\xa0\x1c\xcbo?\x0f\x9b\x97\xde\x8dw\xe6L\xc5\xbbs\
\xa7b\xc7\xca\xbb\xb1w\xdd}8\xf8\xd2C\xf8\xd7\xdf\
\x9e\xc1\xb1\x0f\xe7\xe0\xc4\xa6\xf98\xfe\xe1\x1c`\xdf2\
L\xbfy\x94hD6\x15*Gr\x04hL\x820\
\x95\xcf\x1eG\xd1\xcf\xa8t\x81\xa4\x83\x8cq\x19\xfb\x06\
ewF\xaa\x08\x1a{\x0e\xdd63<.\xbb\xe8Y\
l\xb2f\xcdAJ\x95\x04\x8b*.d\x91\xdd\x89\x86\
X\x00\xf5Q7\xea\x22\x0e\xd4\x86\xed\xbf\x1f2v\xdb\
s`NA\xe2\xc9d\xc3j\xb5\x8ad\x87Odq\
\x9cbVC8@\xc8\xbc\x88\x05\xb8\x09$\x08\xa7\xcd\
\x9a\xd8\xdb{\xb6\x90I\xc0$d\xea\x03u\xfc\x9a\xdb\
7h\x85\x04\xe8\x89\x05~\x84^5\xd2-\x97\x9d\xf9\
\x05\xa2O\x92p\xd1ed!\x9a\xe6\x5c.=(,\
\xc8\x17\x9d\x1c\x03\xeb\xcb\xb0\xf8\x86\x91X8v\x08\xe6\
_?H\x8c\xc4^=\xf9<\xac\x99\xcc\xb9\x82\xc3\xf1\
\xc9\xea\x07pz\xcf:\xfc\xe3\xad\xb9\xf8p\xe5\x03X\
\xf9\xd4x<=\xf5\x02\xdcs\xed`L9\xbf\x17.\
\xed\xdf\x1e\x83\xbb\xb5B\x8f\xd6\xe5\xc2M\xa8\xf6:Q\
\xe9\xb6\x88q\xcca\x93\x06\x01C\x91\x90OW N\
 \xfbtE\x08\x9bK\xc4\xd6\x95nUA\x8c\xe8\xda\
\x0a\xe3F\xf6\xc6\x03\xe3Gc\xde}W\xe3Osn\
\xc6\x8eW\x9e\xc0\xb7\x1f-\xc2\x8f\xdb\x96\xe2\x1fo=\
\x8b\xdd\xeb\x1f\xc0\xf5}\xaa\xf1\xf8-\x17\xa0\xf1\x8b\x0d\
\xf8\xf5\xe02\x9c\xde\xb7\x00\x9f\xbe\xfa V\xdc\xd0\x0f\
/\xdc6\x02/\xdc\xc6\x11\x01\xc3\xb0\xf6\xf6\xd1\xd8\xbf\
\xee\x0f\xf8e\xdf\x0aQcc|D\xcb\xa5H\x01\xec\
\xe4\xde\xe5\x22\xa6Zq\xc3@\xac\x992\x04\xcfO\x1d\
\x83\xe7o\xbe\x10+&\x8d\xc4\xc2\xf1C0\xf3\xfa\x01\
\x98?e\x04\xd6\xdd{9\xde|f\x0a\xb6\xae}\x0c\
\x9f\xffu:\xbe\xe3\x01\xd2\x9dK\xf0\xcb~\x9e{[\
\x0a|\xb2\x22\xde\xbf\xb8N\xdc\xfe\xf2\xf1\x1a\x9c\xdc\xbf\
\x1a\xbf\x1cX\x8b\xa3;\x97a\xce\xa4~xw\xe6\x8d\
\xf8e\xcfj\x1c\xdd\xba\x14\xdf\xbf7\x17\xdf\xfcu:\
>\x7f\xf5\x19\xec\xdf\xf0\x18>Xx\x07\xde\x9au#\
\xfe\xfc\xdc\x04\xecY}/\x8emZ(\x86\xf2\xfcg\
\xd3B4D<(\xca\xccV\xc68\xc4!\x13\xf5\xb2\
8d\xdc@\xda\x12d\xb9\x99\x19\xa2)\xf7\xb7 s\
q\xb1\x84\xcf-\xda\xa7$4\xa9@\xa5\x03\x8bYL\
+\xcf\xc4\xb9\x1d\xa8\x0f\x07\xd0\x10\x0d\xa0>\xe4R\x06\
\x9f\xaa \x13`\x05\x14\x171\x052-l\xe6\x12\xd8\
9\x91\x8a\x83r\xecJgqa\xae\xb2i2'+\
\x0bf\x83\x11~\xb9<\xcd\x13\x9f\xf6\x1a\xa0xl\x9f\
3\x0a\xc3\xa2\xdb\x99\xbb\x9ed[\x95\xec]\x14\x877\
\x09\x10\xe3\xb3\xb8\xcah\xbd\xe2J$7d\xfc\x15\x87\
\x8c\xf7C^\x17\x8a\xe2\xcd\x9db\x14\x98\xa8\xf6+\xdb\
\x1e\x15e\x8a%\xe5\xbc-)\xcaGIa\x9ex\xd1\
\xf9\xe2k\x84/\x9f#\xbeW\x5c\x98\x87\x22n\x17\xc9\
\xca\xc0\xa4\xc1\xddD\xf7\xfc\x82\xeb\x87`\xe5\x84\xf3\xb0\
b\xf2h<{\xe5 \xdc1\xb4;\xa6\x8e\xec\x89\x1b\
G\xf5F\x9f\x86\x18j\xbc\x16\xb8\x8a\xf3\xa0\xe5\xba \
~\x82\xb1\xbb #\x13\x86\xac\x1c\x18r\xf3a\xcc/\
\x84\xa5H\x03\x9bF\x03[q\x11\xec%\x1a8\xb4\xdc\
\xaf\xcd\xa9_Z\xb8yk\xd2\xc1c\xd2\xc2c\xd4\xc1\
g2\xc0\xcfcE\xda\x22\xb4+\x8d\xe2\x82\xbe\xdd0\
\xe5\xe2!x\xec\x96k\xb0\xf4\x89)\xd80k\x12^\
[x3\xf6\xff\xedI\x9c\xfc\xfa\x05|\xf1\xdes8\
\xfd\xf9:\x1c\xdf\xbb\x10\xc7w\xcf\xc3\xb1]\xf3\xf0\xc2\
\x83\xa3\xb1\xfa\xc6\x01x\xe1\xb6\x91\x02\x98W\x1e\xb8\x14\
\xff~k.\xf0\xf1:\x1c\xa5;\xb8s\x91Hr\x10\
\xac\xa3\xbb\x96\x08\x1d\xdb\xb5\x04\xbf\x1eX\x83\x8d\xcbo\
\xc1\x8ck\xba\x8b\x0d1\xcf]\xdd\x073\xc6\x0f\xc2\xea\
{/\xc7\xa6%\xf7\xe0\xb3\xd7\x9f\xc1\x91m\xcb\x80\xfd\
\x04\xe8\x05\xfczp\x0d\x1a\xf7-\xc1\x09\x1e(\xdd\xbf\
\x18'\xf6.\xc5\xa9\xbd,\x92/\xc6\xe9}<\xb8\xb9\
\x02\xbf0\xeb\xb8w\x99\xc8>\xb2\xb7r\xc7\x9a\xbb\xf0\
\xe7g\xc7\x89\x9fq|\xfbb\xe5 \xe7\xf6\xd98\xb6\
}.\x1aw-\xc0\xc9=K\xf0\xcb\x9eUh\xdc\xb1\
\x0c?~0\x17\xffz\xfbY\x1ca\xb6\xf1\xa39\x22\
\xfd?\xef\xbe\xeb\xc5\x87\xa0\xa9H9M\xcdQ\xe1\x02\
4\x09[\x5c\xa2\xdd*\xe5\x80'-\x19\xc7\x17\x10&\
\xd9c\x98\x0e2\xba\x94!\x9f\x0bf\x93\xb2\x90DB\
\x96\x91\x02\x15U\x98\x9f'\xb2\x96\x01\x97\x0d\xd5!7\
\xda\x95\xfa\xd0\xb6\xd4/\x92\x1bb\xdeb|\xee\x22\xe7\
/J\x0bV\xcd\x99\x8b\xb4b~\xd5\x5c|\x9f\x19\x19\
v\x8b^\xecgrX\x08\x98U\x0c\xf8\xcf\xcfV,\
X~N6\x1cV\x8b\x18\xf3\xa6\xf6o\xe5\xd9\x9bH\
\x80qS\x086\x93%>\xccF9\x15\x9d\x0e2\x1e\
\x92S[-)u\x0c\xa6H\x01\x8c\xd9\x22N.\xe2\
\xf3\x90q\x98Hx\xe44\xcd\x81\x90@\xc9O\xb4\xa2\
\xdcL\xf1i'\x83e\x8e\x88\x16\x83\x5c\x0asQ\xc0\
xMW\x84?^\xc1Z\xd4@<}\xe5\x00\xdc\xd4\
\xb7#.\xeaX\x8f\x9e\xad\xaa\xe0\xd0\x96\x88\xc2(\x8f\
\xce\x17eg@\x9f\x9f\x0d\x8b\xa6H\xac:\x12\x00\xe9\
J\xe0\xd1\xeb\xe0\xd1sT\x03\xa5\x87\xdb\xc8\xb3x\x1a\
\xb1?\x80\x93\xbe<\xa6Bx\xcd\x85\xf0[5\x08\xd8\
4\xf0\xdb4\x08\xdaK\xc4\x22\x8f\x90\xdd \xc6\x06\x94\
\xba\x0c\x88\xda\xf4\xa8q\x99\xd1\xad\xd4\x8f\xf3\xba\xb7\xc2\
\x94\x0bz`\xdamc\xf0\xd7\xa5w\xe2\xc0;3\xf0\
\xfd\xaee8\xf9\xc5Z\x1c\xde\xbb\x00\xc7v\xcd\x06>\
[\x8e\xed\xebo\xc3\x92\xc9\xe7b\xc3\xd4\xe1Xu\xc3\
 \xbc7m\x22\x8em_\x81_>Y\x87#{\x97\
\xe2\xc8\xdee\x024\x09\x97\x00l\xf7R\xa1_>Y\
\x8dw\x16M\xc6;\x8bn\xc2;\x8b\xa6\xe2\xbd\xa5w\
\xe1\xbb\x0f\xe7\xe3\xe4\xc7\xeb\x81\xcf6\x00_<\x0f|\
\xb9A\xd1\xd7/\x01_l@\xe3\xbe\x15\xf8q\xeb\x02\
a\xcd\xbezg\x0e>\xff\xdb\x1c\x1c\xfc\xf3\x0c\x1c\xf8\
\xf3t|\xf2\xe7\x198\xf8\xd7\x99\xf8\xc7\xbb\xf3\xf0\xfd\
f\xfe\x9eU8\xb2})\xf0\xc5+\xc0W/\x03_\
\xac\x06>]\x8e_?fRd>\x8e\xef\x9c\x83c\
\xdbyzz\xbe\xd0\xf1\xad\xf3p\x8c-f\x9bf\x0b\
\xc88\xbb\xe4\xd0\x96\xe5\xe8\x5c\x16\x10\xab\xa3\x18\x9b1\
\x09\xc2l#A\x93V\x8d;\xdd\x18\xa3\xc9\x02\xb5\x14\
3\x8c\xac\xa9I\xc0Z\x82\x8c\xa7\x96y\xfdr\xb9\x04\
\x9b)\xd4P\xe5fgAW\x5c\x04\xb7\xcd\x84\xd2\xa0\
\x07\xad\xcb\x02h_\x11@{\x8ey\xe0\x8cE.\xa2\
\x88:Q\x1fq\xc7!S\xc4IU\x1229\xdc\xb4\
\xc6\xaf\x0c8\x95\xa0e\xd8\xcc:8\xac\x068y\x06\
I\xccZ`q\x8dko\xf2\xe1ds\xa4\xd7\x0d\xaf\
\xaa\xfe \x07\x9f(3\xcb}0\xea\x949\x1fy\xd9\
\x1c\xad\xa6\x1csI\x85\x8c\x9b6R\xd3\xf2R\xc9\x80\
\xf1\x0c\x10\x0f\xe15Y0J\xb8\x87r\xe2\xaf\x0a2\
\xf5\x0b-\xac\x97*\x1bE\xc0\x9a\x94+\x5c\x8aV\x01\
\x17\x16L8\x0f\x8b\xc6\x0f\xc5\xec\x89\x03q\xf7\x98\x1e\
\xb8z@\x0f\x0c<\xa7\x83\x98\xa5\xc7Y\x81\xc6\xe2l\
\x184\xdcj\x92\x05KQ\x81\xb0R\xd6\xb8\xa5r\xea\
\x8a\xe1\xd2s\xf0\xab\x16N=\xa7-\xeb\xc5\xd8\x06\xce\
\xab\xa4\xf5\xe2Id\xcag\xa6\xb8%\xc7\x80\x80\x95{\
\x06\x8c\x08\xdb\x8dbU\xb0X\x1b\xec0\xa0\xdcnB\
\xcc\xa0\x85O\x93\x09OA\x06<\xf9\x19\x08\x15g\xa1\
_\xab(f\xdd?\x16[^y\x02?\xee\x5c\x80\x13\
\x1f/\xc3\x0f\xdbfa\xe5]\x83\xb1|J\x7f\xac\xb8\
y0v\xad\xbeG\xb8h\xc7?^\x81\xc3{\x97\xc4\
![\x9a\x80L\xc2\xa5\x16\xbf\xff\xcb\x81\xd58}p\
\xad\x80\xe8\xe4gk\xf1\x9f\x9d\xcb\xf0\xd5\xdbs\xb1\xfd\
\xe5g\xf0\x97\xe5\x7f\xc0\xb2\xc7\xaf\xc7\xa3\x93Ga\xca\
\x98\xde\x18\xdd\xb5\x06\xbd\xab\x03\xe8\x1as\xa1C\xc0\x8a\
\x06\x8f\x11\xad]z\xb4r\x1bQ\xed\xb1\x89\x13\x01|\
=;\x94\x06\xd0\xab>\x821\xbd\xeb1~\xcc\xb9\xb8\
\x7f\xc2y\x98q\xdf\xd5xi\xce\x1d\xd8\xfa\xf2S\xf8\
\xe6\x83Ebl\x02\x8f\xc7\xe0\xd35\xc0\xc7\xcb\xc5X\
\xbbc[\xe7\xe0(\x1b\xa1?\x9a\x83\xc3\x8c\xcd>^\
\x83\x85\x8f\x8c\x13G\x8b\x18\x9b\xb1n\xa6\x06-\xd1\x09\
\x92\xc6\x92\xc9k\x81 \x11\xaat\x90\xb1\xc1\x97q\x1b\
\xef\xf3{\xdc\x8f\xc6.\xf9\x90\xd7\x81\xaa\xa0\x0bmJ\
=\xe8P\x19\x10\xfd\xa1\x1d*\xc3h_\xeeG\xfb\x98\
\x1bm#\x0e\xb4\x8e\xd8Q\x1f!`\x9c\x8d\xaf\xb8\x89\
j\xc8\x98\xb2\xafQC\x16\x9f\x22\xdc\x04\x99I\x0f\x93\
\xae\x18\x85\xaaE\xe4\x9c8\xc5\xe4\x81\xc7\xe3\x12\xbb\xc6\
8(R\x02&,\x19\xfb\xfe\x02n\xf18ar\xd9\
JR\xa4A\x94s\x15\xe2{z[\x82,5=/\
\xe3/\x8a\xe3\xba\xd8\xe8\xa9\xc9\xcfS\x96\xbe\xb1\xa3\x83\
\x8a[2\x19\x83\xa5\x03\x8c\x9fn|\x03x\x10\x90b\
v*\xa18dC\xdb\x96c\xf1\x84a\xb8oxg\
\x5c\xde\xa5\x16\xbd\xaa\xcb`.R`\xce\xc9\xe5)]\
\x1e\x9b\xcf\x16\xd6\xa7ui\x00\x15>?\x5c&\x0b\x9c\
&#\x1cF\x13\xdcf\x1b\x1c\x063<\x16\x07\x026\
7\xdc&;\xfcV\x17\x026\x17\x22.\x1fJ\xdd!\
D\xec\x01\x04\xad^\x94{\x22\xa8\x09\x95\x22\xea\xf0\xa1\
\xdc\x13Bu\x90_\x07Q\xc5S\x09\x1e;\xea|.\
\x8c\x1d\xd9\x1f\x13F\xf4\xc4%=\x1b0\xa2S5\x06\
\xb6\x89ap\xfb\x18.\xe9\xdb\x11\xcf\xde~\x0d>{\
w\x0eN\x7f\xb1\x01\x7f\x99q\x0df^\xd3\x05\xeb\x1e\
\xbc\x00\xff\xf8\xfb4\xe0\xd3\x0d8\xce\x0c\x22\xad\x97J\
\xc7w/\xc3\xf1=\xcb\x92\xe0\xe2\xd7T\xe3\xde\xe5\xe2\
\xf6\xc4\xbe\xe5\xf8\xd7G\xd3\xb1q\xfd\x03\xf8\xcb\xb2\x07\
\xb1\xe2\xe9\xdbq\xef\xd8\x8b\xd1%\xe6\x85\x9f'\x9e5\
\x19\x08\xear\x111\xe6#f)B\x99U\x832\x8b\
\x06\xa5\xe6b\x94\x99\x8a\x113\x95 d\xd6!`,\
\x81W\xaf\x81[W\x0c\xbb&\x17\xa6\x82\x0c\xe8s3\
\xc4\xb8o\x9e\xa26r\xe9\xb9^#\x96\xc5\x0f\xeeX\
\x8d\xf1\xe7\xf5\xc6\x9c\xbb\xae\xc4\x87+\xee\xc7\xf7\x1f.\
\x88\xc7v\xabq\x8an\xee\xe6\x05B\x87v\xadD\xfb\
\xca\x00\x0a2\xb3\xc4\xa1\xd3\xb4\x90\xe56m\x89I\x05\
\x8da\x8et\x19S\xe3\xb2$\xc8\x9c6QK\xe5u\
[S\x16D\xb7\xd6\xe5\xe8P\xe1G\xbbr/\xda\xb2\
dR\xe6C\xbbR\x0f\xdaF\x9dh\x13\xb1\xa3!l\
G\xeb\xb0S\xa8^\x88\xb1\x99\x221\xb2\x9b\x9b9\xb9\
j\x89\xb0\xa5@Fe\x94\x14*\xb3\xee\x98\xa6g\x06\
\xd1d2\x08\xb0\xa4\x08\x9b\xdb\xe5\x84/\xee&\xf2`\
\x9b\xc7\xeb@A\xfc\xd0\xa6\x94\xd3j\x13I\x0d\x09\x99\
Z\x1c.\xa9\x8e\xb9\xa4d\x16Q\x11\x0f\xdey\xa1)\
(TF4gf5)K\xb6J);\xc4\xd2\x01\
&!\xe3\xc83\x09\x17\x87\x8d\x0a\xdf\xbe \x0f\x9a\xdc\
\x1cL\x1a\xd8N\x9c\x03\x9b:\xb8\x0b\x06V\x97\xa3\x9e\
1\xa2\xdb\x8e\x8euQ\x9c?\xb0\x03n\xb8x \x1e\
\x9ep\x11f\xdd5\x16\xd3\x1f\x9c\x8a\x8e\xb5\xad\x11p\
\x87\xe0s\xf9\xe1w\x85\xe1\xb1\x07\x11tE\x11u\xc7\
\x10\xb0\x05\xc5m\xd8\x19\x11\x8ay\xca\x10qF\x11q\
DP\x1d\xacAU\xa0J\x00W\xe5/CCi-\
Z\xc7jP\x13,GM0\x86\xbah\x04U\x0e\x07\
.\xef\xdb\x01o\xcez\x00/>q\x07\x9e\xff\xe3\xad\
X\xfd\xf0$\xfc}\xf1\xfd8\xf0\x97\x99xs\xfe\xed\
8\xf0\xb7\xe7p\xe0\x8dG0\xfd\x9aNx{\xc6x\
\x1c\xdd\xc1L\xe7\xf38\xb6wEZI\xa0ZR#\
\xe3\xa7/7\xe0\xe4\xc1\xd5\xd8\xf5\xe7\xe9\x98\xfb\xd0u\
\xb8vxg\xf4\xab\x0f\xa3\x83\xdf\x81\x06\xb7\x11\xf5\x1e\
=j|zT{u\xa8\xf2h\x85*]zT\xd8\
\x0d\xa8\xb0\x19Pf\xd5#f\xd5\x09E9\xa6\xddj\
\x84\x9f#\xde\xcd\xc5\xf0\x98\xb5b^\x0c\xc5\x13\xf7\xdc\
\xa7`))\x84\x81}\x88\x8c\x9b9\x0e\xbd$\x1fm\
\xcb|\xb8t`W<4~\x14\xdeZ\xf6\xa0\xe8J\
\xc1\xfeu\xc07\x7f\xc2\x92?N\x16\xef?\xbd\x08\xe9\
6\xaa!\x13\x1d\xfa\x12\xb4\x14\xc8h0\xa4\xa5Ju\
\x1dy\xab\x86\x8c'\xa2y\xdd\xf2\xd8V\xe7\xba\x18\xda\
\x95\x1107\xda\x94\xba\xd0\x10#\x5c\x94K\xa8!\xcc\
y\x8aMj\x1dr$\xc4\x19\x8bRr\x15n*h\
\x19\x84\x8b\x171g\x1e\xf0@\x1a\xc1\xb2\xf3\xd4g\xfc\
\xbe\xb0h\x9c=\xc7\xaca\xd0\x0f\xb7\xc3\x8a\xdc<%\
fK\xf8\xb399\x08y\xfd\x08s\x0e\xdeY@&\
\xc1j\xb2`\x9c\xcb\xe0AqAAs\xc0~\x032\
\x09\x18\xc5,\x94\xf0\xdd\xe3~<?\x05\x957)[\
$1\x1e\xbe\xb0\x0f\xee\x1f\xd6\x11#\x1aJq\xef\xd8\
1x{\xe5S\x98s\xe7\xd5Xp\xffX,{\xfc\
F\xacz\xec&\xacxp2\xd6?~\x13\xc6\x9d\xdf\
\x0f6\x9d\x03>G\x0c\x01W\x0c>G\x08Q\x7f9\
\x22\xde2\xb8\x0cn\xc4\xdc1\xc4<\xa5\x089\xc2\x88\
\xbab\x08\xdaC\x08;\xc2(\xf7\x94\xa3\xccS\x06\xaf\
\xc9\x87J\x7f%Z\xc7\xeaP\x17\xaeBM\xb0L\xa8\
.\x5c\x86\xca@\x10\xd5\x9e *\xacz<r\xddy\
x\xe9\xc9;\xb0\xe6\xe1\x9b\xb0\xe6\x91\xf1x\xf1\xe9\x09\
8\xbaw\x05\xf0\xd5K8\xb4c\x09V\xdc;\x02\xbb\
\xd6\xde\x03\x1cx\x1e\xbf\xec[\x8d\xc6=)`\xed[\
\x99\x10\xad\x95T2`K\x05`?\xec\x5c\x84\xb7\x97\
=\x80\xfb\xaf\x1c\x88!mb\xc25\x1d\xd6\xa1\x1c\x03\
\x1bJQc\xd3\xa2\x92\x16\xcbR\x80\xb09\x0f\xe5\xf6\
\x22T\xbbu\xa8v\x99Q\xed\xb2\xa0\xcaaA\xa5\xdd\
\x8cr\x01\x99\x16Q\x8b\x16\x11\x8b\x0eA\x8b\x01A\xe1\
&\x97\x08\xc8\xb8;\xc1\xcdd\x8f\x00M\xb9\xdf$\x1d\
\xec:\x0d\xdcf\x03\xba\xb6i\xc0\xb0^=pQ\xff\
\x1e\xb8|Pw<4\xe1B\xbc\xbf\xf8^\xfc{\xeb\
btkU\x8a\x82\xccL\xb1\x90P\x0d\x99\xeck,\
\xc9\xcdBq|\x99\xa0\x1a2\x86;g\x03\x99\xdfM\
\xeb\xe6@~~\x9e\xe8\x00\xaa/\xf3\xa3C\xa5/\x05\
2\x05\xb0\xff\x13\xc8h\xc9\xecf\x13\xbc.\x9e\xf4\xb4\
\x0b\xc0$d\xfc\x9a\x90\x89\xac\xa2\xcf\x03\xb3\xc9\x98\x98\
\xfa\xa3\x96\xbeD\x8bh0\x84 \xc7r\xb1^\xc6u\
I\x8c\xcb\xe8\x0e\xc6\x95j\xc1$`,d\xf3\xc0d\
q\x91\xd2U\x92\x9d\x99%\x94\x93\x99\x99\x90\x02\x99\x22\
\x1eE\x97/\xae\x9ct$\xa5\xcdU\xba\xb8\xd5\x80)\
G(2P\xeb6c\xdaU\x03\xf0\x87am\xb1\xee\
\x0fW\x01\x9f\xbe\x8c\x7f\xbd\xb7\x10\x0b\xef\xbe\x1c\x0b\xef\
\xbd\x1a\x0b\xff0\x0eK\xee\x1f\x8f\xe5\xf7O\xc0\x8a\x07\
o@\x87h\x00ns\x00~W)|\xce(\xca\xc3\
\xd5\x08ybp\x1a=\x02\xae\x88+\x8a\xb0+\x8a\x88\
;&D\xabV\x19\xa8\x14\xa0\xf9L^\xd4\x86\xab\xd1\
\xa6\xac5jC\x95\xa8\xf0D\xd1*\x5c\x8e\xda`\x19\
\xaa\xfdQT\x07B\xa8\xf6\x85Pfs`x\xfb*\
\xbc\xfc\xf4\x1dX\xff\xd8MX\xfb\xe8\x04\xac|\xe8\x1a\
\xfc\xe3\xbd\x99\xf8\xe5\xd3u\xd8\xfb\xa7\x07\xf0\xf9\x9f\x1f\
\x17\xae\x15\xcf\x7f5\xee&<)`\xed_\x95\xd0\x09\
6\xf6R\xfbV\x88\xc4E#!$t{\x96\xe3\xe4\
\xc7+\xf1\xc5\xbb\xcf\xe1\xcd\xf9w\xe0\xa5\xe9w`\xe9\
\x1fo\xc3\x93\xb7\x8f\xc7\xadW\x8c\xc0\xf5\xc3\xbb\xe1\xd2\
s\xdbcT\xc7Z\x5c\xd2\xa7\x03&\x8e\xee\x87+\x87\
\x9e\x83*\x97\x1e\xd5N\x1bj=n\xd4\x07\xfd\xa8t\
XQn7#j5\xa2\xccaE\xa9\xd3\x86\x18\x17\
;X\xcd\xf0\x9b\x0c\x22\x19\xe4c\xb3\xae\xdd\x01\xa7\x9e\
\x89!\x83\x88_]\x06&\x8a\x14\xe8\x08\x1f\x87\xebX\
K\x0a\xd1\xa9U\x15\xee\xbe\xe1\x0alX\xfc\x10^]\
\xf1\x08\xde\x9cs\x0b\xfe\xf5\xdeSxm\xde\xbd\xa28\
\xadn\x1cVC\xc6\xf7Y\x82&!c\xf2\xc3PR\
\xd4\x22d\x14!\xe3-\x87\xaa2\xee\xa7\xcb\xc8\xeb\xd7\
g7\xa3sM8\x19\xb2\xa8K\xa8!\xe2L\xa8u\
\xd8!TO\xb8$dq\xd0\xa4\xbb\xa8\x06-\x01\x99\
\xd3\xca\xd4\xa6Et2\x8b\xb9\x05\xe2x\xb5\x22B\xc6\
\xb8\x8c\xb7E\xf1\x9dM\x22\x06S\xb7\x99\x88\xf9w\xdc\
\xc6\x11@\x88VI\xe5\x02\xb6\x04V\xe2>\xe7)\x84\
}(\x89\xcfoT\xd7)\xe4\xf0R\xa5.\xd64Z\
\x9b\xfb\x83\xb9\xc7X\x02&gB\x88\xad!)\x801\
\x80\xe6\xa7!\x0f\x07\x0e\xaa+\xc5\xdck\xfa\x89\x817\
\xdf\xfeu:\x1aw/\xc5\xbe\x17\x1f\xc3\xec\xdb/\xc2\
\xc2\x07\xae\xc1\xd2\x07\xc6b\xf9\xfd\xe3\xb1\xe6\x91Ix\
|\xd2E\x08\xea\xcd\xf0Z\x82\x08zKQ\x1a\xa9F\
\xc0\x1d\x81\xc7\xc6UI\xd5\x088\xc2\x08\x13,o\x99\
P\xccW\x8eR\x7f\x05\x026?\x22\xae0\xeaK\xeb\
\xd0\xba\xb4\x0e\x95\xfeR\x94{\xc2\xa8\x0b\x96\xa1\xd6\x17\
C\x8d?\x86\xda@)*\xbd\x01\xd4\xf9Ch\x13\x0a\
\xa3\xc1c\xc3\xec\xdb\xae\xc6\xcbO\xdf\x8cu\x8fM\xc2\
\xf2\x07\xae\xc2\xfe\xd7\x9e\xc4\x89\x8f\x97\xe3\xe8\xae\xf9\x22\
\x85~t\xf7\xa2\xa6\xf8\x8a\xd0\xa8\xc0J\x82\xec\xe3\xd5\
\x09%\xfd\x1ba\xdc\xb3\x12'\x0f\xac\xc3\xcf{\x96\xe3\
\xafK\xee\xc4k\xf3\xef\x12\x09\x8f\xaf?X\x8c\x93\x9f\
=\x8fMk\x1f\xc0\xeaG&\xe2\x95g\xee\xc0_f\
>\x84K\xfa\xb4G\x99\xcd\x80zo\x00\x1d+*Q\
\x13\x0a\xa1\x8ckb\xedvTx\x82\xa8\x0eDQ\x17\
)G\xa9\x8b1\xa8\x1b^\x03\x81\x0b\xa2MY+\x04\
->x\x8dn\x94zB\x08\xd8\x9c\x08\xda\xedp\x1b\
\x8d\xf1\xd9\x9et+u\x022fr\xf9\xbe\xb7*\x0d\
`\xd6\xa37c\xf7\x1b\xd3pt\xfb,q\xc4gd\
\x8f\x06e\x121S\xfa)q\x99\xac\x9d\xa93\x8d\x84\
L[\x94\x9f\x14\x93\xa5\xb3d\x128Bf\xb7\x9aD\
\xfa\x9e\xf9\x88v\xe2\xe4\xb9'\x01\x99T\xeb\xa8#\xa1\
z\x91\x00a\xea^I\xdf7%C\x9a\x12 i-\
\x99\x80KJ\x05\x99\x9b.\xa2\xd7\x0d\xa3\xd1\xd0,\xdd\
\xa9n\x90,\xca/@$\x10\x14V\x8c\xd0H\x88\xd4\
J\x85L<\x863\x14\xfc\xec%S\xe0\x15\xc7\xb5S\
 c\xe2\xa3\x19dy\xb9(\xccQ \xe3\x0b\xcc\x81\
,\xe9 \xa3?o\xd1\x14\x0a\x15\xe7d\xe0\xfa\x9em\
1\xe3\xb2n\xd88\xff&\x1c\xdf\xb9\x14G\xb6\xcf\xc3\
\x8e\xb5\x0fb\xf6\x1d\x97`\xd1\x03\xd7a\xd9}\xd7c\
\xc9=\xd7\x0akr\xdd\xb0\x9e\xb0\x16\xdb\x11\x0d\xd6!\
\x1a\xae\x81\xc7\x19\x82\xdf\x19FMY=\xfcq\xc0\x08\
Uy\xb0\x0a\x15\xa1jq\xdfc\xf1\xa3\xdc_\x86\xd6\
\xe5\xf5hUZ\x8b\xa8\x8b\xee\xa3\x1fU\xc1RT\xfb\
c\x02\xb4\xfap\x05*\xdc!\xd4\xf8\xc3h\x15\x08\xa1\
}$\x86\xb6\xe1(n\xb9x0^\x9bv;\xd6=\
v\x03\x96\xfd\xe1jl{\xfea\x9c\xfcd\x05\x8e\xec\
\x9a\x8f\xa3\xbb\x17\xe0\xd8\x9e\xc5JL%\xe2\xaa\x15-\
\x82u\xf2\x935B\xea\xef\x09\xed_-\x1a\x85\x8fs\
\xd4\x1ck\x5c\x9f=/\xdcQ|\xb6Nd\x1b\x8f\xee\
Y\x82\x0d\x7f\xbc\x0ek\x1e\x1e\x8b\x97\x9f\xbe\x09\x8f\x8f\
?\x1f\xe5&\x0d:D#\xe8S\xdf\x06\xad\x82!D\
].\x94y\xdc\xa8\x0a\x86Q\x17\xa9Au\xb0\x12\x15\
^&vB\xf0\x19\xdd\xa8\xf0\xc6\xd0\xbe\xa2\x01~\xa3\
\x17a+\x13<\x15(\xf3\xc4P\xea\x09#`s\xc0\
e0\xc0k\xb2\xc2Vb\x10\xbb\xb5\xa7\x5c9\x12\xc3\
\xba\xd7\xa16`\x87][\x8c\x8e\xad\xabq\xcf\xd4\x0b\
\xf0\xc5\xb6\xd9\xc0\xb7k\xf1\xfe\xaa\x87E]L\xaf\xe1\
z'U:?\xb7\xa9\x13D\x0d\x19\xddE\x99\xc6\xff\
-K\xc6$\x88R\xb8v$\xce\x98\xc5|vt\xac\
\x0e\x9c\x15d\x8a\xf8\xb5\xeb\xec \xa3\xabH\xc0\x845\
S\xb9\x896\x9b\x05EE\x05\xcd\xc0J\xedB\xb6\x99\
-\x09WQB\xa6\xb6X\x12\xae\xc4\x10Ia\xc1|\
\x22C\xc9\xb9\x1c\xfc\x19YY\xca\x91\xee$\xc8\xe2-\
Tj\xc88R@@\x96\x9d\x8dB\xce\xee\xa05K\
\x03\x19\xad\x18?\x01\x09\x98\xa9\xa8\x10Nm!\xee\x1e\
\xda\x19\x1b\xee8\x1f\xc7\xd9\x98\xbay\x06\x8el\x9f\x83\
\xad\xab\xff\x80\x19\xb7]\x8c9w^\x81\xe5\x0f\x8e\xc3\
\xfa'o\xc4\xeb\xf3\xee\xc1\xe8^]\xe0\xb1\xc7PY\
\xde\x1e\x1e\xc6[\xdeRT\x97*\x80\x95\x05\xab\x84\xe5\
\xa2*\xc35\xc2\x92\x09\xc0\x82U\xa8\x8d\xd5\xa2*T\
\x89\x80\xcd\x87\x88+\x84\x9ap\x15\xaaCeh\x15\xa9\
D\xabp%*\xbd\x11\xb4\x0a\x95\xa1.\x10E\xfb\xb2\
*\xf4j\xd5\x0e\xb5\xc1j\x8c\xec\xd1\x19/?7\x15\
\xcb\xef\xbf\x1eK\xef\xbb\x06\x1bW\xdf\x87S\x07V\xe2\
\xe8\xee\xf98\xbag\x01\x8e\xef]\x22\xe2,\xba\x81t\
\x07\x1bi\xa9\xe2J\x80$\x01k\x112\xc5\x9dl\xdc\
\xbf\x02\x8d\x1f\x13T\xc5\xd5<\xfd\xe9:\xfc\xe3\x9d\xd9\
X\xf5\xc0\xf5X\xff\xe8\x04\xbc\xfc\xec\xad8\xafC=\
\xda\xfa\x83\xe8\xd7\xa6\x1d\xda\x04\xc2\xa8t\xbbQ\xee\xf1\
\xa0&\x18BCi\x0dZ\x85\xebQ\xc9\xd7\xc0\x11B\
\xc8\xeaGU\xa0\x02\xad\x22up\x1b\xbc\x88\xb8\xcbQ\
\x1b\xa9G\x85\xbf\x1a\x15\xfe*\xf8\xad^\xb8\x0c&\xf8\
,\x16x\x8cv\x94\xfb\xca\xe01Yq\xdf\xc4\x8b\xb0\
\xec\x89\x9b1\xf3\xbe\xb1xx\xfch<0\xfe\x02\x5c\
3\xba\x1f\xee\x1a?\x0a\x07\xde|\x18\xf8z\x1d\xae\x1c\
v\x8eH\xc8\x99J\x14kf\xc8\xcb=#d\xbce\
\x1a_Z\xb3T\xc8dbD~\x8f\xa0iK\x14/\
\xcaPR\x88\xf6\x95~\xb4-k\x19\xb2T\xd0\x94\xba\
\x99\x02\x99\x04-\x91\xd2W\xa5\xf3\x05d\x04\x8c\xe7m\
\x08\x98\xd5j\x16\x87\xdb\x92\xfb\xbb\x92%w\xf7r\xf6\
w\xc8\xebC >\x0aN\x00\x94\x22\xf5\x84V\xd1)\
\xc2Q\x00\x01\xbf\xd8\xcd+]D\x1e\x9fImkQ\
C&gu\x08\xc8\xf2\x09Y\x0e\x8arT\xb1\x18\xfb\
\xdc\xe2\xdd\x01\xa9V\xccP\x90\x8fr\x87\x09O_\xde\
\x07_\xbe\xf0\xa8\x98\xd0\xfb\xfdG\xd3qd\xdb\x5c\xbc\
\xb7\xe8v\xcc\xbb\xeb\x0a\xeczs!~\xfc\xf4o8\
\xf1\xcd\x07\xf8\xf5\xa7\x9d\xb8x\xe8@x]\x11x\x1c\
\x01D\xbc\xe5\xa8\x8e\xb6\x86\xc7\x12Fy\xb0\x0e1\x9f\
\x02\x19\xa1\xa2\xdb\x18tFP\x13k\xa5\xb8\x8d\xde\x18\
B\x8e b\x9e(\xaaB\x15h]\xde\x0a\xf5\xa55\
\xa8\x0c\xc4\x04l\xad\xcbh\x01J\xd1\xbe\xa2\x1e\xdd\xeb\
;\xa3]Y;\xd4\x04j1\xb2\x7fo|\xb3\xe7M\
|\xf4\xf2\x0c,\xfa\xc3U\xf8\xeb\xbc\xc98u`9\
\x8e\x1106\x15\x13\xae\x8fW\xc6\xb5\xaa\x090\x09\xd5\
\x19\xd4\x0c\xc6\x14\xe1\xf3\xe7\xb1\xf7\xa5'\xb0\xea\xc1\xb1\
x\xe1\x8f\x93\xb0\xf8\x0f\x93\xd0\xbb\xa6\x06\xe7\xd65\xa0\
u \x84\xd6\xfe \xea|~4Dbh\x08W\xa2\
!\xdc\x0a\xad\xfc5\xa8p\x06Q\xe6\xf4\xa3uy\x0d\
J\xbdQ\xb8\x0c\x1e\x94\xfakQS\xda\x0e\xe5\xa1V\
\x88\xf8\xaa\xe1\xb6\x06`7\x9b\xe1\xb2X\xe16\xd9P\
\x19d\x066\x00S\x81\x0e\x17\xf5\xe9\x86\xc5\x0f\xde\x80\
\xd9w]\x859\xb7_\x82\x03\x7f~\x16\xf8\xf4yl\
_\xff\x08\xb6\xaf\xbf\x1b'\xf7\xcf\xc6\xd6\x17\x9f\x10{\
\xdeh\xcd8W?q\xb03\x0dd\x124\xd9(\x9c\
\x0e2\xce@\x94\xf7)>\xcef6\x88-1\xf4\x9c\
j#.t\xa8\xf4*1Y)kg\xc9\xc0\xa5\xc2\
\xd7\x10kr\x19\xd5+nSA\xcb`;\x14\x01S\
\xda\xa2J\x90\x9b\xdb\x949L\x85+\xd5\x8aYMf\
\x11\x8b)G\xfc\x9b K\x05\x8b\x92\x05lv\xee\x8b\
\xe5j\xf1\xdf\x91\x0e05d\xb4b\xa2\x0f1>\x1c\
G@\xc6\xb8,\x87\x830\x95\xa1\x98\x5c\x15\xcb\xa3\x12\
\xd2U\x94V\xccR\x5c(\x16\xf1\xb5\xf7\xd9\xf1\xeac\
\xd7\x8bn\xfa\x7f\xbf?M\xd9\x98\xb2y\x0ev\xbf\xfc\
\x04\xfe\xb9u\x03\xf0\xe3N\xfc\xfa\x9f\xad8\xfd\xc3V\
\xe0\xd0.\x0c\xec\xd5\x1dF\xad\x0dQ\x7f\x0cQO9\
\x82\x8eR\x94\x05j\xe1\xb3\xc5P\x16\xa8\x11\x16\x8c\xd6\
+\xe2)Emi\xbd\xb8\xf5Z\x03\x88\xfab\xc2e\
\xac\x0eW\x0a\xc0j\xa3\xd5(\xf5D\xd0P^\x836\
\x15u\xa8\x89T\xa1}U{t\xa9\xeb\x8cv\x15\xed\
\xd1\xb9\xba\x0b\xfa\xb6\xeb\x8b\xfe\x9d\xbb\xe0\xc7/\xb6\x02\
G\x0e\xe0\x9b\x9d/b\xe3\xba?\xa0q\xffR4\xee\
]\xacX0\x1e\x9aTA\x96\x0a\xd2\xc9\x03kS\xa4\
|OB\x96\x0aV\x93V\x01\x9f=\x8f\x8d\xab\x1f\xc4\
\x92\xfb\xaf\xc1\xf3\x7f\x9c\x8cG'^\x8a\xce\x04\xcaG\
\xc0\x02h\x13\x0c\xa1m\xb8\x14\xedb\xd5h\x1b\xadB\
C\xa4\x025\xde0\xaa\xddAt\xac\xa8E\xd8\xe9\x85\
\xd7\xe2AE\xb0\x1a\xd5\xa5\x0d\xa8\x88\xb4B\xd0]\x06\
\xaf=\x0c\x8f\xcd\x07\xbb\x99\xd7\x97\x0b5e5\xf0\xdb\
\xfdp\x1a\x1d\xb0\x1b\x1c\xe8\xd3\xa6\x16K\x1f\x9c\x88\xb9\
w]\x89i7_\x887\xe6\xde\x88\xe3\xbb\x94\xf9\xfa\
\x1c\x87\xf7\xd3\xc6g\x80\x83+p\xed\x98\x9e\xa2Nj\
.\xc9\x87\x89n\xe3\x19 \x13\xd3\x9d\xe3\x19\xc4t\x90\
\xb1\xbfQ\x0d\x19\xddE\xfe;{[y-\xfa\xacz\
t\xac\xf2'Av&\xd0\x14\xd8\x14\xd7Qm\xc9R\
A\xcbpX\xcd0\xeaJ\x12M\xb8g\x0b\x18g\xcb\
\x05\xbd>\xe1&\xb6\x04\x992\x8d\xb5i\xbb=\xb3:\
\x5cy#]D\x0e\xe2amNZ\xb4\xdf\x82\x8c\xdd\
\xf4\x0ad\xd9\xa2\xeeE\x80JD\xf1Y\x19\x90)\x13\
\x1e\x09\xc8J\x0a\xc5\xd8\xb1\x11m\xca\xf0\xdd\xdb\xd3\xc4\
$\xdf\xff\xbc?]\xac\x84\xfd\xe1\xc3\x198\xbc{\x15\
\x8e\x7f\xfd\x0e\x1a\xbf~\x1f\xbf\xfck3N\x11\xb2\xc6\
}\x18:\xa0'\x5c\x16\x0f\xc2\x9e0\xca\x02\x8c\xbbZ\
\xc1m\x0e\xa1\xd4O\xc0\xea\xe0\xb3\x05E\x1cF\x0b\x16\
b\x86\xd1S\x8aV\x15\x0d\xa8\x8aV\xa3\x92\x9f\xf6\x95\
\xf5\x02\xb42_L\xc0\xd6\xba\xbc\x0e\xad\xcb\xea\xd1\xa9\
UWt\xad\xef\x8e\xd6\xd1\x06tk\xd5\x1d\x03;\x0f\
@\xc7p;\xf4n\xd5\x1e\xdf\xecx\x0b\xf8\xf7N\x9c\
\xfen3\x8e}\xfa\x86H\xcf\xb3p|r\xffJ\x9c\
$X-@\xd6\x1c\xb0&%\x1e\xd7\x0c\xae&\xc8~\
9\xb0\x0e\xaf\xcd\xbe\x15o.~\x00_\xedz\x0d\xd3\
\xef\x9a\x8cJ\xb3M@\xd6&\x18F\xb7\x8ajt\xad\
\xa8G\xe7\x8a\x06\xb4\x8bU\xa0\xd6\xe7C\x85\x8bi\xec\
R\x94:}\x022\xba\xc85\x91:TD\xaa\xe1w\
\x05\xe1wR\x84\xcc\x8f\xa0'\x84\x86\xda\xb6\x08\xbaB\
p\x19\x9d\x08\xbb\xc3\xa24\xd2\xb9\xba\x14\x0b\x1f\xbc\x1e\
s\xee\xb9\x0a3o\xbb\x14/<s=\x8e\xef\xe0\xe0\
\xd7\x198,\x06\x11M\x07\x0e.\xc3\xcc?\x5c%\x12\
 \x96\x12e\xae\xbe8=\xcd\xd0\xa0\x05\xc8d\x1a?\
\x152\xde6\x87\x8c\xd6\xcc.v#\xf0\x1a\xe4\xb9\xb4\
\xb6\xa2 \xad\xc0\xd56\xaeT\xb0$\x84\xd2\xa2)\xc9\
\x90\xf4\x90Q\x19\x05\x05yI\xf0\xa4\x02\x95N|\x9c\
Yo@\x98\xa7\xa3e\xe3\xb0\xb7\xb9\xf5R[0\xaf\
\xd3*2\x83\xd2z\x99\xcdfq\xe8\x93c\xbe%\xd8\
\x04O*;\xdeJ%\xfa\x15\xb33\x92R\xf6\x5c\xb4\
\xc74\xael\x1a\x95n\xa2\x04\x8cmP\x5c\x8e\xceM\
\x88l\xec}j\xcah\xfc\xfa\xf1r|\xff\x81\xb2\xb4\
\x8ec\xdb\xb8\xc8\x8e\xc7\xe6\x0f}\xf2:N|\xf3!\
~\xfd\xf7\x16\x9c\xfe\xcf6\xe0\xf4\xa7\x98x\xfdE0\
\x15[\xd0P\xd5\x0eU\x91z\xf8l\x11\xd4\x96\xb6F\
M\xac\x1eAg\x14U\x91Za\xc1\x08ZY\xa0\x12\
mk:\xc4\x93 UhW\xd7\x015\x91j\xd4\x95\
\xd6\xa2mU\x1b\xd4Fk\xd0\xbe\xa6#zu\xe8\x83\
.\x04\xac\xac\x1dz\xb5\xeb\x83\x1e\xf5=\xd1>\xd6\x0e\
C:\x0d\xc0\xa0N\x9d\xf1\xf9\x96\xd7\x81\xefw\xe2\xf8\
W\xef\xe1\xd8\x81Wpl\xdfj\x1cgrC\x1d\x7f\
\xd12}\xb2\x06\xc7\xd9Ru`-\x1a\xa9\x83\xeb\x84\
N|\xba\x1e'\x0e\xac\xc7\x89O\xd6\xa5\x11\x81S\xa0\
j\xd2J\x9c\xfcd\x15\x8e\xedY\x85\xcf\xdf]\x8c\xd3\
\xdf\xbe\x0f\x9c\xfa\x1cO\xdf6\x0ee\x063:E+\
\xd0\xa3\xb2\x1e\xbdk\xdb\xa0GU\x03\xba\xc4jQ\xef\
\x09\xa3\xda\xe9C\x8d\xc7\x8b2\x87\x07\xe5^\xee\xa7\xae\
@]\xac\x16\xadJ\xeb\x04H\x01W\x10\x11o\x14\x1e\
\xabW\xdc\xd6U\xb4\x12\xdf\xf7\xb2\x0b\xc6\x15E\xd0\xe4\
\x85K\xe7B\xbb\xb2\x08f\xddu%\x9e\x9bz\x11f\
\xdcz1\xd6<~\xa5\x98\xf0u\x84S\xbe6\xf2\xfd\
\x99&\xce\xe2\xdd5n\xa8h\x1c\xb6h\x0b`.\xc9\
\x13\x85\xedDJ_\x14\xa5\xe3\xe7\xcc\xf2\x93\xd3\xf8r\
\xe2\xaf\x84\x8c\xdf3\x94h\xe0\xb2)1\x9b\xdaed\
\xed7;\x1e\x1e\x95y\xad\xe8\x5c\xedG\xfb27:\
\x94*jW\xeaJV\x99[\xc0\xa7\x06\x8dj\x15n\
\x9e\x04\x11\x90\x89V*\xc2\x93\xdd\x04\x91r\x98-\xbd\
\xa4\x15\xe3\xbaO\xc6b\x122N]M\x05\x8cb\x16\
\x91\x7f\xa8<6C\xcb\xc5\x09\xac<6\xe3\xf5z\xc5\
\xe6Bi\xc9\xd2A&Z\xa9T\x90\x15\xab\xeb%\xf1\
\xe9F\xa9\x19E\x05\xb2b\x98\xb5E\xb0k\xb2\xf1\xfe\
\x8a\xfb\xd0\xb8s\xaeXTwd\xd3t\xf1II\x1d\
\xd9<\x13\x87\xf6\xbd\x88\xc6\xaf?\xc0\xaf\xff\xda\x8c\xd3\
\xdf\x13\xb2\xcf\xf0\xf8\x037\xa3,P\x81\xeah\x03\x02\
\xf6R\xb4\xael\x8f\xeah\xad\x88\xbf\xea\xcaZ\x0b\xc8\
\x08\x18A\xeb\xd0\xaa3\xfc\xf6\x90\xc82\xb6\xab\xed(\
\xac[\x87\xda\x0eh[\xd9\x0e\xadJ\xdb\xa0k\xeb\x1e\
\xe8\xdfm\x08\xba\xb6\xee\x89\x8e\xb5\xdd\xd0\xb7\xf3 t\
\xaa\xee\x8esZ\xf5\xc2\xe8^\xa31\xa0m/\xf4n\
]\x87ow\xff\x05\xbf\xfe{\x07\x8e\x7f\xf5.\x8e\x1f\
|9-`\xcd \x8b\x03\xd6\xf8\xa9\x02\xd9\xa9\x83\x1b\
\xd2\x8a\xa9{u\x8c\xa6X1\xc526~\xbc\x0e'\
\xbf\xfc3\x1a\xbfy\x1b\xf8y7n\xbf\xfa|\xd4X\
]\xe8\xdb\xaa=\xfa\xb7\xee\x84\xbe\xad:\xa0Gek\
\xb4\xf6\x84\xd1\xe0\x8d\xa2\x8d/\x8a\x1a\xb7\x1fm\x22\xe5\
h\x15)Cm\xa4\x0c\xadb5\xa2t\x11bF\xd5\
\x13\x11\xaa\x8cT\xa1<T!\xee\x07\x5c!\x94\x05\xca\
\x100y\xe07z\xe0\xd0;\xd1\xbd\xa1\x0e\x07\xde_\
\x8b\x0f6<\x87E\x8f\x8c\xc7\xd2\x07.\xc1\x8f\xfc\x00\
\xe4H\xbd\xf8\x0cK|\xbc\x14\x13.\xe9\xadX2m\
\x01L%\xac{2\x01\xd2\x04\x19\x8f\xc0\xa8!\xd3\x15\
\x15\x08xR!c\x92\xa3\x98mZ%E\x08x\x9a\
 \x93\xa0\x15\xc7[\x04y\xcdt\xe2\x02\x0e\x15d\xed\
S S\x7f\xdd&a\xcd\x1ch\xc5$H\x9a\xf8,\
\x01YF6'\xf0\x9c\x1dd\x16\xa3\x09\xa1\x00\xcf\x96\
5Y1\xe9\x12\xaa\xc5\xd4=;\x9e\xd9\xe1,\xad\x15\
'\xae\x8asi\xf1\xf1\x05\x9c@\x9cj\xc5R!\xe3\
Q\x963A\x96\xea&\x0a\xc8J4()\xc8C\xdb\
\x98\x0f\xff\xfe\x90\xd3y\xa7\x8b\xa5\xe6\xc2\x82m\x9e)\
\x00;\xca\xef\xedZ\x85\xa3_\xbe\x8b\xd3\xdfm\xc2/\
\xff\xde\x024\x1e\xc0__\x5c\x04\x8f\xd9\x8d\x90\xbb\x12\
\x0dU\x9dQ\x11\xaaC\xa9\xbf\x1c\xf5\x15m\x04`\xb4\
^\xad+\xdb\x0a16kU\xde \xee\xb7*o\x8b\
\x0e\xad\xba\x0a\xcb\xd5\xae\xaa\x0b\xba\xb5\xee\x83>\x9d\x86\
\xa2C\xf59\xe2\xfe\xc0\xee#\xc5\xed\xe0\x1e\xe7aL\
\xbf\x8b1\xa8\xc3@t\x8fVcp\xfbZ\x1c\xfe\xe2\
#\xfc\xf2?\xdbp\xfc\xeb\xf7\xd0\xf8\xd9+\x02\xa6T\
\xc0D\xf6P\x0d\x97\xb4`R\x077\xb4 Z\xb9u\
q\xd8\xd6\xc6\x7fv\xfc\xe7\x7f\xb2\x01\xc7\xbe|\x0dG\
\xbf\xfd\x9b\x88M\xa7\x5c4\x1c]\xa3\x15\x18\xdc\xae+\
\x064tF\xb7\xb2:\xd49\x83\xe8\xc4x2P\x8e\
\xd6\xde\x08:\xc6*\xd1:X\x8a\xd6\x91\x0a\xb4\x89U\
\xa0\xdc\x15@\xd4\x19\x14\x89\x9f\xb2@9ZU\xd4\x0b\
\xc8\x82\xee\xb0\xb0b\xa5\xc1ra\xc9\xdcF\xf6y\x06\
`\xd6X0\xb8O\x0f\xe0\xd8\xc7\xc0\xd1\xbd\xf8\xe1\x1f\
\xef`\xc7\x9f\x9e\xc6\x7f\xde}\x06?}\xf8,~\xfc\
\xe0Y\xb1.\xf7\xd7\xbdKq\xc9\xa0.\xe2x\x93\x80\
\xac\x98\x96L\x89\xcbd\xbdL\x9c\x9c\x8e\x9f5\x93i\
|\x09W\xaa%#d\x0c5\xd4\x96L\x00\xe8v\x88\
\x13\xd3\xbc\xbe\xd9l\xc1\x04H\xc7rO\xcb\x90\x955\
Y\xb7\xb6t\x1fi\xc9DJ?\x9em\x0c%g\x1a\
3\x92c!\x050\x09\x99\x04C\xba\x91\x8a%\xca\x12\
+>9C\xc3\xebe7\x88K\x1c\xf3\xf7{\x95\xee\
|\x09\x1b;>\x1c\x0e;r\x98\xd8\x88[*\xfe\xff\
\x82\x82\xfc\xc4\xe8\x02\xc2\xa9\xd5*U\xf7\xdf\x82L\xb4\
N\xa5@\xa6N\xd9\xd3\x8a%\x5c\xc5\xf8\xd1\x94\xc2\xec\
L\x5c4\xb0+N\xed_-\x5c\xc4#\x9c\x8d\xf8\x01\
-\xd9\x1c\x1c\xdf\xa6\xf8\xffGw/\xc5\xe1\xcf\xff\x82\
S\xdfn\xc4/\xff\xda\x02\xfc\xb4\x0b\xff\xfa\xf4\x1d\xb4\
\xab\xa9\x11\xd0D<\x15\xa8\x08\xd5\xa0}]\xa7\xb8\xfb\
X+\xdcC%\xf9\x11@\x87V\xdd\xd0\xae\xa6+\xda\
\xd5vE\x87\xba\x1eh]\xd1\x05m\xab\xbb\xa3G\xfb\
A\xe8\xddi\x18\xdaTvG\x9f.#\x84\xf8\xf5E\
#\xae\xc5\xc8\xbe\xe7\xa3W}7t\xad\xa8A\xd7\xf2\
2\x8c\x1d=\x08\xf8a/N~\xb7\x05\xc7\xe2\x96\x8c\
 \xa4\x8d\xbdR\xc1:\x0b\xc8\x1a\x0f>\x1f\xff\xf7&\
\xd0\x14\xad\xc1\xf1O\x9e\xc7\xf1\xcf\xdf\xc0\xb1\x7f\xbc\x03\
\xfcg\x17n\xb9l4\xce\xadm\xc0\xa0\xb6\x9d\xd1\xb3\
\xaa5:G\xaa\xd0\xab\xba\x01]\xca\xaa\xd1\xc6\x1fE\
\xa7h%\xda\x06ch_^\x85\xfaX\x19J\xdd^\
\xd4\x06#\xa8\x0dU\xa0:X\x8b\x86\x8av\xa8\xafl\
-`\x0b:\x83\xa8\x8aT\x8b8\x8cY\xd7\x88#\x86\
\x90\xad\x14U\xc1N\x18w\xd5U\xc0\xf1\xfdh\xfc~\
3\x8e\xfe\xb0\x05'\xbe\xfc3~\x10K\xde\x9f\x11\x90\
\xfd\xfc\xd1s8\xb1s\x11\x06u\xa9CQv6\xac\
\xda\x22\x98\x8a\xe3'\xa7U\x03w\x92\x0et\xc6k\xa7\
\xdc\xb6\x22!\x93\xa01\xf6\xd2\x16)m{\xea\x0c\xa4\
\x04\x8d\xa9\x7fY3\xf3Zu\xe8R\x15@\xa72\x0f\
:W\xf8\x14\xabV\xe6I(\x15\xb26Q\x87\xe8u\
T\xb7]%\x1a\x86\x09\x99\x02\xd1\xd9C\xc6\x99\x19A\
?\xc1r\xc0\xeb\xb1\x0b\xc0\xa4\xe82\x122\xd6\xc6\xec\
6k|\x9c\xb1\x02\x98\x84,/7\x07>\xd1\xd1\xef\
\x10c\x0cX\xecN\x07\x99\x92\xf0H\x86L\xc4c\xf1\
\xd9|\xb2\xfa\x9fj\xc5l\xc5\x1aQ\xdct\x18J\x90\
\x9f\x99\x81\x07n\xb8\x08\xa7?Y%\xf6/s\x00\xe9\
\x91\x8d\xb3\xb0e\xe9T|\xf7\xd6\xb3b4\xf6\x817\
\x1f\xc5\xf1/\xdf@\xe3?>\xc0\xe9\x7fn\xc6\xe9\x7f\
m\x05\x8e~\x8c\x8bF\x0c\x81\xcf\x16@CU[t\
m{\x8ep\x05\x09X\xe7\x86n\xc2\x921e\xdf\xb3\
S\x1ft\xac\xef\x81.\x0d\xbd\xd1\xae\xa6;\xdaT\x9d\
#\xd4\xb7\xdb(\x9c\xdbe8\xdaV\xf7\x10\xb7\xdd\xdb\
\x0d\xc2\xb0\xbe\x17\xe3\xca1\x131\xa4\xc7y\xe8Z\xd5\
\x06\xed\xc3!\x0c\xea\xd0\x06=kk\xf1\xe4]7\x02\
\xc7?C\xe3?7\xe3\xd8\x97\xef\xe0\xe8\x81\x17\x13\x90\
\xa9\x13\x19\xa7\x0e\xae\xc3\xa9O\xd7\x8b\x0e\x8dtj\x14\
@\xa5\xd3\x0b8y\xf0\x05\x9c lT\x22v[\x1b\
\x87\xecM\x1c\xfb\xfa=\xe0\xc7\x8fq\xdf\xf8\xab\xd1\xb3\
\xba\x95\x88\xc3\xfa\xd6w\xc6y\xdd\xfb\xa1]\xa8\x0cm\
\x82\x1cMW\x81\xb6\xa1Rt\xa9\xa8C\xbbr\xd6\xc1\
B\xa8\x09EQ\x17*C\xa5\xb7\x0c\x9dk\xbb\xa3[\
\xeb\x1e\xa8\x89\xd6\x08\xa8\xdaU\xb5A\xa9\x97=\x9e\x11\
T\xf8+P\xe1\xabC\xef\x8e\xc3\x11\xf1v\xc3\xcd\x13\
'\x01'\x0f\xa0\xf1\xfbM8\xfc\xef\x0f\xf1\xf3\xde\x0d\
\xca\xa2\x8e\x0f\x14Kvx\xe34\x1c\xde:\x1f\xdd\xeb\
b\xd0\xe6\xe6\x8a\xf7\x94\x89,e}\xb0\x02Yb\x0e\
\x88\xece\x8c'A\xd8\x8dO\x80\xe4\xeaY\x09\x19\x17\
\xbf\x132\xde\xaa\x17IH\xd0\xe4\xa9\x12\xcezl[\
\xe1\x13\x80Q\x1d\xcb<I\x12\xd6\xadLQ\x02\xb4\x14\
\xc8\xc4r\xf6\x80M\x1c\xe4\xcc\xc8/\xc8Cv.7\
f&'>\xd4\x80Iq.\xb8\x8b\xa6\xd7G\xa8\x9a\
C\x16\xf41\xc9\xe1\x86\xd5\xa4OX/\x09\x8d\x84\x8c\
\xb3\xc4\xbd\xfc\x19\xf1\x14\xaa\xd5\xaa,\x10l\x112N\
\xa4J\x82L\xb1d\xa9\xb1\x98\xb4b\x020]\x09\xec\
\xfaB\x184Yxu\xc1}8\xb9w\x19\x0em\xe4\
\xe2\x87Y8\xb2y\x8e8\x95\xfb\xd6\x9cI\xf8\xf8O\
O\xe0\xfd\xe5w\xe0\xc3\x17\x1e\x05\xbe\xdf\x0a\xd0\x9a\xfd\
s\x0bp\xfc V\xcc\xfe\xa3puzt\xee\x81\xb6\
\xb5\xedD\xac\xd5\xa9\xb5\x02X\x9b\x9a\x0e\x18\xd8{\x08\
\xda\xd5vB\xfb:\xc2\xd5\x05\xedk\xbb\xa3C]/\
\x8c\x1cp\x19zw\x1e\x86.\x0d\xfd\xd0\xa7\xeb\x08t\
m\xd3\x1f\x17\x8e\xb8\x0e\x17\x0c\xbb\x16\xfd\xdb\xf6F\xe7\
h+t\x8c\x96aH\xe7\xce8\xafg/t\x8cE\
\xf1\xfeKK\x81\x9f?\xc6\xf1o\x09\xd9\xdfq\xec\xc0\
\x8b\x02\x80\x04\x5c\x12\xb0\xdf\x80\xec\xc4g/\xa4U#\
\xf5\xe9\x8b8q\x90\x22l\x1bp\xe2\xc0\x06\x01\xda\xf1\
O64A\xf6\xf3\x01<q\xeb\x0dh\x17\x88`p\
\xe7\xfe\xb8\xa0\xffE\xe8\x5c\xd5\x0e\xed\xa2U\xe8\x1c\xab\
D\xfbP):\x95\xd7\xa2SM{4\x94\xd6\xa3U\
\xa4\x06\xad\xa25\xa8\xf2U\xa3_\xc7\xc1\xe8\xdd\xae?\
\xaa\x03\xb5\xa8\xf5\x95\xe3\x9c\xd6]P\xee\x89\xa1\xc2W\
\x8a\xdap\x0dj\x02\xad\xd0\xb3\xf3H\xb4o\x18\x80\x0e\
m\x86`\xd1\xaci\xc0\x89Op\xec\xfbM\xf8\xf9\x7f\
\xde\xc7\xcf\xbbV\xe3\xd0\x87\xcf\xe0\xd0G\xd3\x84\xe8\xca\
\xff\xeb\xbdY\xe2$\xb2\xbe0\x1bv]!\xac\xdaB\
\x98\xb8\x22W\x0c\xdbQM\xb5\x12\x90qj\x157\xa0\
f&\xb2\x88\xa9\x90\xd1\x92\xf1\xc8\x13c7Z;\x91\
\xf4P=\x86\x9d\xf9b\x1a\x15\x13 ~;\xbaV\x07\
\xd1\xb9\xdc\x8bN\xe5\xdef\xa0QI\xa0\xb1\xd71\xde\
L,!k\x15\xb0\xa1\x96\x90\xe9t\xc5bL\x96F\
S(\x96\x95\x17\x16\xe6\x89\x0d\x18\xac\x97qx\xa3\xda\
\x8a\xf1q\x1cf\xcaC\x9c\xdc\x01\xad\x88V\xcd%\xdc\
E\x8e\x0b\xe0\xbe\x5c\xc6`\x8c\xbd\x98E\x94\x80)\x90\
\x11\xa6L\xf1G\xf1\x0f\xa4\xecv\x9eRUje\xb2\
9\x98\x12c\x06r\x95\xae\xfb\x82\xdc\x8c&\xc0D#\
p\x93\x9b\x98\xb0bE2\xe1\xa1\x81\x93\x8b\xe8J\xf2\
P\xe61\xe0\xc0_\xa6\xe1\xc8\xd6\xd98\xf4\xd1L\xb1\
\xdc\x9c\xb7\xc7\xb8\xf2g\xcbB\xbc\xbf\xe46Q\xfc|\
u\xfemX;\xf7~\xe0?{\x80\xff\xec\xc0/\xff\
\xde\x8e#\xff\xdc\x86\xbe\xdd\xba\xa0<T\x8e\xd6\x95m\
\xd0\xad\xdd9\xa8-m\x8b\xbe\xdd\x06c@\x8fA\xa8\
/k\x83\xb6U\x9d\xd1\xbe\xb6\x1b:\xd4v\xc7\xb9\x9d\
\x87\xe1\xe2\xe1\xe3pN\xdbA\xe8\xd1~ \xba6\xf4\
C\xcf\xf6C0\xf6\xb2[p\xfe\xc0\xcb\xd1\xa3\xd59\
h\x1b\x88\xe0\xdc\xda:\x9c\xdf\xb37F\xf7\xe8\x8d\x01\
m;\xe0\xd2\x81\xfdp\xe2\x7f\xf6\xe34\xe3\xb1\x7fn\
\xc2\xb1/\xdf\xc2Q^\xf8\x8c\x9b\xe2\x19D\xe1\xe6\x11\
.\x09\xd8\xe7\x1b\x92tB\x82\xf6\xf9\x0b-\xaa\xf1\xb3\
\xb8U\xfb\xf4y\xa1\x13\xbc=@\xc8\xa4%{\x178\
\xf2\x09f>x\x1bz\xd4\xb6\xc3\xa5\x83/B\x8f\xfa\
\xae\xe8\x18\xabE\x97\xcajt\xaa\xa8D\xe7\xf2:\xf4\
j\xdd\x1d}\xda\xf5\x11\xc7w\xeaE'K\x0d\x06v\
\x1b\x8c\xbe\x1d\x06\xa0!\xda\x1e\x9d\xaa\xdb\xa1G\xebv\
(w\xb1\xb5\xaa\x5c4J\xb7\xad\xe8\x88\xde]\x87\xa2\
M]\x1f\x0c\xee{\x19ZW\x9f\x83M\x7f{\x098\
\xb6\x07\x8d\xff\xde\x84\xc3\xdf\xbc\x83C[\x97\xe0gn\
\xc4\x89C\xd6\xb8m\x16>}\xfdi\x84,z\x185\
9\xb0k\x0bDc\xb1\xa5\xa4 1\x07D\x0d\x99\x00\
-?G@\xc6\xf3\x91\xea\x98L\x81\xcc!\xe63\xf2\
|\x22C\x11\xae\xd2\xe2\x22\x12W|\xc1\xbax,\x0f\
s\xc6\xbb\x9c,:\x8d\xd8d\xda\xa9\xdc\x97\x22\x15t\
\xe5^t(\xf7(\xaec,\x0eZ\x94\xd6\xcc\x8e\xd6\
!\x1b\xea\x83V\xd4\x05,\xc8`\x01Z\x8aK\xf2L\
F\xbd\x98\xfaD\xf1{\x5c!C\xebC8\xecv\x8b\
\xb0^\x5cO\xcb\xe3/\xf2\x08\x0c\x93\x1f^\xb7\x13%\
E\x05\xa2\x9e\xc5\xef\xd1BIWQ\xed2\xf2S\x82\
>\xb1\x98\xf6\xeaq\x88\x11r\xb2V\x96\xa3:\xde\xc2\
\x8c\x22\xe1\xa2\x0ay\xa0R\x02\x16\x97\xb4`j+&\
,\x99\xae\x10NC1L\x85\xd98\xa7.\x82\x9f\xb6\
,\x14A\xf4!\x91\xb9R\xd2\xc3\x9c\x01\xc8\xbd\xcc\xc7\
\xb7/\x13\xf3\x14\xdf_\xf9\x07\xacx\xeev<z\xfb\
8\xfc\xeb\xc0\xbb\xc0\xd1\x03\xc0\xb1\x03xc\xfd\x02x\
,>\xf4\xee\xd2\x1f=:\xf6\xc1\x98\xc1\x97\xa3w\xa7\
~\xa8\x0a\x94\xa3k\xfd9\xe8R\xcf\x8c\xe19\x183\
\xf0J\x5c<t\x1c\xdaU\xf6\xc49m\xfa\xa0cM\
\x0f\x0c\xef}\x05\xa6\x5c\xf9\x10\x86\xf6:\x0f]*\xda\
\xa2K\xa0\x14C\xdbv\xc4\xa5}\x06`L\xf7\xfe\x18\
\xd1\xa9\x17\xda\x87\xa2xm\xd9\x1c\xe0\xd8gh\xa4\x15\
\xfb\xe6C\x1c\xf9\xec5\x1c9\xb0\x16\xc7R\xb2\x88j\
k\x95\x0a\x99\xf8\xbe\x80)\xe5\xfb*\x08\x15\xadG\xe3\
\xa7*\x1dTC\xf6\x8e(\xc4\xbf\xb5~\x1e\xcemw\
\x0e\xfa\xb4\xef\x81\xf6e1t+/G\x97\xcaJ\xf4\
h\xd3\x0e\xa3z\x8d\xc4\xa8^\xa3\xd1\xa5\xba3\xda\xc4\
\xaa\xd1\xb1\xb2\x0e\xc3\xce\x19\x8c\xeeu\xe7\xa0CY\x07\
\xf4n\xdb\x0d\xdd\xeb[\xa1\xd4\xc9\x83\x8caTyc\
\xe8Z\xdf\x03}\xcf\x19\x89V\xad\xfbb`\xbf\xcbP\
[\xc6\xd8\xb53\x0e}\xbd\x15\xa7\x7f\xda\x8a\xc6\xef>\
\xc4\xb1O\xdf\xc4O\x9b\xe6\x888LBvr\xe7\x1c\
\xecy\xf11\xb8\xf5\xdcw\xc6\xcd\x9d\x0adl,\x16\
\xdd\x1fq\xb7Q\x02&:\xf3\xb9\xa1\x93'14\x05\
i!c\x0a\x9fmZY\x8c\xf7\xf32a\xb3\x99D\
\xfa^B\xe6s\xd9\xc4\x02?\x8e\x8cc\x01\xbc.\xe2\
F\x97J\x82\xe6WI\x01--d\xf1\xf8\xac\x81-\
Wa\x1b\xeaC\x84\xcc\x8c\x0c\x83^\x0b)\x02\xa6\x16\
'?\xf1\xfb\xc2O\xd5\x14\xc1\xed\xe6\xd1\x17[\x020\
\x8aG`h\xc98\x0d\xaa ?O9w\x16\x0a\xc0\
\xa0W\x86\x95\xa8-\x99\x04\x8e\xb3\x16\xe8.R^\x97\
\x0b\xb9\xb9\xf1\xd3\xc9*\xc8h\xd2\x05dy\x84L\xd9\
W\x95\x80,?Gd\x99$`\xea\x8c\xa2C\xaf\x11\
\x90qi\xfaUC:\xe1\x97}\xcb\xe2k\x8df\xe0\
\xf0Ff\x15\xe92\xceT@\xdb<\x1f\xa7\xf7\xac\xc0\
?\xfe\xfc\x146\xaf}\x18\xebf\xdc\x89\xb1\xe7\x0f\xc0\
\x9fVN\x07\x8e}\x0a\x9c\xf8\x1c\x8f\xdcu;\xea+\
:\xe2\xca\x0b\xc7\xa3[]7\xd4\xf8\xa2\x18\xd0\xa5\x8f\
\x80\xa9k}?L\xbe\xe2\x01\x5c8x\x22\xaa\x83\x0d\
\xe8\xda\xba;\xdaUu\xc6U\xa3o\xc6\xe4\xcb\xee\xc6\
\x80\x0e}\xd11\x5c\x8e.\xd1(Fw\xed\x89K\xfb\
\x8c\xc4\xe8n\x030\xbcSO\xd4{\xdd\xb8\xed\xea\x0b\
\x81\x9f?\xc3\xa9\x7fnE\xe37\x9bq\xec\xab\xb7q\
\xe4\xe0\x06\x1c=\xb0\x1a\xc7\x0f&Cv\xeas\xc5R\
\xa5\x85\x8c\xdf\xff\xf2\xa54\xdfO\x85LQz\xc8\xde\
\xc7\xa9o7\xe1\xe4\xbf\xb7\xe1\xd2a\xfd\xd0\x10\x88\xa2\
GE\x14\xdd*\xc2\x18\xd4\xa1'.\x1ap\x05F\xf5\
\x1e\x85\xae\xb5\x1d\xd0\xbe\xbc\x1a=[w\xc1\x88\x9eC\
\xd1\xb5\xba\x0b:\x94\xd7\xa3}\x05\x0f\xc1\x86Q\xe1a\
'{9\xea\x82\xa5\xe8\xdfy0\xce\xed~>\xda\xd6\
\xf7E\xbfs/@Cuw\x04\xec1\xdc>q<\
p\xe23\x1c\xf9\xd7\x878\xf6\x8fwq\xe2\x93W\xc4\
{\xc2\xda\x98\x02\xd9sh\xdc3\x1b\x1f\xac\xbc\x1f6\
\x02\xa6/L\x81L\x01M\xba\x8c\x122y\xf4\x85\xb3\
a\xd4\x90I\xcf\xc9\xa8-V\x0e'\xe7*\xde\x99V\
W\x94\x88\xdd(q\x9f\x8b)\xe2\xbb\xcc\xd8\x01\xd2\xad\
6\x82\xce\x15\x81\x14\xc8\xe2.c\xb9W\x15\x97)V\
,\x15\xb2VA\x0b2\xa4\xd5\xa2\x08\x15%\x01\xb3\x98\
\x8d\xc8'\x00\x99\xdc\xa6i\x14\x80q\xe99\x179p\
\x83&\xddF\x0e;%\x5c\xc5\x9a\x22\xd1\xf5\xc1\x19\xf8\
\x9c}XR\xa2\xb4N\xa9c2\x09\x19w6\x89`\
\x93A'\xd7\x8d\xc6ke\xa9\x90\x15\x12\xb0<e@\
NI~\xf2\xa9g\xba\x0b\x1c\xed\xdc\x04\x99\x92\xf0 \
`<\xb7\xa4\xcd\xca\xc0c7_\x82_\x0f.\xc7\x8f\
\x1b\xa7\xe1g\xd6\xc6\x98\xb6\xdf2;1\xc4\xe5\xd8\x96\
y8\xb6e>N\xed\x5c\x82\x9f>\x9c\x8d\x1d/<\
\x84\xbf,\x7f\x04\x13/\x1c\x82\xa9\xd7^\x80\xef\x0f\xbe\
\x07\x9c\xfe\x16\x8f\xdcu\x13\x22N+ZGJq^\
\xef\x818\xa7UW\x0c\xecz\x19\xee\x9d2\x13\x83\xcf\
\xb9\x081w\x0d\xba\xd4\xf7\xc29m\xfa\xe3\x96\xeb\x1e\
\xc5\xd5\xa3&\xa1G]=\xda\x85\xfc\xe8][\x8b\x8b\
z\x0d\xc4\x85=\x87at\xf7\x01\x18\xd6\xb1\x07:G\
+pQ\x9f\xae\xf8\xf9\xab\xed\xf8\xf5?{p\xe2\xdb\
\xcd8\xf1\xcdG8\xf6\xf9\xeb8zp\x1d\x8e\x11\xb0\
\x83M\xa9zZ\xaaS\x02\x98\x17\x05P\xa7\xbeH\x06\
\xed\xc4\x17/\xfe.\xc8\xd4\xb05e\x17\xdf\xc3\x89o\
6\x02G\xf7\xe1\x8dU\xd3\xd0\xca\xebA\xcf\xea*\x5c\
\xd2\x7f8\xae9o\x12F\xf5\xbe\x1c\xddj\xba\xa0c\
y\x03z\xb6j\x87\x8b\x06\x8e\xc6\xc8^\xc3\xd0\xb9\xaa\
\x13\x1a\xa2U\xa8\x0d\xfa\x85\xdaWT\xa1.T\x8a\xc1\
\xdd\x87\xa2\x7fW\xc6\xa6}\xd0\xb7\xdbP\xd4D\xdb\xa0\
K\xeb\x9ehSS\x8fMoo\xc0\xaf?\xef\xc6\x91\
\x7f~\x80\xd3\xdf}\x88\x83oN\xc7\x97o>\x8c#\
[g\xe1\xd0\xc6\xe98\xb4\xf19\xfc\xb2o\x1e\xfe\xbc\
\xe0v\x98\x0a\xb2D|\xad\x86\xcc\x5c\xac@\x96\xea2\
*\xc9\x0f\xa6\xf2\xb3\x12\x19F5df]I|\x02\
\x80\x02Y\x1e3\x91\x0e\xc5\x8a\xd1m\xe4\x92?^\x97\
z\xbd\x92\xf1\xa6\xfb\xc9e\xf7]\xfe/!S[1\
\x02FWQ\xb1b\x85\x020\xce\xa1\x97\xa2\xdb\xc8\xae\
}\x9e\x8af\x9a\x9e\x16M\xb1j\x9cA\xefEaa\
S\x919\xd5\x92\x19\xf5Z\xc5\x8a\xc5!\xd3\xc4{\x19\
\xb3y@3\x01\x19\xcf\xf9(J@&\xc7\x0a\x14\xe4\
\x0aw\x81/\xb4Ym\xc58\xe8\x86\x83m\xcc:\x98\
\xf3\xb3\xb1n\xda\xcd8up)~\xd82S\xac3\
\xe2\xae\xb0\xa3\xdc\x15\xb6y~3\x1d\xe7\xe8\xed\xdd\x8b\
\xb1\xef\xf5\xc7\xf0\xc1\xda\xa7\xf0\xc7\x9b\xaf\xc3\xa8^\x1d\
\xb0f\xfe\xa3\x22@\x9f\xfd\xf0$t.+E]\xa0\
\x0a\xa3\xfb^\x87\x87o\x9f\x87n\xad\x07\xa0:\x5c\x8b\
\xbe]\xfa\xe3\x92a7\xe0\xeeI\xcfbt\xef1\xe8\
T\x1eC\xa7H\x00#\xdau\xc4e}G\xe2\xf2~\
cpa\x8f\xe1\xe8\xdf\xba=zTV\xe3\xca\xbe\xbd\
\xf0\xf5\xb67\x81\x9f\xf6\xe3\xf87[p\x9a\xedT\xff\
\xb3\x09G\x0f\xbe$\x00\xa3d\x81\x99j\x8a\xb7^\xc4\
\xa9/(\x054\x01\xde\x17\x1b\x04`g\x82\xecL\xc0\
\x09kv\xe0e\x1c\xfb\xea\xef8\xc1\xc4\xcfw[\xf0\
\xebO\x07p\xcb\xd5\x97ah\xf7\xfe\x98x\xc5\xed\xb8\
t\xe4Dtg\xdd\xaf\xbc5\xfa\xb7\xeb\x81\x9b\xaf\x9a\
\x8aK\x06_\x8a\x0e\xe5m\xd0\xab\xa1\x87\x88\xdd:T\
\xd4\xa0}y\x05Z\x85K1\xa4\xc70\x9c\xdbq \
z\xb6\xeb\x89\x9e\xed\xce\x11'\xc4\xcf\xed\xd4\x1fu\xb1\
zL\xba\xf6r\xe1\x1e\x1fg\x87\xc9\x8f\xdbq\xf0\xef\
\x0b\xf1\xa7g'\xe1\xdbw\x9f\xc3\x11\x8e5\xdf\xcc\x96\
\xaai\xc0\xfe\xc5X\xf7\xec\x0d\xd0\xe5r\xa9`\xa1\x08\
\x03\x08\x99M[\x04KI\x91\x00M\xba\x8c\x89\xb8\x8c\
#\xbb\xe3\xedU2\xf9!-\x15\xef\x9b\xf5Z\x01\x99\
l<g\xe8\xa2\xd7\x17\x8b\x7f\x93\x8b\xd6y\x9f\xbb\x9f\
\xb3\xb8\xec\x8f\x09\x10\x1f\x13 \xa1\x96!+\x97\x90\xb9\
\x9bA&Ak\x112Z2\xae\xf5$\x18V\xabb\
\xc5\x08\x97\xd3i\x11\x01#\xc7a\xe7\xe5(fU\xaf\
\xd3\x0a\xc0x\x8a\x9a\xee\xa2\xd7\xe3\x8e\xbb\x80\xc9\x80I\
\xc8J4\x9a\xc4\x0b\xc09\x8e\xba\xf8\xc4\xab\x16!\xcb\
;\x03d\xc5\xfct\x8b\x8fn\x8bC\xe62j\xe11\
h\xf0\xde\x9a\x87pr\xefB\x1c\xda\xa2\x00\xc6\x04\x08\
\xad\x18W\xb8\xa6\xd3\xd1\xad\x0bpj\xd7R|\xf7\xfe\
,l{\xf1I\xbc2\xf7a\x5c;\xa2/\xae\x18\xde\
\x03\xdb\xdeZ\x86\xbf\xbd4\x1b\xa3\xfb\xf7\xc3%\xc3\xae\
E\x1d\xfb\x0f\xdbt\xc75\x17M\xc4]\x13\x9e\xc4\xdd\
\xd7>\x89!m\x07\xa0{Y\x04=j#\xb8\xb0w\
\x7f\x8c\x1f~\x05\xc6\x0e\xbb\x12\x17\xf5\x1a\x8esk\xdb\
c@m5\x1e\x99p\x05~>\xf8\x01\xf0\xf3~\xe0\
\xc7=\xa2>\xf6\xcf=\xafc\xd3\xab\xd3\xf1\xed\xb6\xa5\
h\xfcl-\x8e\x1d\x5c\x9d\x80,\xd9\x8a\xbd\x94\x0c\x19\
-\xda\x97\x8a\x15\xa3\xd4\xdfOzL3\xd8\xd4\xa0\xd1\
\x9a\xad\xc7\xf1\xcf\xdeD\xe37\x1f\xe0\x14\xb3\xab?~\
\x8c\x7f\x7f\xb6\x05\xe3/\xba\x0c\xe7\xf5:\x0f=\xaa\xbb\
\xa3Wu\x07\x5c<\xe0RL\x7f`\x0e.\x19r5\
j\xfd\xb5\x18\xda}\x10\x86t\x1b\x88\xbe\xed\xcfE\xfb\
\xb2\x06a\xd1\x86\xf4\x18\x82\x01\xdd\x06\x0a\xf0:W\xb4\
Au\xb0\x02=\xdb\xf7B\xbf\xae\x831\xa2\xf7@|\
\xb3\xf7}\xe0\xa7\xdd\xc0\x8f\x9b\xb1\xed\x8dYxa\xe6\
T\xbc\xbd\xf8\x1e\xfc3\x15\xb2\x83\xcb1\xef\x81q\xd0\
df\xc0a(\x12K\xde\x15\xd0\xe2\x90\xc5c\xb3T\
\xc8h\xcdx\xed0\xc9\x91\x0a\x99\x95\x13\xb1U\x90\x89\
\xd1\x1b\xb9Y\xc2\x9a\x89\xb9\x8c6\x13<q\xcbF\xc3\
\xc2k\xd2\xaa\xd7\xa0Km4\x09\xb2D\x861\xc9\x92\
\x112\xc7\xd9CF\xc0\xb4\xf1\xc1\xfcl7Q\xdcC\
Bf\x13.\xa2\xd5l\x12\x19@e\xbaU\xa6\xd8\x00\
O\x0b\xa6\xb8\x90.q\xdbRw=\x7ffa\x81\xd2\
\xfa\x22,\x19\xcd\xb8I\x19j\xc2=Oi!\x8b\xc7\
db\xd0e\x0ad\xac\x9dP\x9c\xa9\xc8\x91m\x1eB\
\xa6+F\x8d\xcf\x8eO\xdf\x9a%\xba\xba\xc5\xb6\xcbm\
s\xc4\xf1\x16\xee\xe7:\xb6maBb\xdf\x18\xb5=\
\xaem\x0bqb\xe7b\x1c\xdf\xbd\x14\x9f\xbc\xf1\x14\xb6\
\xbe4\x13\x8b\x1e\xbb\x03\x97\x0c\xec\x8e\xdb'_\x84\xf7\
\xdfZ\x8ae\x0b\x1e\xc5\xc5#\xfbaT\xbf\x81\xb8\xee\
\x82\xc9\xb8b\xc8u\xe8\x10fGD\x00=\xca\xcbp\
\xc9\xb9\x83q\xe5\x80\x8b1\xa2\xd3`\xf4\xaa\xea\x88V\
n?&\x9c?\x14[_Y\x01\x9c\xfc\x1f\xe0\xd0\xc7\
\xf8\xc7\xd6?\xe1/+\x9e\xc4\xd2'o\xc1\x9f\x16\xdd\
\x87\x83\x1f.\xc1\xb1\xcf^\x12p\xd1U\xe4\xc5\x9fH\
\xcf\x0b\xc0^\xc6\xa9/(\x09\xda\x8b8\xf5\xe5\xcb8\
\xf9\xd5+8\xf1\xe5\xcbB\xca\xbf5Wj\xa6QX\
4a\xd5\x14\xcb\xd6xp=\x8e\x1fx\x09\x8d_\xff\
]\x14\xa4\xf1\xfdn\xe0\xc8~|w\xf0\x1d\x5c6\xa0\
7\xda\x06*p\xef\x84\xbb\xf1\xfc\x8270\xba\xcf\xc5\
h\x08\xd7\xe1\x9a\x91\x97\xe3\x8aa\x17cP\xe7~\xe8\
R\xd5\x01\x1d+\xda\xe2\xfc\xbe\xa30\xb4\xc7pt\xae\
\xed\x80\x86p\x0d\xdaE\xeb\xd0\xbb}O\xf4\xeb\xd2\x0f\
\x97\x8e\xbc\x04\x1f\xbe\xb9\x0a\xc0\xe7\xf8\xc7\xf6W\xb1\xe8\
\xd1\xa9X\xf3\xecmx}\xd1\x1fp\xf0\xcf\xb3\xd0\xb8\
k\x11~\xdeJ\x8fc\x06~\x22d\x9f\xae\xc4\x93\xb7\
\x5c\x81\x22n\xee\x14\x90)\xa0\xd9t\x1a\x01\x19\xd5\x0c\
\xb2\xb8\x94\x92ON\x02.\x99\xd4\xe0y25d\xc2\
\x9ae*\xb5_\x8f\x93\xd6\xcc\xa2\xb8\x99\x8ex\x02D\
\x8c:\xccDCy\x00]8.\xae\x05\xc8D#1\
!\x8b4A\xa6\x06--d\xbc\xcf\xa21c)f\
\x14\xc5\x80\x1dn{\xb7\xb3`W\x9cX8\x9d\x9d\xc1\
T{\x8e\x98f\xa5\xce6Z\xe3\x93\x80R\x01\x93\x90\
\xe5\xe7\xe5%\xfex.\xbd\xe6\xf6\xf8L\xc6n*\xc8\
8\xffQ\x0c,\x8dwz\xd0\x0d\x10\x073\xd9m\xcf\
xLX\xb1\x02\xd1nc\xd5\x15\x08\x97\xc2\xa3/\x16\
\xa3\xca\xdc\x9a\x02\xf4\xa9\x8f\xe1\xd0\x96\xa58\xb6e\x0e\
\x8ep!\xfa\xb6y8\xb2\x9d{\x91\xe7\xe3\xe8\x0en\
\x94Tn\x95y\xf1\xe9uz\xff2\x1c\xda\xb6\x08{\
\xdf\x98\x81w\xd6?\x83Y\x8f\xdc\x84\xcbG\x9e\x83\xfb\
o\xbf\x1a[\xff\xbe\x16\xbb\xdf\xdb\x80e3\xee\xc7\xd4\
k\x86c\xe2\x85}1\xe9\xfc~b\xbc\xda\x83\x13\xaf\
\xc7\xdd\xd7^\x81[.;\x1f\x8f\xdct\x0d^Z\xfc\
(\x0el\xdc\x80\x0f^\x98\x87go\xbb\x0e7^\xd0\
\x17\xb7^6\x00+\x9f\x9a\x8c\xcf>X\x8aS_\xbe\
\x89\x93\x9f\xbf\x8a\xc6O\x99b_\x8f\x13\x9f\xaf\x17\x17\
\xbfbu^D\xe3\x17\x84\xe8O8\xf1\xc5\xab8\xf9\
\xd5\x9f\xf0\xcb\x97\x8aN}\xf9\x1aN\xaa\xc4\x7fO\xab\
/\x09\xa2b\xed\xa8\xc6/\xf83\xe3\x12\xbf\x93\xbf\xe7\
%|\xbf{\x1d\xb6\xbe1\x17\xff\xb3\xe7\xcf\xc0\x8f\xdb\
\x00\x1c\xc0\xc9\x7fo\xc6\x9c\xc7\xef\xc4\xc3w\xde\x8b^\
m\xfb`p\x97\xbe\xb8\xf9\xb2\xf1\x18;\xf2r\x5cx\
\xeept\xaf\xee\x80\xaeU\xedqa\xdf\x91\xe8\xdb\xe6\
\x1c\xb4\x8f\xd5\xa0M\xb8\x12]\xab\xda\xa2g\xab\xce\xe8\
Q\xdb\x09\xf7N\xbe\x09{6\xfe\x15\xff\xf9\xf2\x03<\
u\xf7D\xdcx\xc9\x08\xacz\xea.\xfcu\xd1\xc3\xf8\
\xfa\xbdE8\xb1{\xb1\xd8\x84sl\xcbl\x1c\xa6\xd7\
\xb1y:p`%\xa6^6X\x8c\x8e\xe0\xc8\x02&\
\xb4(;\x1b\xbf\xe3g\x05\xc5\x82\x0av\x7f\xc8)V\
\xf1!;\x85\xf1\xfd\xd2\x84\xaa\x092\xbb\xa8\xdf\x0aw\
QU*\xa2\xf7$\x16\xa98\x9d\x89#_n\x9b\x12\
\xa3\xe5\xc5g\x7f\x06\x1d&\xe12v,\xf5)\x19\xc5\
\x0a\x8f\x92U$`e\xeexg>\xe7\x814\x01\xa6\
VF\xb2\x8b\xa8X1\xae\x19\xe2\x0fg\xcb\x13]C\
\xba\x81\x0e\x9b\x1d\x85\x05\x8a\x09\xcdf\xdbS\xdc\x92\x11\
:\xe9*\xcal\xa3.\xde*\x95\x0a\x98\x84\x8c){\
\xa6N\x15\xc8\xacp\xd8\xed\xc8!\xd4\xa9\x96LN\xa3\
\x8aC&\x0ef\xb2\xc3\x83\x09\x8fb\xc5\x82YY\xa4\
\xd4\x17\x0a\x97\xc2kP \xb3\x17d\xe3\xb2~\x1d\xc4\
X\xe8\xc3\x9bg+\x0b\xd1%dq\xb8\xa4R\xc1\xa2\
\xb8\xe6Hh\xe7B\x9c\xd8\xbd\x08\xa7?Y\x81\xaf\xde\
\x99\x86\x7foY\x8ec\x1f\xbf\x8a%O\xdd\x84\xcb\x06\
\xb5\xc3M\x97\xf6\xc1\xdc\x87\xc6a\xdd\xac\xdb\xf0\xca\xa2\
?\xe0\xf5\xa5\x8f\xe0\x95\x85\x0f`\xc3\xdc\xbb\xb1\xea\xb9\
\xa9\x98~\xef\xd5\xb8\xf3\xba\xa1\xb8\xf5\xf2~\xb8\xe1\xfc\
\xee\xb8\xfd\xf2^X\xf8\xd05\xd8\xf4\xd2\x13h\xfc\xec\
O\xc0\xbf\xde\xc2/\xbc\xe8\xe3\x9d\x19\xb4^\x02\xb0\xcf\
\xd7\x0b\x97\x8e\x80\x9d\xf8\x9c\x80\xbd\x12\x87\xe5U\x9c\x8a\
Cv\xea\xcbW\x93\x00\xfb=\x90%\x81\x16\x87\x8c:\
\xfe\xe9\x06|\xbdq1\xde[\xffG\xbc0\xf7N\xfc\
}\xdd\xd3\xf8v\xe7\xab\xc0\x89\x8f\xb1\xe3\x83\xb5\xb8y\
\xfce8\x7f@_\xf4k\xd3\x05\xa3\xba\xf5C\xd7\xb2\
V\xe8\xd7\xd0\x19C:\xf5F\xb7\xca6\xa2\xa7\xb1M\
 \x80\x06\x7f\x00\xbd\xeb\xeaq\xfd\xa8\x11xm\xcd|\
\xbc\xf5\xea\x0a\xdc{\xeb\xf5\x18=\xf0\x1c<q\xeb\x04\
\xbc\xbbr\x1a>Z\xf50~\xd8\xba\x08\xc7\xf6,\xc4\
\xd1ms\xc4\xda)\x0e<\xa5KO\xd0N\x7f\xb2\x12\
W\x0e\xed\x8a\x92\x5cZ2\x05\xb0T\xc8\xe4\xfc\x0f5\
d\x1c=\xc7\xe3M\x84L_\xac\xb8\x8c2\xcb\xc8\x03\
\x9a\xca<O\x09X6r2\xb3\x91\xc5\xa9\xc5\x06\xae\
mV \x93g,Y\xd2\x12\x1c\x14\xe5\xa3sM\x04\
\x9d\xcah\xc5\x94\xb4\xbd\x84\xac\xa1\xd4\x15\xef\xc2\xe7\xb0\
\x9d\xe6\x80\x09\xc8dF\x91\xa2\x05R2\x8a\xb4bJ\
w\x07\x0b\xce\xfc>-\x16\xa12\xea\x0d\xd0\x950\x80\
T\xb6\x0cZ-f\x01\x96\xb4dt\x1b\xd5\x9d\xf5\xa9\
\xe2\xf7i!\x1dVS\xc2_v:\xec\xc8/(P\
|d1\x02.\x0dd\xf1\x13\xd0\x9c\xa1(\xdcD\xd6\
\xc5\xb4E\xb0\xe9\x8b`7h\xe04j\xe03\x96 \
h\xd2\xc2\x9a\x97\x89;\xaf\x1c\x02\xec_\x83\x9f\xb6\xcc\
\xc6O\xdb\xd2C&\xa0\x12Cj\xd2h\x0f\xb5X$\
C\xf85\x97\xe7\x9d\xda\xbb\x0a'\xf6,\x07\xbef\xc7\
\xc4Z\xbc4k\x0a\x1e\x9f2\x0c\x8fL\x1a\x8c\x87&\
\x0c\xc6\xc3\x13\x87\xe0\x91IC\xf1\xe4\xcd\xa30\xfd\xce\
\x8b\xb0\xf0\xa1\xab\xf1\xd2l\xce\xb7\x9f\x89#\x9f\xac\x07\
\xfe\xf5&\xf0\xef7\x81\x7f\xbc\x84\x93\x9f\x12\xae\x97p\
\xe23v\xd13\xd3\x97\x0a\x99b]N|\x11\x07\x8c\
V\x8c\x90}\xf9jZ+v&\xa5\x83,\x01\x9a\x0a\
2\x8a\xd0\xe3\x1f\xaf\xe2\xdf\xdbW\xe0\xad\x15\x0fb\xe6\
\xdd\xd7\xe2\xa1\x09\x17`\xf1\x13\xb7`\xeb[\xcb\xf1\xd6\
K\xb3\xb1\xe0\xc9\xdb1\xfe\xfc\x01\x18\xd6\xb5\x0e\xbd\xea\
J\xd1\xb5\xa2\x14\x03\xda6`\xecy\x831n\xf4\x10\
<u\xd7-X\xf8\xe4=\x98\xf1\xd0\xcd\x98p\xe5\x10\
\x5c:\xa2'\x16<~;\xb6\xbf>\x1f\x1f\xaey\x14\
\xbb^yF\x0c\xf79\xbak\xae\xb2\xb7z\xc7b\x1c\
\xdb\xbe@l\x01\xa5K\x7ft\xdbl4\xee_\x8eQ\
}\xda@_\x90\x9d\x162&\xbbR!\xa3\x08\x19\xe7\
\xbe\x88q\x04)\xa9|\xb6[\x89\xb91j\xc8\xb2x\
]s\xcf]^\x020\xc5\x9a\xf1\xda\xb4\x89\xc6\x0c^\
\xb35a\x0f\xbaV\x85\x92 \x93g\xcdd\x17~*\
\x5c\x14\xdd\xc7\x14\xc8\xcc\x89\xc9\xaaF\xbdN\xcc\xc0g\
\x9dL\xd9\xcd\x9c%F\xc2\xf9\xbd\x1eh\x0a\x95\x1e/\
\x82\xc7\xf8\x8bp)CP\x1d\x89x\xecL\x90\xf1\xe7\
[\x8c\x5c\xcf\xa4@\xe6r8D\x86Q\x195\xc0y\
\x1e\xdc\x0f\xcc\x86\xcfl\xd1G&\xc6o\x8b\x98L\x19\
T\xaa\xc4b\x1a\xe1\x9f\x130\x87QY,\xef7\x95\
\xc0o\xd2\xc3^\x98\x8biS/\x03\xf6\xadT \xa3\
%\xdb:7=d\x04)\x8d8WC\xad\xc6}\x9c\
]\xc8A6Kq|\xffR\x9c\xfcd)\xf0\x8f\x17\
\x80\xef^\x03\xbe}\x15\xf8\x96\xb7\xf2\xfe\xab\xc0w\xaf\
\x03\xff\xf3\x06\xf0\xcf?\xe1\xf4W\x1bDB\xa3\xf1S\
f\x0d\x95\x0e\x0e\xf6\x136~\xc6x\x89\xf1\x96\x94:\
9\xf1\x82b\xc5\x12\x16I\x01\x86\x90\xa5\xb3bg\xd4\
W\x7fj\x06\x98\x94\xfa\xf7'\xda\xb0\xe8>rF\xfe\
?_\x07\xbey\x03\x9f\xbf7\x1fk\x9e\x9e\x8c\xbb\xaf\
\x1c\x8c\x1b\xce\xef\x8d\xdb\xae\x1c\x8c\x07o\xb8\x10O\xdf\
y-\x16?y+\xfe\xb4\xe4\x09\xbc8\xffQ\xccy\
\xf8F\xdc;\xeeB\x5c?\xbc\x17\xae\x19\xd4\x19w_\
=\x18\x1f<\xff4\x0e\xed\x7f\x19\xbb\xfe\xf44\xfe\xbe\
\xecn\xfc\xf3\xa3\x058\xf9\xf1j\x1c\xde\xc9\x05\x19\x8b\
qd\xd7\x22!\xb1K\x8dK\xe1\x193o\x9f\x83\xa3\
{\x96a@\x97*\x18\x8br\xe16\x16\x8b\x05\x1e.\
}\xb1X\xea!\x1b\x0f\x12\x93\xacr\x95\xae|\xba\x8a\
b\x17\x02\x1b\x86\xe3\x09\x10\xee%\x93\xa9|6A\xb0\
\xe3C\x1a\x08\xb5xM\x9a\xf4\x5c|\x19w\x19\xed\x84\
\x93\xfb\xcc\x8c\xe2\x9a\xe5V\x97\xaeu\xa5\x022\xd1\xa1\
_\xd64\xd9J\x19\xaa\x93\x0c\x99L\x824\x83\x8c\xee\
\x22abV\x91\xc0\xb0a\x92\x80\xb1\xd0\xcc\xe4\x06\xe3\
-.\x95\xc8\xc9R \xd2\x14\xb25\xc5)\xc0\x92\xb0\
\x99\xe3O*\x15\xaeT\xd08LU|\xca\x08\xc8\xec\
\x22\xc3\xc8\xc6d\xce\xba\x17\xa3\xb8\xe3V,\x092U\
<\x96\x0a\x99\xdbL\xc0J\xe03j\x11\xd0\x17a\xd5\
#\x93\xf0\xcb\x9e\x15\xf8i+!\x9b#\x5cF\x09\x99\
\x80\x8b\x90q&\xfb\xde%\xcd\xd4\x04U\x93N\xec_\
&\xd4\xb8\x7f\x19\x8e\x7f\xbc\x0c\xc7>^\x86\xe3\x9f,\
S\x0eC\x8af^\xde6\x89#\x00N\x1dTz\x0e\
O|\xba\x0e\x8d\xb4XR\xa2\x18\xfc<\x1a?S\x03\
\x96\x0c\xd9\x09a\xc5\x9a\x5c>\x09\x0c-\xd8\xef\xb1b\
\x12\xb2\x93_1IB\xd7\xf3\xb7!S@{\x1e\xc7\
\x0fR\xeb\xf1\xcb\x97/\x02\xffC\x0b\xfc\x17|\xbfm\
\x0d>X\xfd\x08\xe6\xdes\x05\xee\xbe\xa2?&\x8d\xec\
\x8c\xf1\xc3\xbb\xe2\xea\x01m0\xe9\xbcN\x98s\xefe\
\xd8\xb4\xe11\x1c\xde\xb7\x01\xf8\xee\x0d\x1cx\xeb)\xfc\
e\xe1\x0d\xf8\xe2\xed\xe98\xf5\xd9\xcb8\xb6w\x0d\x8e\
\x08\xc0\x96*\xb7\xbb\x16\x0a\x1d\xe5{!\xac\xd9<\x1c\
\xdf1\x07?n_\x8a\xee\xf5e0\x17\xe7\x8be\x1e\
-A\xa6\x9e\xcb(\xbb\xf1\x95\xdbl\xb1\xed\xc5\xa4:\
)\xcd\xa4\x06c}\xd1\xf5\x91\x02\x19\xafI\xce\xacQ\
\xbb\x8b\x94\xd7i\x17\xed\x84\x84\xb0:\xe4\x11\xc5\xe9\x8e\
\x15J\x5c&\xe3\xb13A\xc6.\x90\x04dt\x095\
E\xca\x10~\x8b\xd9$\x06\xf2sx\x8d\xc9h\x10\xf5\
0\xae\x92\xa5\x18\xbb\xc9'E\xcbF\xb0\x98\x18\xa1x\
_\x16\xa1S\xc1J\x85L\xab)\x82W\xc4d\x16\xb8\
\x1dv\x18\x8d\x1c\x9c\x1a?\xa4\x99\x97)v\x03' \
cU_\xa4\xef\x09\x99\xcc*\xa6\x87\xcc\xab/B\xb5\
]\x8b\xbf\xcc\xb8S,\xeb\xfbQ\x05\x99t\x19\x15\xc8\
\x16\xe2\x18\xe3.Z&\xa1eI\x22Lj\x9d\xf8x\
\x05N|\xa2Lz:\xfe\xf1r\x01Z\xe3'\xcb\x13\
\xf34\xc4q\x7f\x95x$\x85\xcd\xbcJCo\x93\x1b\
(\x93\x1aJfO\xa9}\xa5\x87L\xed&J`^\
\xc7\xa9\xaf\xdeh\x0e\xd1o\xe9,!K\xb5f\xc9z\
\x1e\xc7>\xe1\xf7_\x00\xfe\xf1\x8ab\xa9\xff\xf9:N\
~\xf6\x12~\xda\xbd\x06G\xb8!\xe6\xdb\x97\x80\xffy\
\x09\xa7\xbf\xe6\x87\xc9j\xfck\xfb<\x1cx\xebIq\
\x0e\x0e\xcc`\xee_\x8d\xa3{V\xc6\x01;\x03d;\
\xe7\xe1\xdf\x9b\x96\xa0]yP\x8c\x1dp\x09\xc8\xb8\xec\
CYO\xf5[\x90I\xd0\x0a8\x97\xbf0?\x11\x97\
\x89\xe3,l\x8cH\x03\x99\xbc\xa6\xb9@\x85\xd6LB\
Fk\xe6\xb2[E\xce\x80\x07\x8fY\x9c\xeeZ\xcdY\
\x94\xcaX\xef\x96\xdcE\x09X\x022\xc6a\x84\x87\x07\
\xd6(Z\xaeb\x8d\x06v\x9b\x19N\x87\x09\x0e\x87\x11\
\x0e\xbb\x09.\xa7%1'\x91\xd6\x8c\xd9F\xc2\xd5\x04\
\xa1M\xf8\xb6g\x03YQA~\xe2\x0f\xe7\x1fa\xb6\
\x98\x95\x09\xc1y\xcc\xf6(\x95\xfb\xc4v\x96x\x8d\x8c\
\xadT<O\xc4\xc3{\xac\xfc\x8b>E}\x11\x5c\x06\
\x8d\x98\xc5\xceq\xd1n]\x11\xce)wb\xe7\xeaG\
\xc5\x02\xf1\x1f6\xcf\xc2O[\xe6\xe1\xe7\xad\x0bpd\
\xdb\x22\x1c\xd9A\x17\x85\x1bP\x96\xe2\xd8\x9e\xe58.\
F\xa3\xc5gg\xa4Q\xa3\xbc\xcf\x85\xe4\x07\xd7\x085\
\x1eX\xdd$\xd1\x99!\xc5\xaf\x15\x9d\xf8t\x0dN|\
\xc6T\xfcZ4~\xbe\x1e\xc7?\x7f\x1e\x8d\xd4\x17\xd4\
\x86\xdf\x94:\x16\x93\xae\x22!k\x06P:}\xf1*\
N\xff\xe3M\xe0\xbb\xbf\xe1\x97\x7f\xbc!\x12&'\xe8\
2\x0a\xb5\x9ciL\x02\xee\xb3\x17E\x13\xb1R\x10W\
\x8a\xd6\x8d\x07\x98\xeag\xf1\x9a\xe7\xd0\xd6\xe0\xb88\xf4\
I\xabM\xeb\xbd\x0a\x8d\xfc\x10\x8a\x8b\x1fD\x8aE_\
\xab\x1c\x0e\xdd\xb7\x0a\xc7\xf6\xad\x14\xb3K\x8e\xee^\x8e\
#\xbb\x97\xe1\xf0.\x82\xb6\x18\x87w,\xc2\xe1\x1d\x0b\
qx;\xb5@$\x9d\xfe\xf9\xe1\x02\xb4\x0a\xb9\xc4\xf4\
an\xc8\xf1\x185p\x1bX\xa6Q:{dvQ\
\x9daT\xa7\xf1y\xeeP\x994\x9d\x9d\x94\xca'(\
\xe9,\x99t\x19\xd9\x5c\xc1ua\xea$\x88KLq\
3!3;\x13\xfa\xa2<t\xad\x09\xa1s\x95\x1c\xeb\
\xdd\x04\x99\x84*U\x19\x04L$;\xe2\x07\xd6h\xc1\
\xe86:\x1df8\xb9q\xd3\xa5\x13\x90\xf1k\xb7\xcb\
\x82\xc2\x02%\x10,*(\x84\xc7\xe5\x84\xc3\xae\xcck\
\xe4\x13\xa1\xd5\x93\x10\xa5\x82\x95\x0a\x19K\x04\xb2g\x8c\
\xb2\xdblbH\x8e\x5c\xb6\xae\x86L\x9b\x9f-\x96G\
\x88\xae\xfb\x04d\x05\x022\x97\x9e\xbb\xc1\x8a\xe03\x17\
\x8b\x8em\x97\xb6\x10\xc3\xda\x86\xf0\xd9+O\xe2\xf8\xee\
%\xf8a\xcb,\x1c\xda:\x1f\x87\xb7.\xc2\x91m\x8b\
qd\x07\xd7\x08-\xc3\xd1=\xcb\xc5\x9b\x9enH(\
\xa5\x0c\x09UN\x10\x8bc\xfb\x07\xd6\x08\x90\x84\xeb\x97\
\x04\x96\x22\xc5%\x5c\x93\xd0\x89\xcf\xd7&$ \xfb\xe2\
\x054\xfe\x0e)\xc9\x0a\xc6R\x8a\x9a\x81t\x06\x9d\xfe\
\xe6\xcf\xf8n\xeb2\xac\x7f\xf2Z|\xbf}%~\xfd\
\xf6/*\xc8\xf8\xf3dm\xedl!c\x9f\xa3l\xf3\
b?\xa5\xf2z\xf0uj\xfc\x84#\x0c8\x0fR=\
Q+>\xbaN5\x84\x95#\xc5\xe5\xfc~\xbe\xf6\x14\
A\xe3J\xa7\xc3;\x16\xe3\xe7\xed\x0b\x13j\xdc\xb3\x14\
\x07\xfe<\x0d\xe5.+<\x9c\x95h\xe12\xc5\x22\xb8\
\x8d\x85\xbf\x032\xc6e\xd9\x22.c*_\xd4d]\
v1\xe9\xac%\xc8\xa45+.*\x12\xbb\xfa$d\
\xc2\x888m0\xc7'\x0e\xdb\xf5\xc5\xe8^\x1bA\xfb\
r/\x1a\xce\x062\xba\x89,<\x132\xba\x7f\x0e\x87\
\x05N\xa7\x1eN\xa7\x0e.B\xe64\x0b\x0b&\xc5\x98\
M\xc4T:\xbd\x88\xdb\xec6\x052Z19\xca;\
\x15\xaaT\xf1\x89\xb2\x0c\xc0@TBF\xab\xc8\xff\xcf\
\xd3\xd0b\xde}~\xd32\xbf\x04d\xf9\xbf\x0d\x99W\
[\x80\xab\xce\xa9\xc27\xaf?\x8bc\xbb\x16\xc7]E\
\x05\xb2\xa3\xdb\x97\xe0\xe8N\xae\x14Z\xae\xbc\xe1\xf1\x01\
\x9f'Z\x80,1,T\x1e;I@\xc5\x8b\x8e'\
\x8d\x93O&\xab;\xdc\x93\xda\x97x\xd4D]\x9b\x8a\
\xf7\x1a\x9e\xbd^i\x06\xd2\x99\x84\xff\xbc\x8b7\xe6\xdf\
\x8c{\x06Vb\xe3\xbc\xdbq\xea\xab\xd7q\xf2k\xb5\
5\x93\xa0\x9d\x09\xb2\x17p\x92\x19\xcf\xc4\xdf\xd74\xf2\
@\x01-~\x0c\xe7\x93\xe4\xb9\x8e\xa9#\xe8\xd4\x90\xa5\
\x82&!k\xb2f\x8aN\xee[\x8e]\xaf<)V\
4yS s\xe8\x943\x83g\x05Y^\xd3p\x1d\
\xd9\xfc\xc0\xbdwg\x82L\x8a\x89?Q/#d6\
\x8b\xd8\x0f\xc1\xa1\xbf&.v\xcf\xc8\x80\xc7lB\x97\
\xaa\x98H~H\xc8\xd4\xc9\x8e\xa4\xc4\x87\xd5\xc2\x86`\
-\xec6\x13\x9c\x0e\x02C\x0bf\x12VKi\x06V\
\xfa\x14}\xecU\xb4\x19\xe3\xe3\xb3\xb3D\xdd\x8c\x1d \
\x84L\xba\x8c\xb9\xf16\xab\xd4'\x9c*\x16\x9ei\x9a\
\xf9\x09\xa3\xb4\xb1\x102\x1b\x0c:\x9dxQ\x9a\xd2\xf6\
\x0ah\xac\xe8\x132q\x0a\xfa7 \xf3k\x8b0e\
@\x03\xfe\xf5\xb7i8\xbasa<}\xcf\xac\x15\xd3\
\xc4Kql\x17\xb7\x9c\xc4\x976\xa4\x81K\x0d\x19\x0f\
K&\xe2\xad\x04`\xeb\x9aN\x18\x8b\x8bp\x83\xb8\x18\
\xc5\x05)\xe2,E\xea\x0e\x0b6\xf06~\xc1\x0bZ\
B\xa3th$\xdfW\x7fO*\xde\xf8\xab\xb6d_\
Q\xaf\xa7\xd5\x89\xaf\x15\xe1\xa7\xf7\xf0\xca\xf4\x89\xf8\xc3\
\xa0j\xbc\xfe\xc0\xe5\xf8\xf2\xef\xb3\xf1\xeb\xff\xbc\x89\x13\
_\xbf\x22\xa4\xc4h\x8a\x14\xd8\xe2b\xd1;.Q>\
\x10\xf1\x19\xffF\xfe\xadJ\x9b\x97\xe8u\x8c\xc3&n\
\x85EK\x1d\xd2\xd3\x5c\xa9\xa0Ik\xc6\x19\xff\xa9\x90\
\x9d\xfax\x05\xb6\xbc\xf88\xea\x02V\x84\xccZ\x04\xad\
\xdaf\x901&\xfbM\xc8\xe4d\xe1|%\x95O\xd0\
8\xe7\xe3\xb7 S\xdc\xc6l\xd8-f\x01\x9a\xc3f\
\x15\xd7\xb9\xbc\xd6u\xf1\x11r\x01\x9b\x0d\x9d\xab\x83b\
\x98\xce\x19!\xb3\xdb\x94xK\xb8\x87\x0ei\xb5\xac\xf0\
\xb8\x99\xc8hR\xc0\xefl\x9aOWX\x04\xaf\xdb\xd5\
\xe4*:\xed\xb0\x98\x0d\x22i\x92\xfa\x84\xd3\x89\x90)\
Af\xb1R\x90\x16q\x19\x8b\x85\x16QHTvO\
5\xad\xa6%d\x89\xb1og\x80,`\xd6\x22j\xd2\
\xe2\xfe1\xdd\xf0\xef\xb7\x9f\xc3\x91\x9d\x0b\x14\xc8\x98\x1a\
\xde\xbe\x04\xc7wrQ\xder\x1c\xdf\x1b\x9f'/\x81\
ja\x8e\xbc\x84L\xdc\x8a\x8bL\x11\x13\x19\xa9\xa7\x92\
\x95\xb3^\xe9!;)\xe0R]\xccq5\xbb\xc8U\
n\x9c\x84N\x81A\x95\xfc d_\xd325\xd7\x89\
\x7f(\xc2\xa1\xf7\xf0\xb7\xc5\xb7\xe1\x81A\xd5x\xed\x9e\
\x8b\xb0\xff\x95?\x02\xff\xfe3N|\xfdr3\xc8Z\
\x02\xee\xe4\x17\xaf\x08\xd0\x9a\x12\x22\xf2oT\x0e}\x0a\
\xc5\xad\x9a\xb0\xf2r\x5c\x02\x81k\x01\xb2tn\xa3\xdc\
\x02J\xb8DJ\x7f\xe7b\xfc\xf2\xc9J|\xb8\xfea\
\xf4oW\x8e\x0a\x87\x1e!+\xf7o7A\xc6\x83\xb9\
\x122\x86\x10\x22\x8d\x9f\xa7\x1cyI\x85\x8c\x1f\xd6<\
\x0dm3\x19\xc4\xec\x19=3\xe6\xbf\x01\x19\xa5\x5c\xe7\
\x85\xcd \x93\x9e\x9b\xd6\xa04\x5c\x84\x1cvt\xac\x0c\
\x0ak\x96\x0aW\x022\x09\x98\x80+n\xb9\xa8T\xc8\
8r@S\xa4\x0c&5\x1b\xd90\xecPf\xe7K\
W\xb1PY}\x94\xfad\xd3*>\xfbC\xa7)J\
$?\xe8\x03s\x91\xa0&/7\x91!\x92\x90\x95\xe4\
e\x89c.|19w\xaf9d\x1a\x01\x99\xcfT\
\x88Z\xb7\x11O]\xd9\x07\xffyw:~\xde1?\
\x0e\xd9\x02\x1c\xdb\xb1T@\xd6\xb8\x9b+\x85\xe2\xf3\xe4\
\xe3\xa9w\x09X*d\xe2{\x89\xd9\x1a\xa9\x90):\
E}\xce&\xde\xe4\x13\xcb\xc9M\xbc\xc9\x90\xb1\xdf0\
\xf5\x02OV\xcac\xd4\xee\xe0Y@\xf6\xeb\xf7oc\
\xff\xdf\xa6c\xda\x15\xe7\xe0\xadg\xc7\x89\xcc\xdf\xa9o\
_\xfd]\x90\x9d\xfa\xe2\x15\x9cJ\x82\xac\xa9\x83\xbf)\
\xe3\xa8X6)9\xa0\xe7\xe4\xc7kqb\xff\x9a&\
\x9d\xc1m\xe4\xee4\xe92J\x9d>\xb0\x0a\xef\xac\xfa\
\x03.\xe9Q\x8fv\x11\x0b<\xe6\xf8^\xee4\x96\xac\
%\xc8\x14\xd0\x94\xbe\xd7\xfc,vm\x14\x08\xc8xp\
S&88\xda\xb0\xd9\xb5\xa9\x12\x1fg\xd0jE\xbe\
A\x0d\x19\xcbY\x0eG\x1c\xb4\xcc\x0c\xf8mvt\xa8\
\x084+DKe8\xed\x068\x1dF\xb8\x85\x8b(\
e\x86\xc7m\x85\xc7\xa3\xc0\xa6\x9c\x86\xb6\x8a\xb9\x1b\x9c\
\x91O\xb0\xd4\xb1\x183\x94JWs\xf3'\x9aV\xf1\
\xe4\x87\xa6 \x0fn\xbbY\xc90\x8a\xe6L\x07\xb4\x85\
\x85\xa2\xf7L\xa6a\x99YL\xc4d\xdc#\x5c\x94'\
j'\x122\xb7\xbeHt\xdc\xfb\xcd\xc5\xf0\x1a\x0a\xd0\
1l\xc7\xbc\xc9\x83qx#\xebb\x0bpX\x14\x9f\
\x17\xe1X\xdc\x8a\xb1\xd3@\xc4`\xaaO\xde\x84\xc4\xd7\
\xc9\x801\x15/\x94\xb0X\xf1\x94|\xdc\x9a\xb1C>\
\x01\x19w1'D\x0b\x16W\x92[\xc8\x8b\x9c=\x88\
g\xa3\xe6\xf1\xd6\xd9@v\xe2\x9b7\x84\xdbx\xf0\xcd\
\xe7\xf0\xc3\xae\x958\xfd\xcf7q\x82\xe9\xfb\x04dj\
\x88\x9b~_R\xa2\x85\xa5\x83/x\xfb\xb2b\x89\x19\
W&5\x16\xc7\xa1\x8b\x83&\xe26Y\xbe dB\
k\xd0\x98\x02Y2h+\xc5*\xa8\xa3\xcc\xf6\xeed\
\xbc\xac@\xf6\xeb\xc1\xd5\xf8\xf3\x92{pm\xdfv\x18\
\xd6.*\x1a\x83\x93 \xd3i`c'\xbe\xa6\xc9]\
L\x07\x99b\xc9\xd8\x03\xcb\xd8,K\xb8\x8b<\xb8I\
x\x98\xb8+\xcc/8\xa3a\x10\xfd\xb9\x99Y\x22>\
c\xf6\x5c\x0d\x99\x00\xcdn\x85\xde\xa4\x159\x06\x8f\xd9\
\x8cv1\x0f\x1a\xc2\xd64\x90\xd9\xb4p\xd9up;\
\xf4\x09y\x9c\x06x]&x\xdd<\xd6\xa2@f\xb3\
*\x01\x1f\x93$\x04K\xed\xa3\x9e\x8d\x15c\xebJ*\
dy9\xd9p\xf20(K\x056\xc2\xe6\x80\xa9D\
\x8b\x82l\x1eY\xc8TNA\x17(;\x9fY\x846\
r\xc5\xa9&_\xd4N\x04d\xdaBxt\x85\xf0\x1a\
4\x08\x9a\x8a\xe1\xd6\xe5a@\xab\x10f\x8e=\x17\xff\
y\x7f\x06\x1aw.\xc1\xb1\x1d\x8b\x947p\x97\x92\xec\
\x90qX\xc2z\xed[\x87\x93\xfb\x94O^\x09\x9aL\
=\x9fT'6R\xcea55\xf0\xaaj[_2\
+\x98N\xeaD\xc7\xd9%1N|\xd5\x82\xbe~\xad\
\x09\xa63\xe9\x9b7\x80\xef\xdf\xc2/\xdf\xfd%\x0e\x96\
R'KV\xcb\xcf\x85e\x03E\x8a\x85SbJ&\
p\x14+\xad\xd4\xf2\x9a@\x93\xb0)\xa9\xfe&\xab&\
\xb2\xb3)\x90\xa9A;\xbew\xa5\x92\x88\xdaI\xd0\x14\
\x97\x91\x0b\xdc_\x9as'\xae\xed\xd9\x1aS\x06w\x10\
\x1d\xf8\xb4f\x22\xbb\xc86:\xbdF\x99\xf7Q\xac\x8c\
\xee6\x160\x94\xe0\x143\xb6W5\xed\xabSR\xf8\
\x8c\xcbX\x98\xce\x84\xdd\xa4\x17\xc7]\xe8.\x96h\x8a\
Q\x90\xafxf\xa9\x899\xa9&\xd02\xa1+)N\
xn\x122\x8a\x0d\xf4\x06\x93NX4\x87\xde\x80\xf6\
\xa5^\xb4\x8d6\x83L\x07\x97\x9dp\x19\x12\xf28\x8d\
\x0ad.\xb3\x00\x8d\x90i4\xf9\xa2\x86f\xb3\x1a\x93\
|S\xa5\xbe\xc6\xad\x18\xcd\xc1R\x8b\xd9D\xe5\x93C\
\x81L\xfc\x11\xfc\xc3\xcd\x86\xb8%3\xc3e\xb7\xc3f\
4\x89\x8d-\xecAK\x0f\x19\x0b\xd1\x05\x09\xc8\xdcq\
\xc8Bq\xc8.\xeeQ\x8b'.\xed\x8am+\xee\x14\
\xa3\xe0\x8e\xefZ\x82c\xfc\xa4\xdc\xa5\xc4bj\xc8\xc4\
m\xc2\xad\x89\x7f\x02K\x17\x91\xc3@U\x99\xc3\xdf\x02\
\xec\xff\xef S\x89\x99\xc5&\xeb\x95b\xc9\xd2\xfcn\
E\xaf\xff6d\x898-\x052Z6\x91y\x8cK\
X4\xa5V& \xe3\xed\xbe8h\xb4f\x5c\xd1\xab\
\x86\xec\xf3\xb5\xd80\xf3V\x5c\xd1\xad\x06\xcf]\xdd\x07\
\xa5v\x9e\x13d=\xb4\x00N6\x83\xeb\x19\x97\xb1\x7f\
5O\x81\xac\x90\xa1\x84\x02X\xcb\x90q\xf6G!\xac\
&\x83\x80\x8c\xfd\xb7\xbf\x05YBq\xd8\x8a\x0b\x0bE\
\x0dMm\xcd\x98\x9d'hFNh\xcb\xce\x82E\xab\
EC\xd8\x83v\xb1\xa6\xe2t\x86\xd3\xa6\x87\xcbN\xb8\
\x8c\x09y\x9cq\xc0\x5cf\xf8\xdc\xfc\xa1JVQ\xaf\
\xd3\x88\xec\xa3\x1a2n\xc4\xf8\xad@\x92O\x90\x801\
\xed/-\x9e\xdcGf6\xb0\xc2\xae@\xe6\xb41.\
\xb3\xa38?\x0f\x9a\xb3\x84\xcc\xa3/\x84/\x0e\x99G\
\x9b\x87\xeb\xfa\xb5\xc5\xaa;F\xe3\x9d\xb9Sp\x8aK\
\xef\xe2\x90\xf1\xd3R\x0d\x99\xf8t\xe5m\x12`\xc93\
\x0e%d\xe2\xb6E\xc0TYD\x01\x93\x94:K\x98\
\xe2.6\xbb\xa0\x9b+-\x5cRi@:\xa3R\xd3\
\xf7*\xa5\xfe^5d\x024\x16\xb2\x93 K9\x9b\
\xc6$O<\xbb*\xa6`\x1d\xe4\x14\xac\xf5B'>\
\x89\xcfw\xfcx\x9dx\x9d\x1b\xb9\xf3\x9a3\xfe\xf7\xae\
R\x89q\x19\xdf'\x15d_\xac\x17\xc7\x80.\xecX\
\x86U7\x0eC\xef\x0a\x17lZv~\x10\xb2\x02\xe5\
\x5c\x996\x1f\x96\xe2\x5c\x985L\x86\xd1\x92)S\xcc\
\xd2A\xc6\x824A\xe3-G_pE2\xaf\xc5\x82\
\xbc\xb3\x84L\x80\xa6Ll+*(P,\x9a\xcd\xa2\
4\xd4[L\xe2\x96\xfb\xfc\x8c\x16\x03\xb2\xe8\xb6\x16\x14\
\xa26\xc8\x1a\x99\x0b\xad\x15\xc8\x0cp\xd9\x09\x17'\xf7\
(\xf28\x15\xc0\x04d\x1e+4E\xb9(*\xca\x13\
\x80IK&2,\x9c\xfe#\xd6\xce2%\xdf\x1c.\
5dz\xad.\x092e\xeeG\x16t\xc5\xc5J\xe2\
\x83\x90Y\x99\xcewB\xaf\xd1\xa0\x88c\xbb~\x032\
\x87\x8e\x90\x15\xc1g,F\xc8T\x82\xa0\xae\x10S\x87\
v\xc2\x9bO\x8c\xc5\xfb\x8b\xef\xc0\x0f\x1bg\xa1q\xb7\
\x84LI\xdb\xa7\xd6t\x12\x09\x0f\x01\x18?\x81\xe3s\
5\x0e\xaeO\xb8\x8b2\xab\xd6\x1c0J\xd5\x92\xa4\xce\
\x12\xd2\x02$:6\xd4I\x853]\xd8\xc9\x905~\
\xdd\xa4f\xe0\xfc\x1e\xfd/ c\xe7\xbf\xf2\xbc_N\
X\xb2f5\xb5OYSSZ\xb1\x12S\x8b\x0fp\
\x88\xea\xf38\xc9\xdb8d\xa9\xa0)1\x99\x84l\x99\
\xa8k\x0a\xc8\xbeZ\x8f9\xf7_\x85\xf3\xdb\x84\xf0\xc2\
-#1\xb6W\x0dll\xaf\xa2\xbbh\xc8\x87C\xcf\
y\x1f\x122\xc6\xeaYg\xb4d,@\x132f\x19\
M\xba\x12\xe4\xe5\xe4\x88k\x91\xbd\x8ag\x03\x19\x1f\xa3\
\x16-\xa0\xc5d\x14\x96L\xb6%\xca\xa6\x0e\xb3\xc5\x88\
\xfc\xa2\x02\x14\x17\xe4\xa0:\xe8@C\xd4E\xc8\x8cp\
\xd9\x09\x979!\x8f\xd3\x02\xaf\xcb\x0a\xbf\xc7\x0a\xabY\
\x87\xfc\xbclQG#`\x14\xe30v\xe7K7\xf1\
L\x80I\xc8\xacf\x8b8{\xc6\xaf\xc51\x03B&\
\x5c\xc8<Q\x94Vf,(\x90Y\xf4z\x14e\xb7\
`\xc9\x8a\x0b`\xe5A\xcd\x14\xc8\x18\x93E\xcd\xc5\xb8\
gDg\xbc3c\x22\xf6\xbc\xf8G|\xfc\xcaC8\
\xb5o\x858\xe5L\xc8\xc4\xee\xe4\x14\xc8\xd4c\xb0\x05\
`\xcc \x1e|\x1e\xa7\x0e>\xaf@\xa6J]7\x07\
,\x19\xb2\xe4\x8c\xa0\xba\xe7P^\xa8\xbf\x0f2\xa9\xc6\
\x7f\xfc\xef S\xc3\x9a\xaa\xd4\xdf\xdb\xa4\xe6\x90\xd1\xf5\
\x95\x90\x9dP\xff\xdd\x9c=\xc2\x0e\x11\xd6\xd5\xd2\x81\xf6\
\xc9\xf38\xb1\x9f\xa0\xadC\xe3\xbe\xb58\xbew\x8d\x10\
7\xcaHwQBvt\x17!\xdb\x80'\xa7^\x88\
\xe1\xb5^\xbcx\xcb(\xdc?\xba3<\xda\x1c\xb8\x8c\
\x05B\x0e=G\xc4\xe5\xc2R\x9c\x13\x87,\x13\x86\x82\
\xcc3X\xb2\x1c!&?X\x8c\xe6v!\x8b\x91m\
|\xe9\xd7v\xa5*\x152\x8am\x85L\x88\x104\x01\
\x17\x07P\xc5\x87Q\xd1\xba\x15\x8b]\x0c\xb9\xa8\xf4q\
1\xfb\x19 \xf3\xb9\xad(`V\xcf\xa0\x14\xabY\xb8\
\xe6\xad\x99&\x97\xb3\x18S\x13\x1ai%\xfb\x1c\x1d(\
.R\xd2\xa7j\xd0\xf8\x87*q\x99Y\xb8\x8dL~\
8\xcc\x16\xb1\xa6V\x9b\x97\xd5\x1c2\x0d!\xcb\x17>\
\xb9\x1a2\xbfQ\x83J\x97\x11\x0f_\xd0\x03\xef\xcc\x18\
\x8f\xc6}\xeb\xc5\xa2\x09\xba\x8b\x02\xb2=g\x80L\xb8\
\x88\xaa\x05\x0e\xdc\x84B\xc8R\xa7\xf56\x03,\x05\xb2\
x\xed\xeb\xff\x1a\xb2\xff\xcaEL\x82\xace\xd0R\x7f\
o\x93R!\xa3\x14\xd7W\x14\xd5Ez?Y'D\
+\x16'\x14+S\x8a\x09\x19u\xf2\x93\xf5\xc2\x1do\
\xdcGK\xa6\x00\xa6\x88\x16-\x15\xb2%\xe2\x08\xd1\xbd\
\xe3G`P\xa5\x0b\xcf\xdf2\x12\x8f\x5c\xd4\x035\x1e\
\x03l\xba\x1c\xb8Lj\xc8\xb2a\xd6d)\x96\xec,\
 \xa35#h\xbc\xcf&x\x0e\x80\xfao \x93\xae\
#o5\x05\x85bT\x81\xcdbJL\x15\x90#<\
t\xba\x12h5\xf9\xc8\x90\x80\x11,\xb5|.+t\
\xdaB\x94\x14\xd3\x07\xa5\x9bh\x10V\x8c\xa7Eek\
\x95\xf2\x8bR\xa1J\x16\x1f\xc3x\xcc\xe3r\x8b\x8cN\
\x02\xb0\xcc,\x01_v\x96\xe2''\xeae\x5c\x0ao\
w@[\x90/\xd2\xb0\x04LG\xc0\x12#\x07\x08\x18\
g\xa3\xe7\xc1\xa5+\x80WW(NC\x07\x8cEh\
\x17\xb6\xe3\xe9+z\xe2\xa3\x057\xe1\xf4\xc1\x0d\x89n\
\x02\x8a\xf7\x99.\x16+\x89\xb8C\x99\xae\x0b\x03r\xd1\
\xf0J\xb0\x18O(\x9f\xc0t}\x94n\x878X\xac\
\x0d\x89\xe6\xde4\x8d\xbc\xaa\xb8+\x19\xac\xdf\xaf$\xb0\
R\xacP*8\xa9\xff\x9e*\xf5cN~\xf3\x86P\
\xea\xffe\x9a?\xf594I\x0dY\xdc\xf5\x8d\x7fH\
4\x0a)\x0d\xcc\x1c\x8d ,\x9b\x98%\xa2X3\xc5\
}l\xb2h'E\xedLU\x94\x16\xee\xa2\x02\x9cH\
\x82\x104v\xe2\x88\xf8Y\x81l\xea\xe5}0\xa4\xc6\
\x8d\xc5\x93\x07\xe2\x91\x0b\xbaaL\xc7*\x98\x8b2\xe0\
4\xd1eLv\x17\x0d\x05Y\xd0\xb3\x89\x9c\xfb\xa4S\
 \x93\xe9{)\x1e\x7f)\xcc\xcb\x86\xc5\xac\x17Ct\
\xfe\x1b\xc8RE\x1e\xb4\xc5\x1aq\xf6L6\xdb\xd3\xaa\
\xb1\x97\xd7`\xd0%C\xe6c\xe1Y\xdcZa1j\
QT\x98+\xac\x17e\xb3\x9a\xc4\x7f\xccV\x01v\xb6\
\x90i\x8bK\xe0v\xba\x9aAF16\xd3k\x95\xb8\
\x8c.\xa32\x96\xc0\x09cI\x89\xc80*\x90\xa9\xe7\
zH\xc8r\x05d>}\x918\x0d\xcd\xdb>\xd5~\
\xcc\xbc\xba\x17\xf6\xad\x7fPti\xa8\x0b\x9c\xcd \xe3\
\x1b,!\xa3;\xa3\xda\x82\xd2\x04\x99\x92E\xa3X#\
J\x05\xec\xff\x15\xc8Z\xd4\xef\x85,~\x22\xe0\xbf\x82\
,\x9e\xcdm\x82L\xb9\x95\x90\xb1\xdd\xed\xe8\xee%B\
\xf8\xea%\x5c3\xbc\x1b.l_\x8e\xa7.\xed\x8e9\
\xd7\xf5\xc7\xa3\xe7\x9f\x0b\x9f6\x0b\x0ecA\x1a\xc8X\
G={\xc84\x05\xcau\xcd\xd6)e\xf7Cs\xb0\
~\x0fdR<\xc4\xac/)V\xe23\x93AX5\
\x83>\x052Ef\xd1\xa3\xa8)\xca\x13\xb4\xd3\x82\xd1\
E\xa4\x05K\x05\xecl \xa3\xccF\x93\xb0d,\x00\
\xaa!\xe3}Z3v\xfe\x8b\xec\xa2l\x18v8`\
5\x1a\x15\xc8\xf8\xe2\xc5!Sf{4A\xc6\xf4\xbd\
_\xd4\xc8\xb4\xf0\xe9\x0a1\xb2M\x143/\xef\x817\
\x9e\x1d\x0f\xf0\xdc\xd6\xde\x15I\x90\x1d\xdb\xbbL\x1cm\
9\xbeo\x95\x0a2\x1e\xdf8\x13dt\x05y\xf4\xa4\
9`\xff/C&\x1f\x97\xfa\x1c\x9a\xf4\x7f\x03\x19\xd7\
6\x9d\xfcd]\x13d\xaa\xc4\x87\x92\xca_\x99\x80\xec\
\xf0\x9e%8\xbag\x09N}\xfe\x02F\x9e\xd3\x1a\xa3\
j#\x98ve_\xac\xbee\x14VO\x1e\x8d\x9eQ\
\x07\xcc%\xd9\xb0\xeby\x0d\xa8\x13\x1f\xd900\xac8\
K\xc8\xb4\x9a\x02\xe1\x95q\x0d\xd8\xff%dR\xec$\
a]\xcdlT\x06\x05g\xa8\xe30\xca\xcd3c\xc5\
\xf9\x22]o\x13\x16\xcc(b2\xb5\x8b\xa8\x96\x1a\xb2\
\xd4\x7f\xa3r\xb2sD31!\x93\x15\xf6\x84%\xcb\
\xe0\xf6\x96l\xe4\xe7\xe5\x8a\xb8\xcc\xc5\xd9\xe4\x22.\xb3\
\xc3e\xb1@[\xc0n\x8f\x0c\xe8\x98\xa2M\x8c\x80c\
\xea^BFK\xc6\xf4\xbd\x16>m!\xce\xefX\x8e\
\xe5\x93\x87b\xc5\xddc\xb0i\xf5\x1d\xf8\xfa\xed\xe98\
\xbcc)\x8e\xec\xe2'd\x1c2Q\x04\x8d\x7f\x8a\x0a\
\xc8\x9e?\x0b\xc8x\x11\xa5\xaby)u/\xa9\xe6\x17\
\xaa\x0a \xd5)g\xb5\xfe\x7f\x01\x99\xfaq\xa9\xcf3\
\x9d\x92\x9f\xf3\xef\x85\x8c\x96L\x89\xc9\x84\x8b\x1e\xaf\x97\
\x89\xf7\x80E\xe9xa\xfa(\xcf\x97\xed^\x82\xe3\xfb\
\x16\xe3\xd0\x9e\xe58\xa7*\x8a+\xbaT\xe2\xa5\xdbG\
c\xcd\x0d\x83\xf1\xea\x1d\x97\xe0\x9asZ\xc1P\x98\xf1\
\xbf\x83,3\x03\xba\xe2Bq]s\x17y\xd2\xf5\x9a\
\x06\xb0tJ\xbd\xc6\x13,\xa8\xfe\x9d\x19\xf7\xc2\xfc|\
\xe89TJ\x9d\xf0`\xb2\xc3\xa0\xd3\x88\x8d\x17f\x93\
N\x98T\x8e hi\x95\x92\xf8\xc1\xbf\x01YA~\
\x01\xdc\x0e'\x5c\x0e\xa7\x80\x8c\xdfS\xbb\x8b\x8c\xc9\x98\
R\xb5\x19\xf5\xf1,#\xd3\xf96xl6\x18\x8a\xf3\
\xa1\xcd#dY\x022&>\xcc%\xf9\xb0\x95\xe4\xc0\
VB\xc8\xf2\x85\x9b\xc8\xf4\xbd\xb7$\x1fW\xf4\xac\xc7\
\x9ck\xfb\xe2\xe0\xab\xcf\x88 \xfc\x8d9\x13\xf1\xd1\xca\
;q\xea\xe3U\x22\xa0&d<C\x96\x80\x8coz\
<8O\x85\x8c\xe7\xa9\x92\x92\x1a\x22E/A\xfb\x7f\
\x17\xb2\xd4\xc7\xa5>\xcft\xfa\xbf\x80\xec\x94:\x8dO\
\xd0d\xe7G\x0ad'?^\x86\x7fn\x9c\x87V\x1e\
\x1bn\x1b\xd9\x1d\xaf\xdd{\x11\x96M\x18\x82\xa7\xcf\xef\
\x8c;\x86uB\xc0\xcc\xb9\x8b\xb9\xcd c\xd7\xc7\xd9\
@\xc64\xbe\x81\x0d\xc6\x16\x03r\xb22a\xd4j\xa0\
+)\x12\xaec\xea\xb5+\xa0K\xd9\xe5p&\xd0\xd4\
\xff.JT\xf1\xef% \xf3:-0\x1bKP\xc2\
Qk\xc2M4\xa2XS\xa8<0\xcd\x0fL\xfc\xe0\
x\x8a\xbe\xa5\xc7\xc8x\xec\xff\xab\xee\xbd\xe3\xe4<\xab\
\xb3\xff\xed\xb3\xd3{\xef3;\xb3\xbd\xa9\xf7\xde{\x97\
V\xbd\xacz\xef\xdaUs\xb7\x5c\xb0p\xc1`\xe3.\
\xdbr\x97%\x1b\x08\x10H!\x0d\xde7\x89ml\x02\
6`ZHH\xde\x84\x14\xdc\x0d\xd7\xfb\xb9\xce\xfd<\
3\xcf\xce\xee\xda\x86\xf0&\xbf\xdf\x1f\xd7gvW+\
i\xcb|\xe7\x9c\xfb\xdc\xe7\x5c\x87\xd5E\xfd\xf2\xcf\x98\
.\xb2\xc2\xc8hF\x0be\xbd\x8c\xcf\x19\x1e1\x98t\
\xd9`'d\xb5\xe5pY\x09\x99J\x17\x03\x1adQ\
\x87\x09\x09\xa7\x05\x19\x8fM\x22\xd9\xf2\x91\x8d8\xbbp\
$>\xbbg\x11\xfe\xee\x0b\x9f\xc1\xb7\x9e\xb9\x06\xbf\xfc\
\x9b\xcf\xe3\xadWU\xd5\xea\xed\xd7\x0c\x90\xb1\xb2%\x90\
\xf1\xe2tp\xc8\x949\xe8\x15i\x96\x95\xb7\xfb\xcd\x82\
\xfd\xff\x07\xb2\xd2\xcf\xf9\xef\x83\xec\x12>0D3u\
6S\x13\xe9} {\xed\x02>|\xe3)\xbc\xf1G\
\xf7\xa05\xe0\xc05\xab\xa7\xe1\xae\xadsqf\xf1(\
\xdc\xb6a\x1a.\xf6taVgN\xb2\x1b\xae\xc6*\
@f\xe1@\xef'\x87\x8c\xd3\x1f>\x9fj\xafjH\
F0vH\x13:\xeaS\xa8O\x86\x91\x0e\xfb\x11t\
\xdb\xc5\x06\xae\xb6\xbaR,\xe4J\x9f\xd3J\x04\xad/\
l\xfd \xd3a\xd4SE\xbf\xc7\x0e\x9b\xad\x16^\x9f\
\x13\x1e\xaf]\xda\xa8\xf4\x85\x80\xbcp\x1e\x0c\x22\x95\xfe\
U\xca\xc5\x1e\xfd\xef\x9dN\x87\xf8.\xea\xe0\xd1B\x8e\
Q\x8c)\xa3nM\xa0\x9f\xcb\xaaX\xc2\xaf(\x97\xbe\
2\xb6\xbc\xe8\xc5\x8f\x08M{\x986\xfa=p\xd4\xf0\
\x5cV\x01\x97V\xf8\xf0Zk\xe0\xb7VH4\x8b\x09\
df$\xbd6\xa4\x9cf\x1c^8\x0e\x8f\x1f^\x82\
\xbb6M\xc2\xd9\xa5\xa3\xf0\xfc\xf9\x83\xf8\xf5\x0f\x9fS\
\xe9\x22\xcb\xc3\xaf=\x86\xb7\xe4\xf2\xd3\x90.\xca\x0ee\
}NL\x1f\xb8\xd4-\xd9\xd8EO\xd8\x986\xea\x90\
\x19\xe0\x92'\x1d\xcf+J\xa5O\xce\xc1\x9e\xa8\xef\xfe\
\xb8(\x01J\x9b\x03+h\x00@\x06\xd3\xc7\x815\x90\
>\x09d\xaa\xd3C\xe9]\xc3\xf7(\xe73Z\x18\x88\
\x8dA\xb1\x13\x84\xe9\xb4\x9c]\xd9\x01\x22\xd2v\xa0\xf1\
R\xff\xf5g\xf1\x81v.+\x8db\xba%\x01-!\
~\xf5\xea#\xf8\xcd\x0f\x9f\xc1_=\x7f\x1b\x1a<&\
\xec\x9a\xd0\x84;6\xce\xc0C\xfb\x97\xe2\xc1\xbd\x0bp\
\xf1\xf0\x12\xf4.\x9f\x08\xb7\xb9\x1c~Bf\xaf\x86\xd7\
R\x09\xf7'H\x17\xf9\x1c\xa3\xe4B\xdaE\x9fQ\xd5\
\x8b\x9b\x8b\x870\xae#\x83\x91\xf4\xechIcT[\
\x16\xa3\xdb\xb2\x18\xd1\x9c\xc2\x90\x86$\x9a3\x11d\xa2\
~D\xfc.\xf8\xb8\xcb\xcfL\xf8\xaa\xe4\xb9;(\x17\
\xa5\x91\x8e)b\xc0\xeb\x80\xcd\x5c\x0d\xaf\xd7\x09\x97\xc7\
\x86\xea\x1a\xfd\xfe\x80\x7f\xa1\xef?\xc0~C\x9e\xa1\xb8\
\xc5\x85g\xb5 \x1b|\xb95#\xceM\x9b\x11\xe4\xd3\
1\xb9\xf3\x92\xfb\xb0\xf2\x0a\xf8\xbd\xbe\x02d<\x10\x96\
B\xc6\x83(\xa5\xef\xfa\xd5\x0b \xf1\x90\x0f\xe9\x90_\
,\xe0d\x9e\xccTU\x84\xccV\x84,\xe9T]\xf8\
un\x0bnX7\x03\x8f\xed\x9b\x87\xcfm\x9b\x82\xd7\
\x9e\xbd\x01\xdf\xfb\xeay\xfc\xf5\xa5\xab\xa5\xd2\xf8\x16G\
*8^\xf1\x1a\xbb\x0c\xf8\x0bV\x90\xc9\xab*\xa7{\
\xf5\xf1\xfa\x02d\xaa|_\xf4\x92\xd7\xa2\x9a\x0e\x99<\
\xe9\xfa\xc2S\xfaD\xfd$\x90\xfd6p\x0c\xa4\xdf\x05\
2\xe3\xdf+\xfd:\x07\xfcz\xdf4\x14>\x08\x1e\x87\
?5\xaf\x90\x82]\x02'\x0f4\x8f\xfd\xc2|\x9d\xf4\
3>W\x9c\xc9\x13\xc8\x0cM\xc2\x1ado\xbd\xa6 \
c\x17>~\xfc<\x9e\xfd\x5c\x0f2\xd6\x0a\xdc\xbaa\
\x0e\x9e9\xb1\x06\x8f\xec]\x88\x87\xf7\xcc\xc3\x85\xbd\xf3\
\xf0\xd0\xbe%hO\xfa\xe1\xb6\x94#\xa0CV\xfb\xc9\
!\xa3|.\xb7\xbc\xf8\xf3\xb9\x98\x89\xf81\xb1#\x89\
Q\xcd\x11\x8ch\x8acDSB4\x92jNbT\
K\xaa\xa0\x91\xcd)\x0coL\xa23\x9f@k&\x8a\
\xfax\x10\x99\x88\x17IvA\xb9\x1d\xf0\xd9\xadpZ\
ja\xa9\xe1\x02\xf8*\x89\x84\x5c\x88Y\x16\xf49a\
\xb7T\xc3\xeb\xb2\xc1f\xad\xeds\xfe*\xaf\xe0.\xa7\
\x0a\xd4rE\x0d=\xc8}n\xb1'\x88s\xdfs2\
*P\xe5\xe2>\xe4b^\xe4b\x1e\xd4E=\xc8\xc7\
\xfd\x08s\x93\xbcV\xd2\x0c\x05\x82\x02\x19\x1fY\x04)\
\x85\x8c\xaf,\x84L\xb7U\xd6\xa3Y<\xe8C&\x12\
\x14\xcfs\xb9/\xe3\xa58\xdd\x89\xac\xea\x12\xd2\x08\x19\
\x876\xeb<V\xdc\xb2q6\x1e\xde5\x1b\x17{\x97\
\xe3W\xaf>\x8e_\xff\xf0i\xfc\xe9\x85#\xe2\xfeK\
\x98\xde\xd1\x00{\x9b\x07\xef\x12\xc8\x94o\x05\x9f\x14\xaa\
\xe1\xf5\x93C\xa6\xebw\x80\x8c\xe3%\x03\x00\xf0\xdb\xe8\
w\x85L\xf4\xff\x05\xc8dx\x93U`6q?\x02\
\xfc\xf4\x05\xdcq\xba\x1b9[\x0d\xee\xd9\xb5\x08O\x1f\
Z\x80G\xf7\xcd\x13\xc8\x1e%d\xfb\x97\xa2-\xe1\x83\
\xb3\xb6L:>~[\xc8L\x15\x15\xf0\xbb=\x05\xc8\
\xd2\x11\x1f&v\xa4\xfaAf\xd4\xf0\xc6xA\xfa\xe7\
\x0c\x17\xf7\xe08\x86\xd6'\x04:\xaa=\x1bCK*\
\x82\xfaX\x10u\x11?R\x9c\xd3\x0cxP\xc6\xad\x84\
\x9c\x16\xa5A?\xc1`\x15\x91M\xbf.N\xa0\x06\x5c\
\xe2\xf1\xc1N|\xde\x9dQ2\xfe\x22\xdd\xf9\xdc\xb9\xeb\
C&\xeeE&\xa6)\xeeA6\x15\x10X\xf8\x0d\x98\
Mf\x89`<\x8f\x19!\x93('\xe5{-\x92i\
\xa0\xf1\x10Z\x0aY\xc4\xe3\xec\x03\x99\x8ad\xd5\x92\x93\
G\x9c\xb5\xd2\xf1\x11v[\xd1\x14t\xe3\xee\xad\xf3q\
\x7f\xf7d\xfc\xd5\xe7\x0f\xe1\xd7\xaf?\x83\xb7_\xbd\x80\
\x9f\xfe\xd9\x9dx\xe9\xf25\xf85-\xcd^{\x02o\
\xb1\x5cl\x84L.\xa5\x15d\xdcn\xa2\xec\xb2\x8b\xdd\
\x1d\x83B&mF\xc5\xf9+\xd5\xc9\xf1\xd1\xa0\x15\x9e\
\xc0\x03\x9c\xbd>\xb9\xf8w\x8a\xfa\xafA6\xf8=\xd9\
\x7f\x07dTaJ\x9a~\x1f\xaf\xd20\xf6\x05\xf4n\
[\x84\x16\x8f\x19\xf7\xef[\x88\xa7\x0e\xce/@\xf6\xcc\
\xb1\xe5\xd87c\x08\xa2\xb6*\x84\x9c\x9c+\xfc\x04\x90\
\x89\xc9\xa9z1\xa7\x18a\x02\x1eo\x01\xb2d\xc8c\
\x80,\xa6AT\x84j0\x0d\xa3\xb7GC\x0cC\xf3\
1t\xd6\xc5\xd0\x9e\x8d\xa29\x1dBc\xc2\x8f|\xcc\
+\x01'\xcd\xb9\xcc\xb0\x17e\x04\xccnV\xa0q\xd6\
\x86Or\xd5R\xe5G*\xe6E2\xc6\xb92\x8f<\
\x0e\xa4T\xdcWT\xc2\x83L\x9a\xaeU\xca\xa6\xc0a\
s\x08`:d\xba\xd5\xb7\x0e\x99\xacJ\xa2\xd7\xa2\x06\
\x99\xddLsI\x952J\xbaH{\xe5\x80\xb7\x90.\
\x16<\x17\x0b\x93\xd1\x16\xd9\xf8\xc1\xf56\xed\xd1\x00\x1e\
\xd8\xb1\x00\x0fvO\xc1\x9b/\xa8\x9eE\xd9\xda\xf2\xda\
\xa3\xf8\xd9\x9f\x7fF|\xd7\xc5\xf7o \xc8\xbe\xfb\x14\
\xdea4\x93\xb3\x99a Q\x83\xad\xe8\x91h\x84\xac\
\xbf\xfe\xfb c\x04T*@\xf6\xb3/\xe3\xc3_|\
Mf\xc8\xf0\xcbo\x00\xbf\xfc3\xa5\x7f\xfd\x06~\xf3\
O\x7f\x84\xf7\xfe\xbe\xf4\xdf\xf9$\x90\xa9s\xd8\xbb\xe2\
\x01i8\x93\xfd?\x80L\xe9q\xfc\xfaG\x97\xb1~\
\xce(\x8c\x88\xb8\xf0\xc8\xa1\x05x\xf2\xc0<<\xb2g\
\x1e\x9e<\xbc\x04\xe7\xbb\xe7\xa3\xceV\x83!\xe9(\x1a\
\xe2>9\x9b\xfd6\x90U\xb1\x0d\xcadB\xc8\xe7/\
@\x96\x08\xb81\xb1=\x89\x91\xcda\x8cl\x8a`\xa4\
\x80\x16\x93HE\x88>N\x0a\xb2(\xda\xb3\x11\x81\xac\
!\xe1G]\xc4\x8d\x0cg2\xc3\x1eD\x83n\xa6\x8b\
\x0e\xb9\x80&T\xaa\x03_\xdd\x97\xa9y2\xce\x95)\
\x95\xc258d!YE\xc3o\x80\xdf\x88\x0eY\xd0\
\xcf\xc9\xea\xca\xc2A\xb1\x00\x99\xf6\x0a#\x9b5\xab+\
\xc4\xaf\x5c@\x0f\xf9\x91\x0a\xf9\x054V\x15\x0b\xdb5\
\x052}2\x9a3F\x16\xf8\x9cf\x0cK\x86\xf1\xc8\
\xee%xj\xff\x02\xfc\xf3\x9f~F\x1c\x82\xdf\xfd\xdb\
\xfb\xf0\xfe\xab\x17\xf0\xe6Wo\xc37\x9f\xb8\x1a\x1f|\
\xff9\xfc\x8a\xbf\xcc>\x90\xb1\xe2\xf5\x94x\x08\xbe\xfd\
\xfa3xG S-UE\xc8\xf4\xb79\xe9\x5cZ\
]\xfc\xfdC\xf6\xd1Q\xa9/d\xbf\xfe\xc5\xd7\x05\xa4\
\x0f~\xf1u\xfc\xebk\xcf\xe0\xf5\xaf\x7f\x06\xdf|\xe2\
\x1a\xfc\xd1\xe7\x8f\xe2[\x8f]\x85\xef|\xe16\xfc\xe3\
_?\x0a\xfc\xcb\x9f\xe2\xc3\x7f\xa0\xcf\x87\xe1\xdf\xfe(\
\xc8\xa4b\xaa\xc6s\x94\x01\x906\xaa#\x13\xd6\xffo\
 {\xef\xbbO\xe0\xdf\xbe}\x11\x93\xdbR\x98\xd1\x18\
\xc5\x13\xc7\x97\xe0\xe2\xfe9x\xf2\xf0\x22|n\xf7\x12\
\x0c\x8d\xfb\xe1)+\xc7\x88\xba\x04\xc6\xb5\xd6\xc9\xf5\xce\
\xc7\x16>J \xb3\xd5\x122^U\xa9l+\x1ep\
c|\x1b\xd3\xc2\x10F4\x861\xb2\x91\x11-\x8a\xe1\
\x8d\x8cT\x11\x05R}\x14Ci\x963\x80:sa\
\x19kiM\x87\xd0\x94\x0a\xa0>\xee\x15\xc8R!'\
\xe2A\x07\xc2~\x07\xcab!\x96\xce\xed\xe0c\x5c\xa6\
\xa29OF\xb08\x1d]TR\xa2\x99\x82\x8d\x11N\
W:\xee+*\xe1E6\x1d\x96{\x07~\x03\xect\
\xd6\xd3Ev\xe1\xf3\x1cf\xbcW+\x85\x8c\xd1\x8c\xa5\
|Y\x10@CJ\xa6\x8c\x5cy\xc3\xaa\x0e\xa3\x19\xf7\
\x92\x19'\xa3e\x09\xbb\x05^{-Fgcxt\
\xdfr\x5c\xe9Y\x89\xff\xf8\x16\x97\x16pS\xc8\xbdx\
G\xcc2\x1f\xc3\xd7\xef;\xa6\xb6\x880\xc2i-=\
}<(\xb4J#+\x8c\xef\xff@\xd9\x0c\xe8\x16\x03\
F\xe0\xd4\xc54\xcfd\x14\x9b\x82)\x02\xf6b_\xc8\
\x0ac\xfd\xda\x88\xbf\xfegRM\xfc\xe8\xd9\xb0\x8f\x85\
\xec\xa7\x84\xeb\x0f\x81\x7f\xf9\x13\xfc\xec\x7f_\xc0W\xee\
>\x88{v\xce\xc4\xad]\xa3p\xcb\xaa\x91\xb8i\xf9\
p\xdc\xb0\xa8\x03gg7\xe1\xf8\xe4\x0c\xf6\x8d\x8b\xe2\
\xa1\x9e\xe5x\xeb\xcd/\xa8Ii#d\x94\xb8]\x95\
BV\xf4g,Z\xd8]\xc1{?ya\x10\xc8\x18\
\xe9\xb5\x9f\x93\xfc\xfc\xb4\x89i\x8e\x0d\x19<T\x04.\
\xbd\xd3\x83\x95E\x0elR\xdf\xb9\x88\xdf\xfc\xe0Y|\
\xe7+\xb7\xa3\xdecF\xd7\xe8\x06<\xdb\xbb\x14\xcf\x1d\
_\x82{w/\xc1\xb8L\x08!\xab\x09\xc1ZF\xb2\
 \x16N\x18\x82\xa0\x8d\x9d@l\x0eV\xd1L-\x9e\
P\x80\xe9\xe6\xa6\xb5\xf4\xf8\xa8T\xcf3B\xc6\xac-\
\xe4\xf7\x8bM<\x9f\xa3Q\x9f\x0b\xe3[\x13\x18\xd1\xa8\
 \xa3Y\xa9x\xdc3Rq\x1e\x8c\x80\xe5\xa3\x18\x92\
\xa3\x08U\x04\x9dy\xed1\x17A{6$\x80\xb5\xa4\
\x82hJ\xfa\xd1\xc0\xfaD\xc4\x83T\xd0\x81\x98\xdf\x8e\
\xb0\xd7\x8e\xb2x\xc0\x86D\xd0\x8ex\xc8\x81X\xd8\x81\
X\xc4\x81x\xd4YP\x22\xe6\x12%\xe3nQ\x9a\xe7\
\xae\x98o`%}\xa8K\x87a5\xd7H\x0bV\xd0\
\xc7\xe16\x05\x19\xab\x8c\x85\xbb1\xc3e\xb4\xb1\xea\xc3\
\x1f\x04\xef'T\xb3\xb0J\x19S\xd1 \x22~\xb7x\
~8\xd8^eUwe\xbc\x94f7~\xd8\xc9b\
H\x0d&7\xa6\xf1\xd8\x81\xe5\xd2!\xf0\xd6\xffz\x00\
o\xff\xed}\x02\xd9\xdb/=\x80\x0f\xfe\xeeI\xfc\xf5\
\xd3\xd7\xe3\xf5\xaf\xdc&]\xf7,\x80\xbc\xcb\x0d-\x04\
M:\xf1\x8bse|\xc5\x15\xc9\xd0fq\xa5\xac\x9e\
2\x1a\xbb@T\x89\x9fby\x9fg2\xbd\x15I\x87\
\x8c#\xfe/({l}\x86\xeb#\x01\xfadb\xfa\
\xf7\xd3W\x1e\xc3\x837\xac\xc3\xf9]\xd3\xf1\xcc5\x1b\
\xf0\xadG\xcf\xe2\xa7\x7f\xf1\x00\xfe\xed\xbb\x97\xf0\x9f\xdf\
\xbf\x82\xffx\xfdy\xfc\xf3+O\xe2'\x7f\xf9 \xfe\
\xfc\xb1\xb38\xbf\x7f\x16\x9e\xbfw?\xde\xff\xc5\xd7\xfa\
4\x0b\xeb\xcd\xc3\xe2\x11\xa2E\xd7\xbe/\x14\x0a&\x05\
\xd8\xf3x\xef'\x97\xfb\xd8}\xbf\xcb\x8f\xeb\x97\xf5\x9a\
\x93\x95\xbaoTS\x0c\xdc\x07 \xfb\x01\xf4\x06a\xad\
\x8d\xea=\x8e\x1e\xbdzQ\x19\xcdj\xc2O.\xe3\x8b\
\xf7\x9d@\xb8\xba\x0c\x07\xe6\x8d\xc0\x1f\x5c\xbf\x0e\xe7\xb7\
\xce\xc6X\xd6\x01lf\xa4\x82.\x04,UhO:\
\xb1l\xda0\xd4\x87}\xaaYAT^4\xd0\xd1L\
\x98\xcc\xb2SA\xbd\x80\xeb/\xe6<\x161[\xf28\
T \x88\xb8]\x18\xd7\x92*\xc05\xa2\x81\x8b$h\
Z\x9a\xc0\xd0|\x5c4$\x17S\xaa\x8b\xa2\x83\xa9a\
N\xa9\xad.\x82\x96L\x18\xcd\xe9 \x1a\x19\xc5\x12~\
\xe4\xa2^d\xc2\x1e$\x82ND|\x0e\x04=6\x05\
Y\x9c\x90\x85\x996\xf6\x85L\x07\xac\x0fd\x09/\xea\
\xe2\xfe~\xcaRI?2\xc9\xb0\xb8\x03\xb3\xbb\x83p\
\xe9\x90\xb1\x7f\x91\x801\x92\x0d\x0e\x19MO\xb4R>\
S\xc6\xb0\x1fIF\xb5\xb0_\x00\xa3\x9c\x96\x1a\x81\x8a\
\x8eU>{\x0dB\x02\x99\x09s:\x1b\xf1\xf8\xc1\x15\
x\xa1\xb7\x142F\xb2G\xf0\xf7\x7f\xfe9\xfc\xf0\xeb\
wJ\x91\x836\xd12_F\xd0\x0c\xa3/\xa5\xa0\xd1\
@\xe7\xbf\x06\x99\xee\xad\xc1W\xfe\xdf\x0fdL\xf9\xde\
\xf8\xcb\xfbp\xe5\x81\xc3\xf8\xeb/\xdf\x86w~\xf4E\
u\xf6\xfa\xb7?\x93\xc8\xf6\xe1?}\x1d\x1f\xfc\xe2k\
\xa2\x0f\xff\xf9\x8f\xe4c\xf8w\xae\x90\xfds\xfc\xc7\x0f\
\xae\xe0\x1d~]\xbfG\xc8$\x9a\x17 S.Vz\
\xcf\x22\xa3\x18!\x13\x1bo\xbd9\x98Na\xafi\x90\
}\xfbq1\x9bU\x90\xb1\xe8\xf1\x05|\xea\xe8:D\
-\x95\xb8f\xe3\x02\x1c[4\x1a-\x013\xa26\x13\
\x1a\xd8\xb8\x1ep\xc2_[\x8d\xd6\xb8\x17\xcb&\xb5c\
bS\x16\xee\x9ar\xb8LepT\x97\x0d\x0eYU\
1\x92\xd1\xe8\x94\x90\xf1Q \xf3\x0c\x04Y\x1c\xc3\x1b\
\x92R9,\x05\xcd\x08Yk6\x8c\x96\x8cJ\x13\x1b\
\x12\xaa\xca\x9e\x8d\xb8\x91\x0e\xba\x10\xf7;\x10\xf6\xd9\x11\
\xf0XK!s\x22\x16\xed\x0b\x99\x0e\x97(18d\
\x02Z*\x80d<(^ z\xa7\x07!\xa3x>\
S\xdd!\x83C\xa6G3\xbf\x9b\x7fW-\xa3\x10\xd0\
\x22\x01x\x1d\x16e\xd9m\xae\x81\x8b\xbe\x0eVZ\xc3\
U+\xc8,5X>\xba\x03O\x1c\xe9\xc2\x95\x01 \
{\xeb\xe5\x07\xd4=\x0cK\xc5\xaf>&\xe5b\xb1#\
`D\xe3/^\xfc\xee\xfb\x82\xa6\x868\xb9\xeeH\x03\
MR\xc6\x8f\x83\xcc\xf8\x04\xedk\xef\xf6\xfb\x82\x8c\xfa\
\xe5\xeb\x97\xf0\x1b\xed,F\xe8tP>\xa0~\xfeU\
\xbcGw\xaa\x9fk\xf0\x18\xf4\xe1?|\xb5\xdf\xc8\xcb\
\x7f\x052I\x93\x8dmg\x06\xc8\xc4\x86@.\xf8\xf9\
\xb3dj\xfe\x94\x9aL7@F\x8b>Z\xf5\x09h\
\xaf^\xc0\x87?\xbc\x8cu\xb3\xc7 \xe7\xad\xc5\xd8l\
\x04u\xac\x1e\xbb\xd9l`A\x9e5\x02\xbf\x03\xbe\xda\
\x1a4G}X4\xb6\x09\x8bG\xb7#\xedw\xc0\xc9\
\xfe\xd6\x8f\x88d485B\xc6{X\x1d\xb2\x90\xdb\
\x89\xb1\x84\xac\x91\x80\xd1\xdb\xfe\xe3!c\x04+\x05,\
\x1f\xf3\x08`<\x8b\xf1\xeb\xe4*\xaf\xa0\xd7\x86\x80\xdb\
\x8a2I\x155\xc8\x12\x91b\x9a8\x10d,l|\
\x14du\xe9 \x22!\xaf\xdc\x84ss!\xe1bU\
\x91\x8f}\xac\x07\x0c2\x02\xa6\xdfg\xf0Z\x81\x06\xab\
\x5c\x98\xadC\x16\xf2:\x95\xd1\xa9\xb9\xda\x00Y\x0d\x02\
\x0e\xb3\x98\xa9\x8c\xcb\x84q\xe1\xe0J<\x7f|\x19~\
\xf9\x8d\xcf\xe2\xdd\x97\xee/\xa4\x8bo\xbf\xf2\xa0\x82K\
\x16\x1dp\x93\x08\x17\xfd=\x8aw^\xe3\xc6\x96\xe2!\
\xdc\x18\xd5\xf4a\xce\xc2 \xe7\x80\x90i\xbb\x9b\xe9Q\
\xd8\x072\xfd,\xa6\xf9\x19\xea\xa3\xfe4\xb4\xf9=@\
& \x95@\xc2\x8f\x11\xbcw\xf4J\xe3?}\x1d\xef\
\xfd\x5cA\xf5\xfe\xcfh#\xc7\xff[W\xff\x7f\xd3X\
\x8c)\x85LA\xc5s\x99n\x16\xa4\x00\xd3[\xce\x8a\
\x90\xd1\x82\xe0J!\x92)\xe7*\x95\x8e\xf3\xe7;(\
d/s5\xd5E\xfc\xec[\x8f`L}\x14\xcd\x01\
+\x9a\xfcV\xd4\x07\x1cH{\xadH\xba\x09\x99\x0f\x89\
\x80\x13\x9e\x9aJ4\x84\xdc\x98;\xaa\x11\xf3F7c\
dS\x0a\xb6\xaa2\xd8\xa9j\x05\x9a\x112\x93\x06\x19\
\xcf\xfbF\xc8x]D\xc8|n\x1bF\xb7\xa60\xb4\
1\x81a\x0dq\x0c\xabO`x}B\x1eu\xc0\x86\
\xf6I\x17\x15`\x94\xa4\x89I?\xea\xe5\x8e\xd8\x8dT\
\xd8)G\xaf\xa8\xdf\x86\xa0\x8f\xd5z+\xfc\x8cd\xfc\
`2\xe4@B\x8bd\x83\xa5\x89\x04\xec\xe3 \xcb\xa5\
y\xf6rJ?\x22\xab\x89\xba\x08\x19=>>)d\
\xbc\xb3\x8b\x84\xd8)\xe2\x97s\x19!\x8b\x05\xbdZ$\
+B&\x17\xd32!mA\xd8T\x89\xc9\xc9\x00n\
Z6\x1e\xff\xe7\x8f\xef\x05\x08\x06A{\xe9!\xbc\xf7\
\xed\x0b\xf8@s\x04\xe6&\x11\xf62\x0ad\xaf\xea]\
\xf9\xc5\xc5\x13\x05\xd8\xfa,\x99\x18\x1c2%.E/\
5\x0d-\xbe\xff\xfb\x86\xacT\xef\xff\x5c\xf9,~\xf3\
\xd2\x0dx\xfe\xf6]\xb8t\xeb6\xfc\xe9\xc5\xb3x[\
\x80\xfc\xc3\x01 \x1b\xe0\xeb\xf8\x18\xc8x\xb6d\x14\xfb\
x\xc8.\xe3\xdd78\x15\xad\xb9Wi\x1b_\x0a?\
g\x0d2\xa6\x8aF\xc8\xf0\xe6e\xbcx\xcfi\xe4\xdc\
\xb5h\x8d8\xd1\x18\xb4#\xef\xb7!\xed\xb5 \xe96\
\xa3>\xe6\x93\x08\xe11U!\xefsa\xd6\xc8F\xcc\
\x1c\x9e\xc3\xccQMH\xf9\x1d\xb2[z \xc8T$\
+\x13\x83SF3\xb6\xef\x112\xafS\xad\xf82B\
V\x80\x8a\xaa\x8f\xa3\x93\xe5\xf9|\x0c\x1d\xb9\xa8\x92\x16\
\xc5Z\x08XF?\x87\xf9\x04\xb0L\xd8\x89$\x0b\x88\
\x01\x1b\xc2>+\x02^BfV\x901\x8a%\x08\x19\
\x01+\x81\xac4\x8aI\x89>\xe1E.\x11\xe8\xa3\xba\
\xb8\xf6v:\x22\xfb\xa6\xd9y\xcf\xa2\x07+\x8a,x\
\xf0LF\x0b\xae\x81 c\xef\xa2.c#g\x80\xa3\
/\x1a\x5c\x84\x8cr\xdbja3U\xf5\x83,\xe2\xb0\
 \xee0#l\xadB\xdaR\x89}\x8b\xa6\xe1\xe5\xcb\
\xf7\xe2W\xdf\xbe\x8c\x0f_\x7f\x11\xef}\xe7\x12~\xf2\
'\xf7\xe0\xf5/\xdf.\xde\x8a\x85!N\x03d\xfd@\
#d,\x92\x102\xcd\xeb\xa3x_\xf6I +F\
6\xb5\xbaH=\xb1\xfb=\xb9\x7fObE\x92E\x8f\
\xffx\xfd2\xfe\xe5;\xcf\xe0\x17/_\x94\xae\x12\xa6\
\x90\xea\xff-\x85\xac\xa4\xdb\xe4\x13@\xf6\xfeO\x15d\
\xbc+T)r)dL\x17\x09\x19\xa5\xf9\xe6s\xbd\
\xd4\xf7\xfa\xfa,\xf6\x83\xec\x95\x0b\xc0\x8f_@\xcf\x86\
YH\xdb\xab\xd1\x1cu\xa1!hG\x9d\xdf\x8a\x94G\
\x87\xcc\x8f\x84\xdf)\x90e\xbdNL\x1f\xde\x88iC\
r\x981<\x8f1m\x19I\x17\xe9\xd590dj\
Q\xbb\x82\x8c\xb3\x8b^\xe9C,B\x96\xc6\x90Fv\
m\x14\xd3B\x81+\x1f+\x169r\x91\x22`\xd9\x10\
\x9a2A4\xa4\xfc\xc8\xb1\x10\x18u!\xcd \x15\xb4\
#\x12\xb0J\x14\xf3\x0b`\xb4\xa0\xb3\xa0\xac\xb4\x9aX\
\x80\xccx\x163B\x96\xf4\x95\x00\xe6\x97\xc7|*(\
\x90\xc9\xfa\xa3\xaajI\x17\x09\x19#\x19!\xe3\xc0\xa6\
\x5cD\xb3y\xb2B\xa9\x9c[\x0fi\xc6\xc3PNw\
\xe2J\xed\x5cF_<\x9b\x19\xb1(\x97\xb0\xa9\x94\x91\
U\xc6\x80\xdb.?<\x16?\xa4\xf0aU\x97\xd2\x11\
\x87Y\xba\xf1\x93\xb4\x87\xf3\x98\x10\xa8.C\x9d\xd3\x8c\
\xe9C\x1b\xb1n\xc6p\xac\x9c\xd0\x8a\xd1i/\xe6w\
\xa4\xf1\xef/=\x89\xf7\xbf\xcb\xaa\xd6\x05\xe5\xc3N?\
v6\x0d\x0f\xb6FI?\x9fi\xeb\x91t\xf7*U\
\xda\xd7J\xfao\xaa\x85\x12\xd2\x89_\x0aZ\x016\xe3\
\x9d\x94J'?\xd0R\xb7\x01\xd3\xb7\x8f\x90\xf1\x9c\xd5\
\xe7\xe3L#\x19\xd5\xfe\xe1\xab\xf8\x90\xa9\xa2\xe1\x9c5\
\x98\x8c\xc5\x1an\x7fQ\xe2\xca\x5c\xbepP\x06\xa0\xb4\
fi\xba&\xeb\x1d1\xfa\xf5\x86\xaa,\xaa4\xb1\xb0\
\xc3L\xbah\x8aE\x0f\xfe\x8c\xb9\x13\xeem\x1a\xcd\xbe\
\xfchAL\x15\xff\xf1\x7f?\x82\xf1\xf9\x10\xea}6\
4\x85\x9d\xc8\xf9\xb9\xff\x9b\x9bS\xad\xe2\x12\x9d\x8f\x85\
\xe4J\xc7US\x8d\xb8\xd3\x82ICr\x98\xd4Y\x87\
\xc9C\xea0mT\xb3@\xa8\xa2Y\xd1\x0b\xdf\x98.\
\xea\xe72\xbd\xe1!\xa8-]\xf79\xed\x18\xd9\x9cQ\
mQ\xf98\xdas1\xb4\x1b\x8a\x1bz\x15\xb1p\x0e\
\xcb\x86\xd0\x98\x0e\xa0\x9e\x1c\xc4U\x9a\x98\x8e\xb8T\x9a\
\x18\xb0\x22\xe43#\xc8(\xe6-\x82V&P\x89\x5c\
\x05\x95\x82\xa5\xd2\xc4\x81!\x13\xc0\x92A4\xa4\xc3H\
D\xfd\xdaJ\xda\xeaB\x14c\xdf\x22A\xd3\xcb\xf7F\
\xc8\xd8l\xacCF\xe7\xab\x02d\xbc7\xab\xaa\x90-\
3\xf1\x08W\xde\xaa\x94\x91}`\xb2\x14\xb0\xb6JA\
fc\x8b\x95\x09a\xbb2\xd4!h\x02\x9b\xbb\x16I\
\xb7\x09\x11K\x15\x12\xb6J\xe4\xbdf\xb4\x84\x5cH[\
\xaap\xeb\xa1\xd5\xc0\xdf\x7fQL[\x04\xb2W\xb5\xed\
\x224s\xe1\xab\xac6L\xd8\xe7lV8\x9f\xe9\xa0\
\x15!\xe3\xdc\x9a\x80\xd6g\xa9D)d\xbc#3@\
f\xf83\x95F\xf6\xb5\xde.\x85\xaaT\x83A\xd6G\
\x8c\x98\x03@\xd5/Z\x19!\x93M\x9e\xda\x0b\x80\x96\
\x0e\xf6\x81L\x22\x96\xdef6\x18d:`lUS\
\x97\xfc\x05\xc8\x0an\xc1*\x82)]\x00~\xfa\x22\x9e\
\xbd\xbb\x17)[\x95\x00V\x1f\xb0\xa1\xceoGZ \
\xb3!\xe6\xb2\x22\x17\x0b!E[\xec\xda\x1a\xd9A7\
\xa13\x8b\x09\x1dY\x8c\xef\xc8b\xe2\xd0z\x8c\xebl\
\x80\xdfj\x82\x99\xcd\xe6\xa6\xfeg2\x1d29\x8a\x04\
\xbc2$\xcc\x17}\xaf\xc3\x8e\x11\x8di\xb4\xe7\x12h\
\xab\x8b\xa1\xad\x8eUC\x02\xa5\xc4\x12\xbd*\xd3\x87D\
M\xa9\xa0\xa4\x88\xaaW\xd7\x8dlX+v\x04l\x88\
\xf8-\x02\x99\xa4\x8a\x1ad>w-\xca\x92\x84\xaaD\
\xa9\x98\xba\x0fc/\x22\x1f\xe5\xed\x84W\x94\xe5\x7fP\
\x02X}*\x84\xa6l\x14>\x97\x0a\xc1\x8cb\x04\x8b\
\xa01\x8a\xd1\xdbCO\x15\x8d\x90UV\x16!\x93h\
&\x1d\xf9E\xd0|\x1e\xeeHSwfz\x01\x84s\
eL\x07\x98*\x122F\xb3\xa0\xad\x161\xa6\x8c\xb4\
s\xa6\x9c\x16\xa4\xd9\x99\xef\xb1\xa2.dGs\xdc\x8b\
\xb6\xb8\x1f\xad!'\xda\x826\xbc\xf6\xc5;\x807/\
I\xbf\x1c\xc7\xde\x95\x1eW^\xf9\xaf]\xc4{<\x98\
\xd3\xa2`\x00\xd0\xe4rU\xf7c\x94uIz\xfah\
\x84LI?\x97\xe9\xe3\xfb\xa5\x05\x91\xdf\x15\xb4\xdf\x15\
\xb2\x22X\x83\xa9\xe8LE\x0f\xfc\x81 \xd3\xbba\xfa\
\x03\xc6\x9fI\x7f\xc8\xa4/T\x1bo\x11\x8fEBf\
\x88bo\xbfr\x01\x1f\xfe\xf8K\xd8\xbc`\x22\xea\xdc\
\xb5\x02Y\xdeoE\x9d\x9f\x0ed\xdco\xc0HfE\
.\x1a\x92\xee\x1fn[\xe5\xa5\xf4\x98\xd6\x14\xc6\xb6$\
1\xb65-\xe9\xe2\xb8\xcez\xb4\xe7\xe2\xb2\xc2\xb6\xda\
\xc4s}\x7f\xc8T#z\x85\xd8u\x132\xbe\xc8{\
\xec6\x0ckH\xa2-\x1bCk&\x86\xd6\xac\x82\xcc\
\x08\x17\xc1\xa2\x1a\x93\xac$\xfa\xa5T\xcf\xb6\xa9L\xd8\
\x85t\x88g1\x07X\xa5\x8f\xf8,\x08zk\xfbC\
\x96\xe6'F\x98S\x16\x95!\xa1$\xb5\x8fX\xf0\xf0\
\xaa\xae\xfb~\x90\x05\xd1\x98e\xaaX)\xc6\x8f\x8c^\
z\xaa\xc8G\xbdgQ?\x87\x15\x07\xdb\xfaF2\xd9\
\x19-}\x8c\x0a4\xbb\xc5$]\xffz\x01\x84)#\
\x079\xb9H\xc0e\xe6\xe8\x8b\x962ZU4\x8b:\
,\xb2\xceVl\xe2\x5c\xf4\xfe\xb0\x22\x1b\xb4\xa3>\xea\
Bs\xcc\x8b\x0e~\x0f\x8e*l\x9c1\x04\x1f~\xff\
\x05\xbc\xcf\x15\xab|UeI_D\xc7\xa4\xc7\xe5\x92\
\xf4=^\x98\x124C!\xa4`\xe1\xfd}^\xb2\xf2\
I\xc5\x0bW5\xa4(vh\x83\xb6\x5c\xe9\xee\xc1\xfa\
*\xa4\xd2TRiP \x8cK&>\x0a\xb2A\xfe\
\xbe\xb1\xd9\xb7\xd0\x7f\xa8\xcb\xd8\xf8[x\x81\xe0\x92\x89\
\xbe\xe7\xce\x22djV\xac\xd0\xd1aP\xa1\xa2\xa8\xed\
\x13\xd0\x17\x04\xea3d\xca\xfa\xad/d\xf8\xe1s\xf8\
\xd6\xe5\xdb\xd1\x1c\xb2\xa3%\xea.@\xc6\xdf\x1d\xfd[\
\xf8\x82\xc9\xdfg.\x1aD\x86\xdb\x5c9\xeeT[#\
#'\xa3\x9b\xb9R6\xae\xc6R\x1a\xe3\x18\xd7\x91G\
2\xe4F5[\xf4\x18\xcdL\xec\xf8P\x97\xd1\xfa\x99\
\x8c\x15F\xbf\x9b]N^\x99\x86v\xdb,\x18\x92\x8f\
\xa3%\x1dAs\x8a\xfd\x87\x91>@\xd5\xc7Y\x9e\xf7\
\x22\x17\xf5\x88T_\xa2K*\x89,\x18\xa6\xd8)\x15\
\xb0I\xaa\x18\x96T\xb1/d\x92.f\xb9\xff\x89\x8a\
\xa8\xd0\xc7Gv\x10\xf3\x1f\x94\x7f\x5cS^\xfb\xcf8\
\xca\x92K\x06\x05.]\x8d\xe9\x08\x12!\x0f*\xb9\x07\
J\xab(2Ud\xf9~\xa0\xaa\xa2q\x82T\x1f\x0c\
5B\xa6\x8bc\x0a\xa1\x80G\xedK\xd3.\xa7\x0bU\
\xc6\x9aJ\x15\xcdd\x88SE\xb3\x90\xdd\x8c\x88]\x07\
\x8d\x87f+2~\x1br!'\x1a\xa2n\xb4D}\
\xe8\x8cy\x90\xb6U\xe0\xee\xde\x0d\xc0O\xbf$\x97\xa0\
\xc5E\xe1\xeab\x94)\x8dT\xc14\xd0\x0a\xf7h\x06\
\xa7az\xe5\xd3\x00\xb50I\xcd\xd2\xb5\x9c\xcd\x06\xdb\
\xa6\xa9\xbf_\x02\xda\xff\x08d\x86\x88+\x80\x19?\xa6\
\xb6o\x96\x9a\x97\x1a\x8b\x1b\xa5p\x95B\xa6~N:\
dj\xcaAl\xdf4\xcf{\x1d\xb0w^y\x14\xf8\
\xc9\x17\xb1w\xe5T\xa4\x1c\xd5h\x8b{\xa5\xe0\x91\xf3\
q\xda\xdd\x82\x94\xdb\x82\x98X\xb1[\x90\x8b\x04d*\
\xc3g\xb3\x88[pG.\x86\x11\x8dI\x0c\xabg\xd9\
]i\x08\xcb\xee\xcdYx\xedf\xd4T\xa9\xb4\xd1l\
\x80\x8c\x91\x8c\x93\xce\x5c\x9f\xc4\xe7\x13\x17\xa58\x09Y\
NA\xd6\x94\x0c\xa31\xa9\x9a|K\x01#\x5cu\x1a\
+i\x02\x16v\xa8\xaa<\xaf\xbft\xc8\x0c\xe9bP\
\xaf0\xb2\xf0\xa1\x13*0i\x8f\xfc\xc7\xa9\xc2\x7f\xa6\
=\x8a\x92<\xf4\x85\x90O\x85$M\xcc'\x03hJ\
\xc7\xe14\x99\xe1\xb2\xd9\x05,vw\xe8Q\xcc8C\
\xf6Q\x90\xc9\x06O\x03dz4\xe3\xa88\x0b 1\
-]\xa4<v\xb3\x1cn\xdd\xe6b\xca\xe8\xb7(\xd0\
\x82v3\xc2v\x0b\xa2\x0e\xab\xa4\x1a)\xaf\x0d\xd9\x80\
\x03\xf9\x88\x0b\x8d1\x0fZ\xa3>4\x87\x5ch\xf4\xd5\
\xe2\x8f\x1e>\x0b\xfc\xecE\xfc\xc7+\x17\xa4\xb4/\x8b\
\xc29r\xc1\x85\xed\x5c\x14H\xc8\x08\x9b\xe1\x8c&\x1d\
!\x9c\xf2\xd5 {\xbf`Y\xd0\x1f\xb2>=\x7f}\
\xbcA\x0c\xa0\xfdOC\xd6G\xaaOq0\xc8\xf81\
\x81\xcc\xd0\x09S\xb8G\xa4\xc41\xd8\x08\x99\xb6\x81\x93\
\x17\xd1\xfcy2U|\x89\x9bv\x1e\x95\xad\xa7L\xd9\
\xbfu\xe9\x16\xd4\xfbj\xd1\x1cq\xa39\xe2\x12\xc0\xea\
\xbc\xf4\xd2\xa4\x13\x19\x7f\x8fj\x9c\xa9.\x12@V\x9b\
/d%\xb1)\x15\x96\x08D\xd8D\x1c7aU\xb0\
1\x8d\xa6l\x5c\x16I\x124)\xdf\x97@\xc6\x95]\
\x84\x8c6\xf3V\xb3I\xc6T\x9a\x08W<(\xaa\x8f\
\xeb\x90ql\xc5W\x80\x8c\x80I\x8a\x18v!\x11\xe6\
\x0e\x07\x87\xf4\xfc\xc6BvD\x83\xb6\x02d\x04,\xc8\
\xcbhy\xb4\xa2\x8c#\x03ljl\x8c\xfb\x0ajJ\
\xf8\x95\x92\x014kj\xd1\xc5P\x9ab\x85%$\xc5\
\x8e\xa6l\x04\xc9\x90\x0f\xb6\xaaj\x01\xcb\xeb\xa1e1\
\xad\x8b\xfd\xb0X\xd4\xad\xba\xa4\x86\x03\x02V\x84L\x8f\
f<\x97Q\xfa\x08\x8c\xad\xb6Z\xd2EN_\xeb\x90\
\xb1\x97\x91w\x22\x12\xcd8\xd1m\xa9\x82\x8f\x16v2\
\x92\xce\x8a\xa3Im|\x11wa+2>;r\x01\
'\xea\xc3.4G\xbch\xe7\x0b\x89\xcf\x8a\x91i\x17\
^\xff\xda\xbd\xc0\x8f\x08\x9a\xf2\x01ad\x13\xef|\x0d\
4yr\xf4\xa9<r\xc5\x12;\xcb\xe9\x95\xcfHF\
\xb7\x5c>\xf9\xb4\xf5\xaf\xfaJ!.\xa0\xe0\x93\x93i\
\x97H\xdfW\xc6\xb7_P\x85\x05\x01\xcex\x863\xa6\
\x92%\x1d\xfd\x04G\x97\xf1\xecfh6.\xac\xb65\
\xfe=\xf9\xbb\xfc\xf7\xd4\xba\xa4\xd2TV\xf5V\xaa\xb7\
\x0b\xcd\xbe\x85\x85\x12\x1a`<w\xf6\xf1\xee\xd0\x96p\
HG\x87\xd6\xe3)\xedS\xfa\xca$6]k\xdbs\
\xe8q\xc9\xf65\xadl\xafG\xb1w\xbf\xfd\x08~\xfd\
\xe6el\x9c3\x14I-\x8a5\x86\x1c\xc8\xf9\xac\xc8\
\x120\x17\x8dkk\x11\xb1\x9b\xe4\xf7\x98\x0d\xfb\x05\xb2\
\x90\xcb.\x17\xcfuQ\xbf@%\xe7'\xc3\x19\xaa%\
\xcbr{\x02\xc9\xa0W\xa0\x22d<\xa7\xf1m>\x9f\
\x08\x19'\x96y\xce\xf7\xba\x1d0UW\xa11\xc19\
\xb0\x10\xf2Q\x7fA\xb9\x98O\x1d\x91\xa2l\x95\xf2 \
\x13v#\x1dr!\x152\x00\x16\xe6\x82@\xae\x1e\xb3\
#\x12\xb2#\x1c\xb0\x88BRe$pJe-\x09\
?\xa8\xd6d\xa0\x8f\xdaRAQ{:TPG\x86\
m\xfda\xb4j\x92o.\x97\x80\xc7l\x163R\x7f\
 \x00\x9f\xcf\x07\xbf\xdf\x0f\xa7S\x95H\x050\xad\xb2\
\xd8\x1f\xb2\x22`\xc6\x94Q`\xd3\xa2\x99\xbe\xbd^\xb6\
\x7f\xb23_\xebet\xd6V)_\xc6\x1ae\xa2\xe2\
\xe3t\xb7\xbd\x1a\x1e\xda7\xdbi\xe3l\x82\x98\x9f\xba\
\xcdb\xb4C\xdb\xb8\x5c\xc0\x81\xfa\x08\xd3F\x0f\xda\xd9\
\x22\xe6\xaa\xc6\xfc\x11y\xfc\xeb\xcb\xcf\xe17?|V\
\xc6\xdf\xc5\xd6[,\xe4\x94\x1f\xc8@\xe5}B&\x1b\
K\xe4\x95\x9bO:\x1d\xb2\x92\xb1\x98B\x14P\x159\
Y\x18h\xd8\xc0I\xf5\x7f\xc2\xeb\xbb\xc3\x06\x1f\x9b1\
F,\xa3\xf4\x12|\xe9\xe7\xab\x02\x0c\xbd\xfa\x8d\x8e[\
\xda\x9dW\xe1\xe3\x9a\x8f\xa4\x8c\xacP%\x90igO\
\xe3\xb2v\xb6\x9c\x15\x97\xd5\x1b\x22\x17\xa3\xfewU\xaa\
\xfd\xfew\x9e\xc4\xfb\x86^E\x02\xf6\xd6K\x8f\x00\x7f\
\xff\x02\x9e\xfb\xdcI\xa4\xec\x15\xf2\xfbh\x8ah\x05\x0f\
\xaf\x15\x19\xb6R\xb1\xa5\x8a\x0d\xe06UM\xcc\x84|\
\xc8\xf0|\xeeu\xc9\x0bl*\xe0\x92J \xcfO\xc5\
\xca_\x08\x8d\xa9\xb0\xa89\x13\x87\xdfa\x91\x81`\x1d\
2\x9e\xc7(\xbe\xcd\xe7\x14\x8b\x1fldOG\x99\x22\
FQ\x17\x0d\x88r\x11?\xb22t\xe9\x96\xfa\x84\xd4\
,\xf4s\x18\xbb:x\x9f\xac5\xd3G\xc3\x04\xcc&\
\x0a\x07-\x9aT)?L\xb7c\xaf\x19e\xa5\x00\x19\
\xd5\x99\x8d`\x88\xa6\xa1T]\x04\xc3\xea\xa22\xa4\xd6\
\x91\x8d\xa2#\x1fG\x9a\xdb]\xe4\xf2\xd9/\x80\x05\x02\
\x01x\xbd^TUUi\xc5\x0d\x1a\x8e\x14\xcb\xf7\x83\
\x01\xd6\x0f\xb2Ju9\xcdW\x1f\x87\xc5,\xbd\x8cQ\
\xad\xcaHyl\xb5jbZ\xdb%\xed\xb5T\xc3c\
\xaf\x12\xd0h\xb0\xc2\xc9\xe9\xb0\xa4\x1aj\xb5R\xc6c\
G\xd6\xefD.\xecDC\xc4\x85\xd6\xa8\x0b\x1d\xbc\x92\
pTc\xfd\xf4ax\xeb\xbb\x97\xf0\xeb7\x9e\xc2\xdb\
\x1ah\x02\xd9\x00whz4\x93M\x92\x5c\x0b\xa4[\
\x160\xa2\x19\xaam\x03Af\xd4@\x90\xf5\x85\xad\x7f\
\x15RW\xe9f\x96\xbe\x1d%\xaa\x82\xa9\x0cotq\
\x0a\x80\xbd\x87W\xf0.\x97F\x18\xa4\xc3\xa6\x9b\xb5\xca\
\x96\xd0\xc2\xd7\xa9E4)rh\x92\x14Ym\x1f\x95\
\x8e\x18\xed\xd2\xfe\xdd7\xb4\x0b\xfcB#\xb0\xda\xd6\x22\
\xeb\x83YL\x92\xcbg\x05\x19-\xfa\xfe\xfeo\x1e\xc3\
\xf8\xe6\x18\xf2\xbeZ\xf9]\xb0l\xcfT1\xeb\xb1 \
\xe3\xe2\xbd\xa7I\xec%\xc2\xfc=\xdak\x91\x0e\xb2\xbb\
\x9d\xadU^8k*\x10q[%\x8a\xb1@A\x15\
+\x80!4$\x09[\x14\xf5\x890\xec\xa6*\xb9w\
5B\xa6\xda\xab\xacr_&\x0b\xd8}^4$b\
\xa8\x8b\x86\x0a\xa0e\xd9M?\x08d\xd2\xe3k\x80L\
\x07\xcd\x08\x19S\xc7\x88O\x83lh&\x04Q6,\
\x1a\x96\x8d`\x98\xfeX\x17\xc1pM#r\xd1\x82\xb8\
\xe9\x9ds6\x9d\xb98\x5c\xa6Zx\x9d.I\x15\xf5\
(f\xd2\x96\xab\x19#\xd9\xc7\x016\x10d5\x1ad\
\x8chR\x00\x91%\xeej\x04\x86\xb6]\x84\xcc\xc1J\
cM\x95\xda\x1f\xccqt[\x95\xb2'\xb0\xf1\x8c\xa6\
@\xa3\xd30AK\xfb\xec\xb2\xe4;\x17\xb2\xa3)\xec\
B{\xd4\x8d!I\x1fR\xf6J\xecX8\x1e\xef~\
\xef\x0a~\xc3.\x0f\xa6\x8e\x06\xc8JAc*\xc4\x03\
\xbdl\x92\xd4\xfa\x1b9\x9c\xa8\x9e\x88|\xa5g\x05N\
K\xb1d\xdbI\xdfI\xeb>\xf7L\x03@\xa6T\xac\
H~R\x15\x97\xfb\xe9\xf3^\xfa\x9f\xf1\xdfS{\xd3\
\xf4\x94\xb0\x90\x1a\xea\xa01\x8ai\xa9n\xbf;\xb0>\
\xc5\x0d\xee\x1bS\x1b4\x05(]\xaf?\xa1\x0c\x89d\
^\x8cE\x0eU@\x92\x8a\xed\xcb\x8fIw\x07\xa7!\
\xde{U\x99\xe5\xec\xeb\x9a\x86\x98\xb9\x0a\xedq/Z\
y^\x966*\x1a\xd5\xaa{\xce\xb8\xd3\x84\x88\xa3\x06\
!\xf9=\x9a\x90\x0a0]\xf3\x22\xc5\x17X\x1e\x0dl\
5r.\xd3!\xe3\x19J=*\xd1\xde\xad1\x13C\
:\xea\x97.|\x16\xe5\xe4(R\x98\x90\xe6*\xe5\x00\
,\xb5&\xb8\x9dv\xd4\xa7\xc2\xc8\xc6\x82\xc8\xc4\xfc2\
\xb6E;\x0d^eQ\xfa\xd5\x16#\x98\xde\xdfK\xc0\
>\x1e2\x8b\x82L\x01\x15\xc6\xf0:]\x1aX9\x82\
\xa542\x1f\xc1\xa8|\x04\xa3\xeb\xa3\x18\xcd\x81\xb6\xfa\
\x08F\xb5$\x90\x0a\xba\xe1\xb4X\xa4\xd0\xc13X\xc0\
\x1f@m\xadf`ZYY\x88b}\x01+B&\
\x96Z\x9a\xe8\x8a\xa5OMK\xa1D\xcee\xaa\xf8A\
\x7f<\x97\xdd\xaa\x0a \xdc1M\xa7\xe1\xa0\x07\x0eS\
\x15\xac\xdccV]\x01o-\xad\x09h\xe5\xcdM\x1f\
\x1ahL\x1b9\x0e\xc3\xddV.V\xabX\x08\xb1\x22\
\x13\xb0\xa2>lGK\xd8\x85\xce\x98\x1bCR~\xa4\
\x1d\x95\xd8\xbb|2\xde\xff\xfe\x17\xf1\x9b\xd7\x9fP{\
\x8c_\xd3.\xaa\x07\x88f\xea\xc9\xa5\x06=\xdf1\x80\
\xa6\xcb\xb8\xc0B\xe0\xeb\x13\xe5\x8aO\xe4\xd2BI\xb1\
`\xf2\xdbK?_\x19U\xfa9\xa5\x90\xe9)\xa2\xf1\
\xeb\xeb\xab\x22\x5c\xba\x8a\xabju\xc8\xf8\xf3\xe0\x82E\
\xb6N)\x1b\x01\xb9\xe8\xe7\xcf\xb0PI$d\x0f\x00\
?\xbf\x82\x07n\xda\x8d\xb8\xa5\x0a\xad!?Z#^\
4\x05]\xa8\xf7;\xe4n,\xe9a5\x91\xbf/\x9a\
\xd8V\xcb\x0b%_0\x13~\xdeIy\x91\x8e\xf8\x11\
t\xda\xa5\xf8\xd1\x90\xe8[j/\x14\xe7\xf8~*\x88\
<m\x0a\xb2q\x04\x03\xca\x0eC\x7f\xceU\x951K\
\xe26!\x1f\x9c6+\xac\x16\x13r|\x0e$8\xe1\
\xcfAdO\x01\xb0\xdf\x06\xb2H\xc8:0d#r\
aP#\xa9<\xa5\xa0\xd2\xc1\xd2\xe1\x1a\xd3\x10\xc3\xd8\
\xc68\xc64\xc51\xb6-%\xed&N\x9a\x8d\xba\xdd\
\xf0y|RI\xb4\xd9\xd4\xb4\xa9\x82D-\x93\xe8\xef\
\xc0j\x00\xcc\x00\x15\xdf\xe6\x1e46n6\xa4\xa3\xb0\
s\x83\xa7\x16\xc5\xf8\xcaC\x03\x94p\xc8\xabvK\x07\
\xbd\x922\xb2TK\xc8\x18\xd1$\x9aIO#\x0dw\
*5\xc8\x14h\xb2j\x89V\x05\x8ch.\xb3\xb8\xd0\
\xe6\x82\x169h\xf3U\x94\xa0\x0dM\xf9\x90\xb0\x95c\
\xef\x8ai\x02\xda\x07\xaf?]\xa84\xea\x90)\xd0\xa8\
\x8b\xf2\xa4\x92\x8bV\xcd\xe9J\xdc\xae\x0a\xe7\x13\xad\xdf\
Q\x83LJ\xdbz4\xd0A\xd3`#P\xef\xbcy\
\x19\xef\x18\x00So\x17S\xb8O\xac\x9f\x5c\xfeX\xbd\
\xf3\xe3\xe7\xfbH\xff\xbb\xefhS\xcd\x05\xbd\xf9\x1c\xde\
}\xf3Y\xbc\xfb\xc3\xe2\xb9\x8b}\x9cL\x0d\xf5q \
\xbd\xe2\xaa^x\xf83z\x1co}\x87/N\x04\x8c\
\xd3\x0e\x17\x042\x9e\xc1\xdez\xe9!\xe0\xa7\xcf\xe3\x8f\
\x9f\xbc\x01\x0d\x013\x1a}v\xb4\x86\xddh\x0e\xb9\xd1\
\xc04^\xba;\x14`\x5cK\x1c\xe1z$\x0d2\xbf\
\xb5\x0a\x09\x9fCE\xb2\x90W\xa6\x99Y\xfc\xc8\x86\xbd\
hN\x05\x07\x86,\x19@>\x1dF}:\x86\xbaL\
\x04.\xb7V\x84\x93t\x91\xcd\x0e\x15\xf0:\x9d\xf0\xba\
\x1c0\x9b\xabe\xe08#\x90q\xca\xdf\xd3\xa7\xa5P\
\xef\xe55\xb6\x1e\x0e\x06\x99\x02MA\xc6{3\x81l\
T.\x0cj4a\xd2\xc4q\x03\xa3\xc66\xc40\xae\
1\x8e\xf1T\x0bM S\x08\xb9lbw\xccj\x22\
\xef\xc4\xacf\xday\x17a*\xc0#=\x8a:h}\
=\x1c9wf\xe1$t\xc0\x89\xcel\x08\xe3Z\xd3\
\x98>\xac\x1e\xd3\x867\x88\xa7\x07\x7f \xd2<\x5c^\
.a\xde\xe3\xe27C7+F2/\xc2^\xe5d\
%\xfb\xa5\xab\x95\xcf\x83\x9c\xcd\xacj9\x9c\x02\xcd\x04\
?-\x9d\x1d\xf4\xd0Wi\x88\x14C\xfc\x16\xe4\x83V\
4\x85\x9c\x02ZG\x9c\xa9\xa3\x1fI[\x19\xf6\xad\x98\
\x82\xf7\xbf\xff\x05|\xf0\x866\xe0i\x80L\xe9q\xbc\
\xf3=J\xed;\x934\x89i\xa6\xae7\x9e\xd6*o\
zDS\xa6\xa9J\xc6'3\xb7\xc5\x5c\xc6;o\xf2\
I\xae\xde&\x5c\xea\xed\x01 \xd2\x0b\x13\x83\xa8\xb4\xa8\
Q\xd4\xe0\x91\xacX\x0d-\xc2\xafG0)lPZ\
K\x99|_\x03\x00\xa6\xffL\x04.\xae\xab\x92*\xed\
\x05\xd5\x88\xcd\x85\x1f\x04\xec\x8d\xa7\xf1\xa3\xaf}\x1e\xe3\
\xf2^d]&\xb4\xb1\x00\x15r\xa1!\xa0\x00\xcb\xb8\
m2;\xc6\x08\x16q\xd6 \xec\xa4\xc5\x04\xa3\x98I\
\xaa\xc7\x11\xee\xa0\x0b\xfa\x90\x0cz\x10\x0f\xd0\xf4\xb6\x12\
Q\xafMf\xba\xf4hV\x0aY}J\x81\x96\xcf\xc6\
P\x97\x8d\xc2aW\xc7\x18BF\xd9\xcd\xca<\xaa\xb6\
\xb6\x0a)\xce\x83\xa5\xfc\x05\xc8R\x1f\x01Y\x22B\x9b\
\x0e\x82\xa6`\x93\x0a\xa3\x80\xa6C\xc6\xc1P\x03dc\
\xea\x82\x18\x9b\x0fa\x5c>\xacT\x1f\xc6\xf8\x86(&\
\x184\xb11\x86IMqLn\x8ecbkJB\
\xb7\x87\x866^\x17\xbc^7,\x16\x95\x22\xaa\x90\xdc\
\x17\xb2\xbe*GMu\x8d\xb4_\xe5\xa3!\x8c\xae\xcf\
bJ{\x1df\x0c\xcdKG\xf5\xcc\xb6:\xcc\xed\xc8\
btSL\xf6\xfa\xf2\xdfa\xc1D\xef{\xa4\xcdw\
8\x14\x94\xde\xb3\xb0\x8f\xde\xf9n\xf9:T\xcaX\x09\
\x97\x06\x9a\xdb\xaa\xf56\xdaiSP+\x80q;g\
H*\x8e&\xc4\xdd\xb5Hx-H\xfb-\xc8\x05m\
h\x888\xd1\x12u\xca\xa2\xb9!)\x0f\x92\x8erl\
[<\x11o\x7f\xef2\xf0C\xb6_\xa9\xb4\xb1o\xfa\
x\x11\xef|\xefb\xb1\xf5\xcap>)\xb4a\x15\x96\
\xbc\xb3CD\xbbO\xa3\xb4\x91\x19\xbdE\xa9T\xca`\
\xb5\xff\xf9M\x97T)\x07P)@\x05\x90\xf4\xee\x0d\
\xf6Y\xca\x19Qo\x8fR\xd5B\xf1\xe4\x90~\xcc\xe7\
\xf1\x81\xde\xd1\xc1\xe2\x86,W/~/\x85\xefI\x83\
L\x07Lv\x0c\xd0\x9dY\xdb/\xc6*-\xe1\x92\xc7\
\x97\x1f\xc6\xaf_\x7f\x0a\xff\xfc\xad\xc7\xb0`x\x0eI\
\x87\x09\x1d1?Z\x82\x1cgq!\x1fp\xca.\x03\
\xce\x8d\xc5<VD\xdcf\x19\xc4\xf5\xdb8\x8cK\x99\
\xe0\xe25\x8d\xd5\x8c\xb8\xdf\x8b8\xf7%\x84}pY\
k\xe1\xb1\x99\xa4\xf8\xa1\xb7>\xf1\x0eW\x17\xefvu\
\xb1\x10\xd2\x90\x8d!\x97\x0a\xc3lR\xc6\xbd\x84\xcc\x5c\
]\x83\x80\xc7-M\xed\xd1\x90\x0b\xb9t\xb0\x00\x19[\
\x0a3l\x5c`\xca\xc8Y1\xa6\x8c\x11'R,\x80\
\xd0\xc3\xa3 \xbaR\xb9\x10\x0f9\x0b\xf7eQ^N\
\xfb\xad\x88\xfa,\xa2\xb2\xb1\xb9\x22`\xe3\xeb#\x22#\
`\x05\xc8\x1ac\x98\xdc\x9aEC\xd8#Ol\xf6\x7f\
qy\x9f\x110\xb9P\x964\xd0\x10\xc9\xca\xcba\xad\
\xa9A\xd4\xed\x10\xcb\xe31\xed\x19L\xeb\xc8cvg\
3f\xb77bVG\x0e\xd3\xdb\xeb\x14l\xadu\x98\
\xdbY\x87\xa1\x5cf\xad9\x10\xeb\x90\xe9\xe2\xf9/\xac\
A\xc6h\xc6\x02\x08!\xd3\xcb\xf9\xe2jEotm\
\xa8S\x81\xa6\xccw\xb8w8\xccT\xc4mB\xccS\
\x8b\xa4\xd7\x8c\x8cO\x81\xd6\x18q\x08h\x1d\x09\x05Z\
\xdc^\x8eu\xb3F\xe0__y\x16\xf8\xf1\x8b\x85\xd4\
\xd1(\x82\xd6\xff\x9c\xd6\x174\xb5\xe8\x9dOXm\x7f\
2#\x9b\xf4<\xea\xea\x0f\xd9\xef\xaawy\x19>\x80\
\xd4\xbd\x97n\x9fm\xfc\xbf\x9fWW\x10\x9a\xde\x97;\
?UE\xecs\xe7U(\xcdk\x11\xccPEd\x04\
\xd3!#`\xb2\xc8O\x83\x8c\x80}\xf8\xbd'\xf1\xab\
\xd7.c\xed\xf4\xa1\x88[+1<\x1b\xc1\x9c\x91M\
\x18S\x1fC\xcecC\x9a\xf7\x98^\x9b\x0cfF\x5c\
\x16\x01\x8c\xd7/>\x81L\xed?p\xd5VKcp\
\xd8M\x07(\xeen\xf0\xca\x88\x0a{X\x1b\x93A\xe9\
\x8e/\x85\xcc(\xde\xf9\xf2\x1e\x8c\xe7\xb3L<(\xdb\
\x5cx\xceW)\xa3\x036.2\xf1\xd8\x90\xcf\xd0\x09\
\x9b\x90i-\x84\x9a\x7f\x22\xc5N(\xe9W\xa4\xbd@\
\xc8\x8dt\xd8\x834\xef\xce\xc2n$yw\xc6;4\
\xad\xd5J\xef\x02\xa1b~+\xca\x8cp\x19\x01\xd3\xa3\
\x97\xae\xc9\xadI\xb4\xc4\x83\xf0r1\xa0\xdb.\x0b\xae\
\xcd&e\xbb]*\xbaP\xf9,\xb5\xc8\x85\xbc\x18\x9a\
\x8bcR[\x06\xb3\x87\xa41kX\x02\xd3\x87F0\
\xbd#\x89\x99\x1du\x98\xd1Q\x87\x99\x1dYLo\xcf\
bj{\x163\xda\xb2\x98;4\x87f\xee\xd9\xd5 \
3\x02F\xe0,\xb5\xbc\xec\xf3#\xecw\xab\x94\x91\xf9\
yM\xa5\x8af\xdc1]S\x09\x97\x16\xcdt\xd0\xbc\
vv\xec\x9b$\xf5\x08\xb1$\xac\x81\x16\xf7\xd4\xca+\
h\xd6oC>h\x97\xbb\x9a\xd6\xb8\x13\x1dI\x0f\x86\
f\xfcH;+\xb0hL\x0e?\xf8\xd3\xfb\x80\x9f^\
\xd6\xe0\xa2\x09\xe7\xe3\x05\x19\xd3\xc8\x81 S\xaf\xfc:\
hZ\xf1\xc0h\xd03\xa8\x0ces\xa3\x06\x80\xab\xa8\
\x12\x804\xe9\xbd\x86}\xa5\xfe\x1f\x1d~%\xbe\xaf\x96\
\xd3\xf7\x05L/n\x14[\xcc\x94\xdb\x14/\xec9\xc1\
\xc0J\xe2\xa3\x85;F\x15\xc5\x1e\xc2\x87L\xa7\xff\xee\
E\xecZ2\x1e1K%\x86&\x83\x987\xaa\x19\x0b\
\xc7\xb5\x88\xc67%\x91\xe1(\x8b\xdd$i<+\xc1\
\x04\x8ci\xa2\xd7j*\xec\xa4#dt\xa0\xf2q_\
\x02!\x0by\x10\xf2\xbb`\xa9.\x17\xd3\x9a\xb6:\xcd\
\xf3p\x00\xc0D\x09?\x9aYuL\x86\xd1T\x97@\
&\x11\x92\xca5A\xb3\xd7\x9a\xe1a!\xc5aF.\
\x1d\x10\xd75\x1a\xf6\xf2\x22\xba\x142\x01-\xecF&\
T\x14\x81K\x85\xdcH\x06\x9d} 3\x82V6\x10\
\x5c\xc5\xf40\x81)\xcdIL\xeb\xcc\xa2-\x1b\x80\xcb\
n\x82\xc7i\x85\xcba\x91Q\x14\xde\x9e\xeb\xc5\x8b\x9a\
\xca*x\xb9+,\xee\xc7\xf0\x864\xa6\xb4g1\xb3\
3\x8d\x19\x9d)L\xefL`Fg\x0c3:\xe3\x9a\
\x92\xf2\xf1\xbeR\x9f;od\x1e\xd9\xa0\xf2\xc4#d\
U\xe5\x95}Z\xb2$\x9ay\xbdb\x86\xc2\xd1\x97H\
\xc0#\x0eV\xd6\x0a\x15\xcddo0\x17T\xd0\x8fO\
\x8bh\x1e\x1b\xd3\x0d6\x12\xabJ\x15W\xe1\x86\x9c&\
D9\x12\xc3\xee\x02\xaf\x05Y\xbf\x15y\x96\xf6\x09Z\
\xcc\x85\xf6\xa4\x07C\xd2>\xe4\xbc\xd5\x98\xd2\x12\xc2\x9f\
?{\x0e\xf8\xfb\x17\xf1.-\x0b\xf4j\x19\x9b\x8b\xd9\
\xc9/\xc6<\x8f\xf7\x89j\xc64\x92\x83\xa2r\xb7\xa6\
U\xe5d\x01\xbc\xb1\x1di \x19\xab\x93FI\x14,\
\x85K\x13\x17\x1f\x0e$\x0d(\xa3\xa4\x0a*\x90)\xf8\
u\xa8T\xe4\xa5G\xe2Sx\x8fw_\x94\x9c=U\
z\xcc\xc2\xcf{2\xe1L\x8f\x94\xc7T\xa9^\x83\x8b\
z\xf7\x95\x0b2\x8d\xfe\xc1\xeb\x8f\xe1\x9d\xd7\x9f\xc7\xce\
\xa5\x93\x11\xaf-\xc3\xb0d\x10\x0bF\xb6`\xc9\xd8v\
,\x18\xd5\x8c\xf9\xa3\x9a\xb0`L\x0b\xa6v\xd6\xa1>\
\xe8\x82\xdfR%/\x80\x94\xda\xd4\xa2\x16?R|\xd1\
\xb4U\xa9;Q\x1a\xdf\xf0L\xce]\xe7\xb4\x97\x0f\xb9\
\xad\xd2\xf9\xc1n\x8f&\xa6\x8dt\xf1\x95\xae\xa4\xa2\x08\
\x9a\xbc\xcd\x91,B\x97\x8d!\x15\x0b\xa2Zl\xe2Y\
ls\xc2a\xb7\xc8\xf0\xb1\xccGr\xd2_o\x08.\
U\xc4\x83\xba\xb0W\xc4\xc2KF\xbaA<*\xba\x11\
\xb8\xa0\x03\xa9\xa0SL\x7f\x12~\x1b\xe2l\xab\xd2\xcf\
_F\xb8\xa8)-I9\x83MkMaH]\x18\
>g\x0d\x5c.+,V3\xca\xca\xd5\xf243}\
\xc5m\xb5\xc8G\xbc\x18\xd1\x90\xc1\xa4\xce<\xa6u\xd6\
a&\xa3R{\x1a\xd3;\x12\x05\xcd\x10\xd0\xa8$f\
\x0eIc\xe6\x90T\x9f\xc7YC\xd2\x98?\xb2\x1es\
\x865J\xfe-\x90i\x9b8+\x0cmY\xfc\xb8\xcd\
\xca;\x09\x9f\xb4W\x114\xa6\x8c\x04\xccVY\xae@\
cD#h\xf4\xe3\xd3SG\xad\x91X\xee\xcf\xa4\xda\
X\x83\xb0\x8b\xd1\x8c\x83\x9e\x16)\xed+\xd0\x98::\
\xd1\x12s\xa1-\xe1\x16\x8d\xa9\x0b\xe1l\xd7\x0c<q\
\xd3.\xbc\xfd\xfd\xcb\xc0\x1b\xcf\xe0\x9d\x97\xf9\x8a\xad;\
-)\xd0\xfaD5c\x1a9\xe0|\x9a^\x8d,\x96\
\xc6\xfb\x94\xc9\x7f\x07\xc8\x18\x9d\x06\xd4\x0f\xd8gI\xb1\
\x15LAU\x84I\xc9\x18y\xf5\xe8%p\xe9\xd5T\
\x96\xe6\xb5\x0a\xa2\x82\x8bfDlA3\xa4\x87\xbc\xc8\
\x7f\xf9a\xe0\xf5'\xf1\xd6kOc\xc7\xe2q\x88\x9a\
\xca0,\xe1\xc3\xa2Q\xedX>~\x08\x16\x8djV\
\x90\x8dl\x12-\x18\xdd\x8c\xd9#\x9b\xa5\x1c\xefc\xc3\
\xb7\xb9\x12~1,\xe5\xde\xb1\x1a\xb8L\xd5r\x04P\
\x05\xae\x0aynD\xfd\xdcc\xe7\x91E)\xbcln\
N\x87\xb5\xa9e\xa5f\x8e\xa8\x0c*\x05bs>!\
\xeb\xc2\x18\xcd\xe8*\xcc>\xc6T\xd8\x8bz6\xbds\
\xc2\xc4\xd0\x1co\x14{\x19\x0b\xadW\x9a\xea\xa2\xb4\x94\
\xf7\x1a@sIG\x0a\xed\x12\x08ZY!\x825D\
\xfb\xa6\x87\xcd\x09I\xe5\x86g\xc2\x08\xd8\xaa\xe1\xb4\xd5\
J\x89\xbd\xa6\xb2\x1cn\xbbY\xba\xa2G\xe5\x93\x98\xd8\
\x96\xc0\xd4\xce\x14\xa6\xb6\xa70\xb5%\x85i\xcd)L\
kIaz\xbb1J1r)\xc8f\x0eIb\xd6\
\xd0L\x1f\xcd\x1d^\x87\xb9#\xeb1\xaa)!)\x81\
:\xcb1\x92\x15\xcfc\xc6=h\x1c\x9d\x09\xf8|\xd2\
\x16C\xd0\xc2~\x97,og\xcah\xadR#\xe8\xba\
\xb5\xb7J\x1d\x8b\x90)\x8bo\x05\x1a!c4\x8b\x09\
hf\xf1\x93\xd0#\x1a\x8b!MQ\x97D\xb6\xd1\xd9\
\x00\x1e<\xb8\x027v\x8d\xc3\xe9\x0ds\xf0\xfa\x9f<\
 Q\x8d\x0eK\xbfz\x99U4\xad{\xdf\xe0\x86;\
\x10p\xfd@\xe3\xd9\xa6\x1f\x5c\xc5\xaa\xa4\x14IJ$\
.P\x85Je_\x95F+]z\x11CW\x1f\x98\
\xf4\xc5|r\xb9l\x90q\xc5\x91|\x1f\xda\xf7\xc6H\
\xfe\xea\xa3\x22\x89^/?\x82\xb7_z\x18\xefh\xc2\
\x0f\x9e\xc6\xff\xf9\xebG\xb1y\xe6P\xc4-e\xe8\x88\
\xbb\xb0pt3\xd6N\x1b\x89e\xe3:\xb0xt+\
\x16\x8dj)\x806wx\x03\xe6\x8fh\xc4\xbcQ-\
\x18\xd1\x98B\xd8e\x16{7\xae1\xe6\xec\x98\xa3F\
M\x5cP|\x01\xb5\xb01Av\xd9\xa9h\xc6m@\
\xa9\xa0\x07\x9d\xf5q\xb4\xe5b}\xd4\xca\x01\xcc\x01D\
\x10\xd9{\xdb\x9cK\xc8\x8b4\xab\xd7\xec\xc6\x8f\x07\xbd\
\x02\xa0L\x96\xc4\x8bj*U,\x84FM\x0d\xb1\x00\
\xf21\xd5\xeb\x98\x8d(\xcf\xc5LHE6\xde#3\
\xa2\x95M\xae\x8farC\x0cS\x1a\xe2\x98\xdc\xa8\xa4\
G2v\x82\xf0\x95\x85>\x87\x1c\xd7n\x88\xf90<\
\x1f\xc1\xa4\xd6\x14\xa6\xb5e0\xa55\x85I\xadIy\
\x9c\xda\x9a\xc2t\x96\xe0\xe51%\x91lfGF\x1e\
g\x18\x80c\xc4\xd2\xe1\x9a3,\x8b\x05\xa3\xf2\x98\xd4\
\x9eF\xc4k\x97\xa2\x89^,\xd1+\x8b\x03\x89\xa09\
\xec\x0e\x84\x02>I\x1b\x09\x9b\xcbf\x96\xc1<\xfe\xd0\
\xd9\x81m\x93_\x0c\x7fA<4\xf3U\xb1B\xd2\x10\
\x9f\x8d[a\xd4\xfd\x19\x0f\xd9\x11\xde\x9fq\xaaZ\x8b\
f\x19\x9f\x0du\x01;\xf2!\x87\x80Fu\xc6\x9c\xf8\
\xcc\xceE\xb8rz\x0dn\xdf4\x0d\x9b&\xb5\xe2\xe2\
\xa7\x8f\xe0\x03N\x10\xbf\xf14\xfeS@\xd3\x06?u\
\xb1\xa5H\x9b\xb6V\xcb\xe0Kd\xe8\xea\x1fH2\x89\
\xad\x0d\x89\x96\x82\xa8o\x07\x15\xdf~\x89n\x975\x19\
\xd3A\x0dXF-m1z\xe9\xfdV\x1f\xe0\xb5\x0e\
\x0e\xb5\xce\xa8\xf8u\xaa\xea!\xcf]\xca\xb6\xed\xedW\
\x1f)\x02\xa6\x157\xde\xf9\xdb\x87\xf1\xde\xdf<\x08\xfc\
\xe0Y\xfc\xe0\x1b\xf7b\xc9\xf8\x06\xd49\xab\xd1\x1e\xf3\
\xa0-\xe6Fg\xc2\x8bq\xf5QI\x15\x97\x8f\xef\xc4\
\xc2\x11MX0\xa2\x09\xf3F4b\xce\xb0z\xcc\x19\
\x9a\xc7\xecay\xcc\x1e\xd1\x80)\x9dy4'\xfc\xb2\
=\x93\x9e\x1d\xccH\xb8\xa3N\x8fdf\x1a\x94\xb2[\
\xc3\xafv\x9d{\x9ct\x906cHC\x0a\x9d\x9a7\
\x87\xf2\xe7\x88\x0f(\xa6\x96mb\x88C\xc5\xd0\x96O\
\x22\xe2s\xc2ZS\x85\xb0\xcf\x83\xa6tD\xaa\x91M\
\x89 \x9a\x07QK\x22 g<%\xad\x99\x9e\x9d\xfb\
\x12\xe58\xcdB\xabn\x9e\xe3T*Y6\xa5>\x86\
\xa9\x0dq\xd1\x14\x0d\xb2)M\x09\x8c\xab\x8f\xa1)\xec\
F{*\x8aa\xf94\xc65\xe71\xa3\xadN\xa2\xd4\
\x94\xe6\x84D:9\xb3\xb5$\x050\x05Y\x0a\xd3\xdb\
\x94\xfaB\xc6\xb7S\x98\xd9\xa9R\xc3\x19C\xd3\x983\
2\x8fYC\xeb\xd0\x12\xf5\xc2\x5c\xa9U#\xe5\xa2\xba\
x\xd7V\x0a\x97\x112\x15\xcd\xbc\x85Qr\x1a\xa4\xf4\
\x81\xccD\xc0\x98fT\xc2)\xdd\xfa\x15\xaa[\xdf\xd8\
\x0d\xc2h\xe6\xb0\x22\xe2\xb4\xca\x8e3\x8e\xba\xa7}6\
d\xd9\xb5\x1ft\x08hy\x9e\xd1\xc2v\xdc\xbem!\
\x9e=\xbe\x02\xcf\xf5v\xe1\xd1C\xcb\xb0}b#\x0e\
\xaf\x9e\x82\xef\x7f\xe3\xf3\x12\xd5\xdea\xb5\xd1pV\xd3\
A\x13\xd8\x06H\x1f\xfbE\xb7\x12\xe9=\x81L+e\
\x22\xbb \xc2\xa0\xf7M\xaa\xdeI5\x11\xc0\x86e\xfd\
c%\xe7\xac\xc1\x003\x14jd\xe3\xa5\xbe\x94\x8f\x91\
\xab\x00\x18\xbd*/\xe0W\xaf>\x8c\xb7^}\x08o\
\xbd\xfa0\xde\xf9\xf6\xc32\xd1\xfc\xb6\x16\xc5\xde}\xe5\
a)\x0c\xfd\xd5\xa5\x9b1\xa99\x81\x9c\xd3\x84\x0eN\
\xa3\xc7\xbch\x8dy\xa4\x85-\xe9\xacA\x9d\xc7\x84\x89\
M\x09,\x19\xd3\x86\x85#\x9b%\x82\xe9\x90\xcd\x1a\x9a\
\xc3\xb4!y\xcc\x18\xd6\x80Y\xc3\x1b1\xba1.+\
\xb1l\xd5e\xb0\xd2\xb8\xb4\xa6\xe8F\xc5h\x16t:\
\xc4\xca\x9di#]\xa7\x9b\xd2\xf4\xaeObX>.\
\xa2)N)`\xa5\xb0Q\x1d\xf9\x04\xdar)\x04]\
v\xb8\xacf4\xa6T\xca\xd9\x9a\x09\xa1\xed\xa3\x94\x0e\
\xa2\xd5\xa8\x94\x06\x1c/\xc59\x87\xc6\xea\xa46\x22\xd3\
\x072J\x8ffS\xeb#\x98\xde\x14\xc7\xf4\xc6:L\
\xad\xcfbj>\x8d\xe9\x0d\x19LmJ\x17\x00\xd3!\
\xd3A\xe3\xf9mZk\xb2\x0fdF\xcd\xeaLc\xe6\
\xb0\x0cf\x8d\xcd\x8b\x05\x17\xb7\xb4\xa8\x02G\xb9\x94U\
U7H\xdf\x16\xacR\xc0t\xf1\xef\xd9\xadV\xd9\xca\
\xa9C\xa6/\xad\x18\x102\xed\xa2\x9a\x92\xf93m3\
L\xd8a\x11\xc88\xe2\xce\xf935\x83f\xd5@s\
\x22\x17r\xa0)`\xc5\xad\x9b\xe7\xe2J\xcfr<w\
l\x09\x9e=\xb1\x12/\x9c^\x87\xebW\x8d\xc7\xf2\xe1\
I<p]7\xde\xf9\xde\xd3\x00\xef\xa5\xbe\xcd^=\
\x8er<&\xa3\xf6\x02\x9a\x8c\xcc|D\xfa8\x80\x06\
\xaaR\x16RLCZW(\xa6H\xb4b\xd4R2\
\xb6=\x95\xfe\xdb}\xfe\x1f\x0d\xae\x02T\x1aX\xfa5\
\x05\xaf.\xfe\xf3\xdb\x8f\xe0?\xbf\xfd\x10~\xa5\xe9\xad\
o?\x84\xb7_y\x08o\xbd\xfc\x10~\xfdw\x8f\x03\
\xdf\x7f\x1e\x0f\xdf\xb4\x1f\x9d\x1c\xba\xf4\xd81$\xe6\x93\
\xcb\xe6\xe6\xb0\x13M!\x07\x1a\xc3\x1e4%\xc2\xd2\xd6\
\x166\x95I\xbf\xe8\xe21\xad\x12\xd1\x8c\x90M\x1f\xc2\
\xfb\xd2<\xa6v\xe61]\xeeN\xf3\xe8H\x87\xe4w\
f\xe6Q\xa0\x00\x1b\xa3[\x15\x12\x01\xd5\xc7\xea\xe6X\
\x93\xdf\x89\x11Mi\xf1K\xa4\xb8%SWg\xbd\xae\
\x84\x88`))\x18;\xf3I\xb4\xd6%\x10\xf39\xa5\
z\xd8\x9a\x0bJ\xa1\xaf=\xeb\x1f@\xfcxP\x13\xdf\
\x0e\xa0-\xa3\xd4\xa2\x81F\x114v\xa1\xf0\x1cWF\
\xb0\xa65&\x0a\x9a\xaaizST4\xa5>\x81\xa9\
\x0dILkLbzS\x12\xd3\x9a\x92Rq,\xc2\
\x95(\x88\x80\x0d\x04\xd9\xac\xce,fwf1gD\
\x1e\xd3F\xe4\x91\x8b\xb8\x0b\xbbx\xab\xabk\xe0t\xb9\
PSS\xdd\x0f\xb0\x8f\x82\x8dg4F\xb3\xa0\x97g\
2\x8f\xf8\xe9\xa9\xf9!\x15\xcd\x08\x19K\xfb\x84\x8c\xbd\
\x8d\x9c\xa6\xf5\xc8a\xbaZ\x9bA#l,\xe9[\x0a\
\xd1,\xc6\x88\xa6\xcd\xa0\xa59\xec\xe9\xb3\xa3\x8e\x11\xcd\
k\xc6\xcd\x9b\xe6\xe2\x85\xd3k$\x9a={t%\x9e\
;\xb6\x12_8\xbd\x1e\x8f\x1e\x5c\x8a\xf5#\x93\xe8\x1a\
\x97\xc3\x17\xef?\x89\xdf\xfc\xe8E\x19F|\xe7\xd5\x0b\
\x22c\xf5Qf\xd4\x18\xd9t\xc3\x1eCZ6\x98\x04\
\x86\x02`:\x80%\xa0\x95T/K\x9bw\x07\x02K\
\x97\x0e\xbe~\x964\xc2\xa5\x00\xe3@\xeb#\x05\xc0\x94\
\x1e\xc4[\xaf\xb1M\xea2~\xfeg\x0f\xe0\xe0\x92\x09\
\xc8\xdaMh\x8dz\xd1\x91\xf0\xa1U\xb3\x11\xe0\x94s\
\xbdf%\x90\xf4;\xe5\xec\xc2=\xdft\x13c\x96\xb4\
`L'\xe6\x8fh\xc2lBF{\xb7\x0e\xa5\xe9\xed\
9L\xe3}j{\x063:\xeb0\xa1%%#J\
\xae\xda\x0a\x81\xcdnR\x11\xcdg\xb7\xc8\xf8S\xc0\xe7\
\x82\xd3n\x12\x80tcR\xfa\xd9\xebn\xc0\xa2\xfa\x18\
\x86\x17\x14\xc5\xf0<34J\xad?\xa28\xf8\xc9\xa8\
\xd4^\x17BG]\x00\x9d\xd9\x81\x14Dg\x96\x13*\
\xa1\x82:2!td9\xcdB\xd0\xfc2wI\xd0\
8\x9b\xc9-/\xfd +\xa8)*R\x7f\x1e\xc7\xf4\
\xe6DAS\x8d\x90\xb1\xf0\xd1\x16\x17\x0d\x0a\xd9\x90:\
\xcc\x1f\xd9\x88\x91\xcdu\xe2\x9d(wi\x95U2s\
f\xec\xda/\x05\xeb\xa3 \xd3\xd3F\xa7\x9d}b\x1e\
\xe9y\xd47v\xea\xd1L_\xa1#\xdd \xdaHL\
A\xb55\xd2\xb9\x1f\xb0\x9a\x11\xb2[\x11r\xa8ij\
\x82\xc6h\xc6\xd4\x91\x97\xa4YZ\x93\xb9jq\xd3\x86\
\xb9\xb8rj\x0d\x9e=\xb6\x12\xcf\x1d]\x89\xe7\x8f\xad\
\xc2\xf3\xc7\xbb\xf0b\xef\x1a\xfc\xc1\xd9\x8d\xb8i\xf5$\
L\xcf\xf9\xb0i\xf60\xfc\xd5s\xb7\xca\xc6H\xfc\xe8\
i\xbc#\x158\xfa\x88(\xc3\x1eI#\x19\xe1\xf4(\
\xd7\xa7]\xab\xaf\x04\xb2\xd2\x88W\xfa~)@\xbc\xcb\
\x22@\x06\xc8t\xd0J\x01\x16\xc8\xb4\x94V6\xabh\
/\x06r\x07\xf8meg\xfe\x9fl\x8b\x12=,p\
\xfd\xea\xdb\xf7\xe37?\xb8\x88\x0f\xdf|\x01\x97\xee:\
\x82\xc9\xf5Id\xec\x16t\xc6\xfd\xe8H\xfa\xd0\x12\xeb\
\x0b\x98L9{\xd5\x9d$\xabm\xd9\xa8\x0fa\x87\x09\
\xee\xaa2\xb9G\x9d?\xa6S\xcef\x84lf\xbb\xa6\
\xb6:\xcc`\x11M;\x86Le\xa5\xba3+\xfd\xb3\
\x19\xbf\x03v\xa6\x90U*\xb2\x05<N1\xc2u8\
-\xc8\xc6\xfc\x18\xd5\xac\xa2\x19=?F7\xc6\x94\x1a\
Tc\xfb(QD\xa9>\x82\x91\xf5\x11\x0d4%\xf1\
[\xacS\xeb\x90\x86\xd4\x051tP\x850$\x1b\xec\
\xabL\x10\x1d\x8chi\xceb\x124\x15\xd1\x08\x9a@\
6 hM1\x91\xfeg\x1f\x0fY\xa2p\x1e3B\
6\xbb3\x83\x19Csb\xba\xc3\xb4PJ\xff\x16\x0b\
\x02~\xbf\xcc\x9eUk{\xa4?\x0e\xb2\x81@#d\
\xbc\x9f\xe3\x00\x1e\xcdQt\xc8$\x9a\x89\xf7\x9e\x01\xb2\
\xea\xaa\x02h\xfa\xa3\xa7\xb6\x06>s\xad\x80\x16\xe4\xb6\
\x0f\xfa\x83\xd0\xb6\xc0\xc5npv#\xd8\xa4\x10B\xe3\
\xd4\x1b\xd6\xcc\xc0\x8b\x84\xec8\xad\xc0W\xe1\xf2\xf1.\
\x5c9\xb1\x06/\xf4\xae\xc5\x95\x9e\xb5\xf8\x83\xab6\xe1\
\xca\xa9\xf582s(&&\xbc\xd8>o\x0c\xbe\xf9\
\xec\xcd\xe2#Bw\xdcw\xe9m\xa1\x8f\xde\x17\x9c\x9a\
\xd4\x1e\xeb\x81\xf4\xb6\xa1`\xa2\x00)B\xd2\x0f\xac\x01\
\xe0)@\xa4\xa9\xdf\xc7\xf5\x08\xa6GY\x0d\xac\xb7^\
\xd1\xe0z\xf9\x02\xfe\xf3\xa5G\xf0\x9f/?T\xd0\xfb\
\xdf{\x14\xf8\xd13x\xe5\xcam\xd8\xb1x\x02\xb2\xae\
Z4\x05\xbc\x18\x9a\x08\xa3=\xe2Cs\xd8%M\xd7\
\x1c[\xd1\x01\xcbzj\x91\xf2\xd4 \xee\xaeF\x84}\
\xa3l\xa3\x8ax\xa5\xfb\xc6UY\x86\xba\x80\x1b\xf3F\
\xb5c\xee\xb0\xfa>\x90\xcdlIc\xba\x11\xb4\xd6\x14\
\xa6\xb4%1\xa5-\x8d\x11u\x11\xf1q\xa1\xfd\x9b\xb9\
\xa6R^d\x03~7\xbcn+\x865\xa60\xb21\
\x85\xd1M\x09if\xa7\x0a\xb0iR\xb0)\x0d\xa7?\
\x88\x06\xd9\xd0\x1c\xc7\xb7\x14d\x84i\xd8\x80\x0a`X\
\x9d_)\xeb\xc7P\x91O4$\xebGG\xc6\x8f\xf6\
\xb4\x1fmi?ZR>\x01\xadL\x9d\xc1b\xaa\xe0\
\xa1\x15=D\xcdq%V\x1a\x9b\x08\x96Q\x03C\xa6\
\x179Dm)\xf9\xc1Mh\xc9\x22\xee\xb6ic\xdf\
U\xf0\xba\xdd\x08\x06\x83\x02\x98>\x16\xf3I!\x1b\x0c\
4\x97\x83\xc6\xfe\x0e\x99\xa2\x16\xd0*\x94\x05\x18;\x02\
\x08\x9b\x0cwjg3>J\x8f#!3\xd5\xc8\x88\
\x8c\xdfR\x8b\x80\xcd\x22\xa9cT@\xb3\x89\x11O\xd4\
nB\xc4Z\x8d\xb0\xd5\x84\xabWN\xc5\x0b\xa7V\xe3\
\x99c+q\xe9x\x17.\xf7\xac\xc6\x0b\xbdk\xf0\xc2\
\xc95\xb8rr5.\xf7\xae\xc6\x0b\xa7\xd6\xe0\xab\xd7\
v\xe3\xa9\xa3k\xb0mL#\x86\x07,\xe8\x9e?\x12\
\xdfx\xe2:|\xf8\xc6%q\xc9}\x9fOf\xe9J\
\x7fDu\xa8\xcb\x1aW%\xb9w\x92\x14\xf3\x82f\x7f\
\xa0y\x8d\xb0}K:,4\x0d\x00\x8b\xf1\xac7\xd0\
\x9f\x15\xa4\x95\xe1U\x97\x86f\x87\xf7\x0a\xe1Rn]\
\xfah\xca[/]\xc0\xaf\xfe\x96\xcd\xbd\x0f\xe3\xdd\xef\
<\x86\xdf|\xff\x12\xde\xfc\xfa\xe7\xf1\xe0\xe9\xadX=\
\xaa\x19u\xb6jt$\xfc\xe8L\x04\xc57E\xf5!\
\xda\x91\x0f\xd8\xd4\x843\x070\xd9\x1f\xca\x08\xc6\xab\x12\
g5\xa2\x8ej\x19;\xe2\x00f:\xe4A\xd0f\x86\
\xa3\xbc\x0c\xb9\xa0\x07\x0bFw`vg\x1e3\x04\xb2\
\x1cf\xb4fT4k\xd1\x00kMI\xd7\x115\xa5\
\x8do\xa70$\x1d\x90{O[m\x0d\x02^\x17\xdc\
\x0e\x8b\x00<\xa65\x8b1\xcd)\x8cmN\x88t\xd8\
\x8c\xd0\x110\x89nt\xbb\xe2\xa2\x89\xfa(F\xd4G\
\xa4z.\xca\x851<\x17\x1a@\xc1~R\xe0\x054\
\xe0\x02\x18\xc2\xb42\xa3\x80kK\xf9P\xc6\xfb\xb1\xa2\
T\x8f\xa2\xf4)\xf2\xaeL\x94(\xbem\xa8>\xf2\xa2\
zr\x8bJ\x13u\xc8\x8ag\xb0\x0c\xe6\x0do\xc0\xd0\
t\x14\xd6\xcaJ\xd4p\xeb\xa6\x85\xe3\xd8\xec\xd4\xf0K\
\x8ah6\xab\xfb\xb0\xdf\x06\xb0\x81 cW\x88\xa9\xba\
Z\xda\xbc\xf4eob[@\xaf\xbd\xear\x98k\xca\
\xc5\x1aL\xbfk\x11\xd8\xaa+\xe1\xa1m\x01'\xaa\x99\
6\xd6\xf2\x0e\xcd\x8c\xa0\xd5\x02_M\x15\x82\xe6\x1a\xa4\
\xbcv)\xcb\x8ej\xca\x22\xe5q\xa0g\xf1\x04\xbcp\
r5\x9e:\xbaLE\xb3\x13\xabq\x85\x80\x9d\xea\xc2\
\x95S\xabD/\x9cVo\xbfx\xa6\x0b_\xb9v\x13\
.\x1cX\x8e\x0dc\xea1,j\xc6\xaa\xa9\xcdx\xfa\
\x8e\xc3\xf8\xe5KO\x00?\xfe\x02 \xc3\xa1\xda\xcc\x95\
v\xa1\xcd\xa1FV\xee\xa4zG\xf3U\xad\xe1V:\
*\xb4\xee\x0a\xa9b\x1a\x8a(}d(`H\x94\xd2\
\xd4'JJ[\x18'\xbf\x95\x8cN]\xc5(\xcb\xfb\
\xaf\x0b\xf25\xe2\xfb\xcf\xe2\xf5?8\x8f\x0bg\xb6\xe0\
\x9a\xae\xa9\xf8\xcc\xaee8\xb9t\x0a\xda\x83VI\x0f\
\xe9\xcd\xc1\xfbD\xde-\xb2\x22\xcb\xeb\x0f\xde5f}\
<\xd7Z\x90p\x9b\x11cw\x8d\xbd\x1aa\x8e\x1eY\
\xab$kH\x05|H\xf8<\xf2\xb3\xb7\x96\x95\xa1>\
\xec\xc7\x82Qm\xd2\xcb\xcah6\xa3-\xa3]\x09\xa5\
1\x95P\x194\xb1%!\x9a\xd2\xae\xae\x90Z\xe2^\
\x99\xb6\xf0\xd9\xad\xd2\x86\xc5m,\xe3\xda\xd2\x18\xd7\x92\
\x14\xe9\xb0\x19\x81+\x8dn\x14\xd3G]#\xf2\xe1>\
\xea\x0f[Qz\x94#`\xba\x86d\xfc\x05\x95M\xca\
Ga\x94\xdc\x9b\xe9j\xd0d\xfcX}\x0c\x93\xf8\xb1\
\xa6\x18&7\xc7\xfa@\xc6\x086\xab\x93]\xf5Mh\
\x88\x06\x05.sU\x15\x02N'B\x1e\xaft<\x07\
\xfd\xbe\x82\xc1\xceo\x0b\xd8@\x90\xe9\x17\xd56\xb3I\
\xdca\xc5}\xb8\x92[\xef\xd9e]\xae\xdcdM\x95\
R\x041B&\xd1\xcc\x00\x1a\xdf\x0fX-\x18R\x9f\
\xc3\xd4Q\xedX8i4\xd6\xcf\x9b\x86\xde\x9d\xab\xd1\
\x99\x8e`\xe7\xb4a\xb8|r\x0d\x9e8\xb2\x0cO\x1f\
[\x81\xe7z\xbap\xf9\xe4\xea\x01!\xbb|r%\x9e\
\xef]\x81/\x9cY\x8d\xaf\x5c\xb7\x09\x17\x8f,\xc7\xe1\
9\x9d\x98\x9e\xf7`\xde\xd0\x04\xae\xdb\xbd\x08\xff\xeb\xb9\
[\xf1\xeew\xaf\x00?\xfd2~\xfd\xfd+x\xe7;\
OJ\xa1\xe4\xddW\x1f\xc6\xbb\xaf\x126\x1a\xfb\xa8\xb9\
,\xddR\x5cI\xeb.\xd1\xb6S\xf6\x11/\x8c\xb5K\
c#X\xbfz\xed1\x83\xe8\xc8\xc5\x92\xbc&\x03d\
\xbfz\x89w`\x17\x807\x9f\xc6\xaf\xdfx\x16\x7f\xf1\
\xcc9\xdc~\xa4\x0b\xd7wM\xc0g\xbbg\xe3\xd9#\
\xab\xf0\xe2\xe9u\xd83\xab\x13\xf5\x9eZ\xb4\xc5\x5cR\
Al\x10\xc0\xe8\x0af\x17\x0b>\xc2\x95\xf2\x98\x05\xb0\
\xb8\x8b\xc6\xb3\xb4\x10\xe0\xb5\x89\xba>\xf1\x9b\xab\x11r\
pt\xc5\x8f\xb8\xd7-M\x03\xb5\xe5ehOG\xb1\
pd\x8b\xf4\xb0No\xfdx\xc8\xa8I,\xba\xb5\xa7\
0\xa19!\xf7V\xdc\xbeJ\xe3\x1d\x8eM\x8do\xfd\
\xe4\x901\xb2\x8dl\xf8\xed!3\xa6\x92\x83B6\xa1\
.\x8c\x89\xbar\x11\xd1$>\x1a>\xc6\xf7u\xf1\xfd\
\x09\xf9\x88\xea\x10i\x8cbJ!\x9a%$\x82M\xed\
\xc8 \xe6\xb4)?{\xb3\x19A\xb7\x1b!\xaf\x17A\
\x02\xe6\xf5\xc0n-:X\xfd.*\x85L\xef\x04\xa9\
\x12\xb0*\x0b\xdba\x14d\x15\x1ad\x15\xb2v\xc9\xce\
\xd5K\xa5\x11\xcdT\x0dGe9\x92>\x17\x96\xce\x9c\
\x82\xe5s\xa7a\xd5\xfc\xa9\xe8^:\x07\x87\xd6-\xc5\
\xb5\xfb\xd7aLc\x12\x9b&\xb4\xe1\x99\x1e\xde\x91-\
\xc6\xc5\xa3\xcb\xf0\xf4\x89Ux\xfe\xe4\x1aI!_8\
\xd5U\x90\x0e\x99Q/\x9e^\x85\xaf\x5c\xb3\x0eW\xce\
\xac\xc5\xf9\xcd\xd3\xd15<\x89\xb1\x09;\x96\x8e\xa9\xc7\
\xa7\x8fn\xc0\xb7_\xfc\x0c\xde\xfe\xce\xd3\xaaX\xf2\xe3\
K2\x99\xfd.\xdb\x96\x044\x05Y\x118\xdd\x1bR\
\xc1\xd6g\x04\x87g+\xcd\x11\xb9\xb8\xc1\xb2\xc4W\xf2\
\x15\x0eRRLW\xd5%:g\xc0~\xfd\xfdg\xc5\
\xb5\xeb_\xbf\xf5\x18\x9e;\x7f\x08\xfb\x97O\xc0\x9ey\
\xa3\xf1\xd9\xad\x0bp\xe5\xc4J<w|)\x9e:\xb8\
D^h\xba'w i\xafB\xce\xc3\xbb/\xb3D\
\xadL\xc0\x86\xb4\xdf\x8e\x94\x8f\xe7Y\x8b\x8c\x13\xc5\xdc\
\xb52\x1f\xc6\x86l\xdeK\xd2{\x85W't\x16\xf3\
\xd6V#h\xb7\x22\x1d\xf0!\xe6\xf7\xc8\xef\x88^\xf6\
\xa3\xeaS\x987\xac\x11\xd3y&\xd3 \xe3\xb9\x8c\xe9\
\xa2\xaeI\x84K\xd3\x04\xc2\xd6\xaa\x1e'\xb4f0\xb6\
5\x8b\xb6d\x10#\xf2QLhM}2\xc8\x0cg\
4)\x88\x94\x006\x18d\xa5\xe7\xb5A!\x1b\x93\x0d\
\x82\x1a\xcb\xb92QH\xa9\xcf\xc7C\x18\xc7\x91\x98\x5c\
X\xa9.\x84\xf1\xb9\xb0\xc0&\xa9es\x0c\xec\xea\x18\
\xdd\x18\x95\xc6\xce\xca\xf2*8\xedN\x81*\xe0Up\
\xd1\xac\xc4a\xb5\x0a(e\x03\xc0\xf3IU\x0a\x99J\
\x19\xb5\x92\xbe\xc1\xe1J\x8fdL\x17\xf5h6 h\
U\xbcC\xab\xc5\x86\xe5s\xb0n\xd1\x04\xcc\x19\xdb\x8a\
\x1d]\xb3qd\xcbr\xf4l_\x83\x1b\x0fn\xc2\x82\
\xf1C\xd15\xb2\x11O\xf7,\xc7#\x87\xe6\xe3\xb1\xa3\
\x8bq\x91O\xba\x1eF,\xa6\x8d\xab%\x95\xbc|\xb2\
\x0b\xcf\xf7\xae\xc2\xf3\xbd+q\xa9gE\x1f]\xee]\
\x89+'W\xe1KW\xad\xc5\x97\xaf\xdd\x84'\x8e\xaf\
B\xef\xe2Q\x98\x99wcd\xc4\x84\x85CR\xb8n\
\xfb\x22|\xf9\xbeS\xf8\xd1\x9f\xdc\x8b\xf7\xbe\xcb\x11\x9b\
\xcbJ\xec;\xe4E\xb1\xb6\xc0P\xb5q\xf5\xed\x9b\x94\
\xe8F/\x0d^\x88\xbf\xc4&\xdd\x0b\xaa\xd0\xa2\xcbP\
pa*\xc8\xb3!\xff]\x9e\x13\xb9\xac\xfe/\x9f:\
\x87\xab\xb6.\xc0\x94\xfa(\x16\x0eI\xe3\x8e\xed\xf3\xf1\
\xa5S[\xf0\xe2\xf1\xb5\xb8tl9\x9e9\xb6\x04O\
\x1eY\x8cK'\xd7`\xe3\xd8\x0e,\x183\x1c\xab\xa6\
\x8d\xc1\xac\xa1\x0d\xe8\xccFe\xf0\x96\x8ea\x11'#\
\x18\xc7VL\x089\xd9U\xa3.\xfd\xd9\xe3\xca\x94\x9c\
\xd3\x19\xe2\xc7\xc2\xec\x81]\x16N;\xd2A?\x02\x1e\
\x9e\xa9\xb9g\xac\x12\x13[\xea\xe4|6M \xcb`\
ZKZ\xcefr>c3\x84V\x0f\xe0\xf9\x8cp\
q\xe7\xf3\xd8\x968\xc67'1\xa19\x89\x89\x8cb\
\xcd\xc9\x82\xc6\xb1\xb9B\x13\xa7\xfbe\xc2\xbf!&\x12\
K\x0d\x83\xe8\x04 .\x01%\x1aQ\x17**\x1b\xc4\
\xf0\x12\x0d\xcb\x0404]\x04K\x87\xad3\xedC\xd9\
\x88\x8c\x0f#\xb2~\xd1H]u\x81\xe2\xc7\xea\x02\x18\
E\xe5\x82\x18\x9d\x0bat>\x84Qu\xea\xed1\xf5\
a\x8c\xc9\x071\xb15\x83\xf6t\x1c\x16\xb6\xbd\x98\xaa\
\xe0\xf3\xd0XG\xa5\x87\x92\x22z\xdc\xe2\xa5P\x0a\xcc\
\xef\xa2~\x80\x19 \xa3MA\x114\xe5\xb9G\xc8t\
\x0d\x14\xd1\xac\xe5e\xa8\x8b\x85p\xaeg+\xb6\xaf\x98\
\x80\xadK'c\xdd\xdc\x09\xd8\xb8`\x0a6.\x98\x8a\
\xfdk\x17b\xd6\xd8v\xcc\x1b\x92\xc7c\x87V\xe2\xd1\
\x03\x0b\xf1\xc4\x91\xa5x\xea\xd8r<u|\x05\x9e9\
\xceW\xf9U\xb8t\xa2K\xa9\x87\x80\xe9\x90\xe9o\x13\
F\xc2\xa7\x8b\xd1\xad\x0b_\xbef\x03\xbep\xcd\x06\xdc\
\xb3g\x1e\xb6Oj\xc0\xe8`\x0d\x1a\xade\x18\x9b\xf4\
c\xfd\xf4\xa18\xbdu\x1e\x9e\xfa\xf4~\xfc\xef\xe7o\
\xc1\x8f\xff\xec>\xbc\xf5\xdaSR\xa9\xc4\x8f\xaf\x00?\
\xb9\x22\x16\xd7\x1fr\xdf\xf5\xdfi&\xac\x9c\x04\x90\xb6\
.\x9e\xef\x1e\x93\x0b\xf1\xf7^}\x1c\xef\xff\xddc\xf8\
\xcd\x1b\x17\x81\x1f>-\x91\x92F6\xff\xf6\xd2\xe3\xf8\
\xd637\xe1\xfc\x91\xd5X<\xaa\x0e\x19[\x19\xc6$\
\x5c8\xb7n\x0e\xbep\xcdV\x5c9\xb9\x01\x97\x8f\xae\
\xc1\x0bG\xd7\xe0\xd2\xb1\x95x\xfa\xd8R<qx\x11\
\x9e=\xd1\x85\xcd\x13\x86a\xcd\xacI\xd8\xbad\x1a6\
\xcc\x9b\x80\xf5\xf3'b\xc5\x8c1\x985\xba\x1d\x09\xaf\
M\x8co8\xd9\x1ctT\x8b\x18\xc5x'i\x04L\
\xaa\xbcZ\x01\x8a)#SG\xaf\xcb\x22\xbf?\x8f\xd9\
\x84i\x1d\xac62m,\x026\x18d\xd48\x0d\xb2\
\x81\xf4I!\xd3\xed6\x06\x02\xcd\x08\xd9@\x80\xe9\x90\
\x19A#`\x1d)/\xca:\x92n\x99\x9f\xd2\xd5\x99\
\xa2\xbc2\xb8\xa8kh\xda\x8ba\x19_?\x8d |\
\xf5a\xd4G\xbc\xb0\x94WH{K\xd0\xe7\x94Y\x1f\
\x96\xd5\x050\xaf\x07.\x87\xbd\x1f,\xbf\xab\xfa\x01V\
\x02Y\x114n\x86aESI\x8fh\x84L6v\
\xea\x90U\x94\xc9\xa4\xf7\x1f<~\x1b\xf6\xad\x9d\x8a}\
\xeb\xe6\xe2\xc8\xe6\xe58\xd6\xbd\x12\x07\xd7/\xc1\xbe\xb5\
\x8b\xb0i\xe9t\xac\x9f=\x0e\x87\x16\x8f\xc7\xf1\xe5\xe3\
p\xed\xba)8\xbfe\x06\xee\xdd\xb5\x10\x8f\x1dY\x89\
\xa7N\xac\xc1s\xbdk\xf1\x5c\xcfj<\xdb\xd3\x85g\
O\xac\xc2s'VIg\xc8s\x9a.\xf5\x10\xc4R\
\xad\xc4\xa5\x13\xcb\xf1\xe2\xe9\xd5\xf8\xd2\xb5\x1b\xf1d\xcf\
J\x5c\xcb.\x92\x8e\x14\x86\xd0\xaa\xda\x5c\x86\x9c\xbd\x0c\
\x9d\x11\x0b&5\x06\xb1jr#\x8e\xae\x9f\x8c\xf3\xc7\
W\xe3\xe2\xf9\xbd\xf8\xe3\xc7\xcf\xe2\xbb_\xbd\x1d\xff\xf0\
\xcd\xfb\xf0/\x7f\xf30\xfe\x9d\x11\xee5\x16:\x94\xfe\
\xfd\x95\xc7\xf0\xcf\xff\xeb\x01\xfc\xf4O?\x87W_\xb8\
\x15_\xbd\xff\x14\xee\xbd\xaa\x1b\xc77N\xc3\xdc\xe1\x19\
\xd4\xbbM\x08W\x11j\x1f\x8e/\x9f\x88'Oo\xc0\
\x97No\xc2\xa5\xe3k\xf0\x1c\xbf\xa7\x9e5\xb8t|\
\xb5\xdc\x0d>yt\x19\x9e8\xbc\x18O\x1d]\x81\x9d\
3G\xe3\xd0\xc6e\xe8\xdd\xb6\x1c\x87\xd6/\xc0\x9e\x95\
3\xb1c\xe9\x14l\x9a7\x1e\xabgO\x90\xb90\xe5\
\xaf\xa2\xc4\x0e\x1b\xaf\xc5\xa4\x003\x9b\x0a\xd7(\x94\xa3\
\xaaB\x22\x5c\xd2\xefE\x22\xe8\x95\xee\x0d\xa6\xff)\xaf\
\x13s\x866J\x95\xf1\xa3 c\xaa\xc8\xb3\xd9\xf8\xe6\
\xff>\xc8\x8c\xa0\xe9\x80\x19!\x13\xd0\xd2>t\xa6|\
\xc2T\x19\xc7:\xa8\xa6\xa8\xd6u\x1eSj\x8e\xb9\xd0\
\x12w\xa35N#P\xafA\x1a|\xa44\x1b\x11\x83\
\x13v\xbe\xd3:;\xe8s\xc1\xe7u\x8b85\xcd\x08\
\xe6v8\xc4P\xe7\xbfr\x0e\xfb\xa4\xd2\xad\xbe\x95\xa5\
\x1c\x0b \xe5\xa8\xa5\xb8\xdd\xc3T\x01S\x8d:\xa3\x15\
\x8a!\x9aA*G*\xfe\xe6\x0f/\xe0\xd3g6\xa1\
{\xd9d\x1c\xde\xb4\x04\xc76/E\xcf\x96\xe58\xb5\
\xbd\x0bW\xefY\x87\xeb\xf6m\xc4\x99\x1d\xab\xd1\xb3e\
\x19\x8enX\x88c]\xb3ph\xd1D\x1c^8\x1e\
gVN\xc5\xf5kg\xe0\xd3\xdd\xf3\xf0\xe0\xfe\xa5x\
\xfc\xd8j<\xdb\xbb\x16\x97z\xd7\xe22\x9f\xa8\x84\xef\
\x04\xcb\xff\xab\xe4\x0a\xa0\xa0\xe3\xab\xf0\xcc\x89\x15x\xfa\
\xd82\xadj\xb9\x1c\x97O\xad\xc6\xd3=\xabp\xf7\x8e\
\xb988g(\xe67E0<hE\xab\xcf\x84z\
\x9f\x19Y\xb7\x09Y\xa7\x19Yg\x0d\x1a\xfdf\x0cO\
y0\xb9%\x869\xc32X:\xae\x09]S\xda\xb0\
zJ\x1b\xd6Li\xc7\xd21\x8d\x9874\x85\xc9\x0d\
!\x0c\x8b:\xd0\xc4{+{\x0d\x12\x96J\xe4\xed\xd5\
\x98\x9c\x8b`\xff\xe21x\x98W\x12\xa7\xd7\xc9\xd7\xf0\
\xcc\x91\xe5x\xf6\xf8jy\xc1`q\xe7\x99\xe3\xea\xeb\
{\xf2\xc82<yh)\x1e;\xbc\x18\xdb\xe6\x0e\xc7\
\xc1\xf5\x0bqz\xdbR\x9c\xdc\xba\x04=[\x16c\xd7\
\xb2iX=m\x04\xcel_\x8b\x91MY\xd8+\xcb\
\x11\xb0\xf2\x0e\xb2V\x00c\xd5\x8fmt\x9cpV\x8d\
\xdbz\xcb[\x95|.\x0b!\x84,\x14\xa0\x9dE\xb5\
\x8c\xa0\xb4\xa4\xa3\x983\xb4\x01\xd3xU\xd4\x5c\x94\x00\
fh\xed\xa3\xd839\xb19\x81\x09M\xfd!3\xc2\
V\x0a\xd9G\x81\xf5Q\xd2a\x1b\x10\xb0\x94\xaf\xa0\xce\
\xa4\x17e\xd9\x00\xabBJu4\xfb\xa7U\xb2&6\
\xc8\xd6\x8b\x19hQ\x1c\xd3o\x8e:\xe5&\x9b\xfe\x19\
\xe6\xaa\x0a\x04=\xdc\xf4\xee\x92UG^\x8fK\xc4(\
\xe6\xf9o\x04\x8c2B&\xbe\xfa\x9aA*\xcb\xf95\
5\x0a2su\xa5\xb4]Y$\xa2U\xc9\x86\x18k\
U\x05^\xfa\xfac\xf8\xd6\x17\xee\xc4\xfa\x85c\x04\xb2\
#\x1b\x97\xa0\xb7{\x05No\xef\xc2\xd9\x9dkp\xf5\
\xeeu\xb8v\xdfF\x5cw`\x13n<\xd8\x8d\x9b\x0e\
n\xc5M\xfb\xb7\xe0\xfa\xdd\x1bpU\xf7*\xf4\xac\x99\
\x8f\xa3\xcbf\xe0\xc4\xb2\xa98\xb9l\x0aN-\x9f\x80\
\x1b\xd7O\xc7\x9d\xdb\xe6\xe1\xde=\x8b\xf0\xc8\xe1\x15\xb8\
x\xac\x0b\xcf\xf40\xea\xad\xc13'\xba\x04\xb4\xa7\x8f\
\xae\xc4\x93\x87\x97\xe3\xe2\xa1e\xb8x\x90Z*z\xe6\
\xd8\x0a)\xac\x5c<\xb2\x0a7\xaf\x99\x86\xad\xe3\x9b0\
!\xebEK\xd8\x8e\xa6\x90\x0bm\xd1\x00\xdac!\xb4\
F\xfch\x0az\xd0\x14\xf4\xa29\xe8Ec\xc0\x8dF\
\xbf\x0b\x8d~7\x9a\x83\x1e\xb4\x86i\xbb\xe6\x97?\xab\
\xf7\xba\xd1\xecwaZC\x1c\x87\x17\x8c\xc4}\x87V\
\xe0\xc9\xd3\xab\xf1\xc4\xd1\xc5x\xe2\x10\xa3\xd4r<{\
\x8c\x11x\x8d\xa4\x85L\x85\x09\x1e\xcfbO\x1c^\x22\
\x80=|h\x89\x98\xc1\xee[\xb7\x10\x87\xd6\xce\xc3\xce\
\xa5\xd3\xb1y\xee\x04l]8\x05G\xd7/\xc0m\xc7\
\xb7clK\x0e\xf6\xca2\xf8\xcc&\x91D\xb0A \
\x93!\xdb\xaa\x0a\x11\x8d\x91\xd8\x8b\xe8\xf39P]\xc3\
\xb6\xb9\x0a\x8cm\xcaanG\xae\x1fd\x03\x82\xc6\xd4\
\x91\xe7\xb2A@3BVz\x16\xfb\xb8HV\xaa\xd2\
\xb3\x98\x11.\x82\xa5\x8b\x06\xbae1\xaf\x05\x14'8\
9`\x96\xf4\xdb\x91\x0c\xd8\x91\xe2R\xec\xa0\x03\xe9\x80\
\x03\x99\xa0S\x94\x0d)\xa5\x02N8-\xd5\xd2\xba\xc4\
\x85\xe9\x14Ga|n'<n\x05\x9a\xcb\xf9\xdf\x0b\
\x18E\xc8\xfaF3e\x90jb\xd5\x91\xb3p,\x84\
\xc8\x06\xc6\x0a\xd5\xado\xaa\x92\xd4\x91U\xc9[z\xb7\
\xe2{\xdfx\x10'\xb6/\xc2\x81\x0d\x8bpb\xeb\x0a\
\x9c\xda\xb6J\xa2\xd7U\xbb\xd6\x0ad\x8cf7\x1c\xd8\
\x8cs\x87\xbaq#up\x8b<\x9e#t\xfb7\xe1\
\x96\x03\x9bq\xf3\xfe\xcd8\xb7k\x1d\xcen[\x89\x13\
\x9b\x16\xe1\xc8\x9a9\xd8\xbft\x0a\x8e\xac\x98\x8a\x93k\
\xa6\xe3\xf4\x9ai\xb8f\xedt\xdc\xb4i6\xee\xda\xb1\
\x10\x0f\xec^\x8c\x87\xf7,\xc1c\xfb\x97\xe1\xe2\x81\xe5\
x\xe2\xe0\x0a\x5c<\xb0\x12\x17\x0f\xf0q\x05\x9e8\xb0\
\x02O\x1f\xe9\xc2\xd3GW\xe1\xde=\x0b\xd0\xbb|\x0c\
V\x8e\xceat\xc6\x87f\xbf\x1d\x8d>N\x09\xf8\xd0\
\x1e\xf5\xa3#\x1a(\xa8=\xe2GK\xc8\x83\x06\x9fC\
\xc0\x1a\x95\x8a`\xed\xf86\x5c\xb7a6\x1e=\xbe\x1a\
O\x9fZ\x89G\x8f.\xc6\x85\xfdK\xf1\xd8\xde%x\
\xe2\xd0R<ud9\x9e9\xb2\x0a\xcf\x1e[\x8d\xe7\
N\xa8\xb4\x97\xa0=yd)\x1e\xd9\xb7\x10wn\x9d\
\x8b\xab\x97O\xc2\xf2\xd1\xad\xd8\xbc`2v-\x9d\x81\
\xc3k\x17\xa1w\xf3J\x9c\xde\xda\x85\xc3kg\xe1\xce\
\xd3\xbb\xd1\x91\x89\xc2)^\x98\xea\x0eR\xce`2\xe1\
\xac\xa4\x03fl{\xb3U\x94\xc1e\xa9Q\x9e\x9a!\
/\x5c.\x8b\xfc\x0e\xfdV\x8b\xf8\xc1\xccd)\xbf\x04\
\xb2\xc1@\x9b8\x00\x5c\xc6t\xb14M\xfcm!\xd3\
\xd3\xc5\xd2(f\x04\xcb\xa8\xb2\xa0\xcb\x82\xa0\xcb*c\
\xdc!\xb7\x0da\x0feG\xd4\xe7@\xd4\xef\x94\xeef\
*\xeasJ\xb4\xf2\xb3G\xb0\xaaB\xb6a\xd0N\x8b\
\xbdcli\xa2\x08\x17SE\x97\xab\x08\xd8\xef\xaaR\
\x80>\x99\x14d:h\x84\x8c\xaf\x86\xb4b\xae\xa9\xae\
BMu%L\xd5zDS\xfd\x8d\x8c\xc4|\x85\xfd\
\xc2\xa3\xb7\xe1o\xbe\xfcY\xdct|\x13\x96O\x1b\x81\
\xdd+gK\xbax\xed\x9e\xf5\xb8v\xef\x06\xd1\xf5\xfb\
7\x09`7\x1f\xd9V\x10\xdf\x17\xe8\x08\xda\xa1\xcd\xb8\
\xe9\xd0F\xdctP\xe9\xe6C\x9bp\xeb\x91-\xb8\xe5\
\xd0f\x9c\xdb\xbf\x01\xd7\xefY\x83\xb3\xdb\x96\xe3\xc4\xfa\
\xf98\xbaz\x16\x0e\xaf\x9c\x8e#\xcb\xa7\xe0\xf0\xd2\x89\
8\xb2h,N,\x1e\x873+&\xe1\xeaUSp\
\xdd\xeai8\xb7v\x06n[?\x13\xb7o\x9a\x85\xbb\
\xb6\xce\xc1\xe7w\xcf\xc7\xa3\x87\x96\xe2\xf1\xc3\xcbp\xc7\
\xceE8\xb5j2\xd6\x8ek\xc2\xc4|\x18\x1d\x11\x17\
\x9a\x83v4\x07l\xb2\xecph\xd2\x8f\xe9m\x19\xac\
\x9f\xdc\x89\xb3\xebf\xe1\xb3\xfb\x96\xe3\xa9S]x\xaa\
w\x85\x14n\x1e=\xb4D\xae#\x1e\xdd\xbf\x14\x17\x0e\
(=\xb2o\x09\xee\xdf\xbd\x08\xf7\xeeX\x80\xbb\xba\xe7\
\xe2\xd6\xf53p\xdd\xaaI\xe8]4\x06=\x8b\xc6\xe0\
\xcc\x8ai\xe8]5\x1d\xd7l_\x86\xeb\xf7t\xe1\x86\
=kp\xf5\xae\xd5\xe8\xdd\xbc\x1c=\x9b\x96\xe1\xe8\xba\
\xf9x\xf8\xd6\xd3b.\xe3bCv\x0d\xbbjT\xaf\
(}:\x9c2\xe5\xac\xfc:\xfaK5\xff\xfa\xd8\xa4\
\x1d\xf2\x22L{\x01{\xadt\x0a\xe5C\x01\xcc\x1b\xd2\
\x84\xe9\x03@6\x10h\x14#\xda@\x90\x0dt\x16\x1b\
\x08\xb2\xd23X\xa9J\xcfc\xc6\x08\xd6\x0f2\xa7\xd5\
$c\x22\x03\xc9a\xa9\x15'\x1f\xae\x9a\xe1\x93U\x9e\
\xfcee\xe2P\xc5\xd2<SB\x1d0\x91\xd7\x0d\xb7\
\xcb!\xee\xc1\xa5\xd0\xfc\xb6\xea\x0f\xd0'Q)d\x15\
\x22\x8e\xd1TW\x134M\x84K\x8bff\xda\x15\x98\
\xaa\xf1\xad/?\x8c\x0f\xff\xf1\x1b\xf8\xd9\xcb_\xc2\xb1\
\xcd\xcb\xb0a\xeexl\x9e?\x01\x9b\xe7M\xc0\x9e\x15\
\xb3$ud$\xbb\xe5\xe8v\xdcvb\x97<\x12\xb2\
\x9b\x0eo-\xe8\xe6\xa3[p\xd3\xd1M\x9a6\xe3\xe6\
\xa3\x9bq\xcb\xb1-\xb8\xf5\xe8f\xdcJ\xe0\x0em\xc2\
\xa7\x0eo.\xe8\x96C\x9bp\xf3A\xa5\xeb\xf7\xac\xc5\
\xd5;V\x8a\xae\xda\xbe\x1c\xa7\xb7,\xc6\x89\xf5\xf3p\
b\xcd,\xf4\xac\x9e\x8e\xde\xae\xa98\xd95\x1d=]\
\xd3\xd0\xb3j<\xcevM\xc1u\xebg\xe1\xdc\xa6Y\
\xb8j\xcd4\xec_8\x1a\xdbf\x0c\x91\xbb\xad=s\
G\xe2\xe8\xb2I\xb8f\xd3<\xdc\xd2=\x177m\x9c\
\x86kV\x8e\xc6\x99\x95cpf\x15\xcf\x90\x13$\x9d\
=\xb9l\x02N.\x9f\x88\x93+&\x8bzWM\xc5\
\xf1\x15Spl\xd9d\x1c[>\x15=kf\xe3\xf4\
\xc6\x05\xb8z\xebR\x9c\xdb\xbb\x06\xb7\xee[\x8b[\xf6\
\xaf\xc5M\xfb\xd7\xe2\xc6\xbd\xabq\xfd\x9e\xd5\xb8fg\
\x17No]\x81c\x1b\x16\xe3\xd6#\xdd\xb8t\xdfm\
pY\xab\x94}\x80\x06\x99\xcb\xa4\x5c\xc4J!\xe3\x10\
\xa6\x1143w\x8aU\x97#\xe4s\x22\x1a\xa2+\xb5\
\x13\xb5\xb5\x950U\x94ad}\x06s:\xf2\x98J\
\xb0\xd8Z\xf51\xa0\x0d\x04\xd9@\x05\x8f\xc1\xa2W)\
T\x03\xa9\x14\xb4\xd2\xb4QW\x99\xee\xe4kt\xf3\x95\
'\xb9A|\xbf\xaa\xaa\x12\xe6Z\x13\x1c\x0e+\xfcZ\
i\xde\xefV\x8d\xb9\x14#\x9a\xdb\xa9\x00\xd3\x9f\xf4\xa5\
\xe0\xfc6\xea\x0f\xd0'\x91n[\xa0\xd91WT\x88\
G\x88\xc0V]\xa9`\xab\xaa\xd0\x22\x9a:\x9b1\x92\
\xd9\xab\xab\xf0\x97_|\x00o\xfd\xe4+x\xeb\xa7\x7f\
\x82\xcb\xf7\xdf\x84\xdd\xab\xe6\xa0w\xfb*\x1c\xd9\xb4\x04\
{\xbb\xe6`\xeb\xe2)\xd8\xbex*\xf6w\xcd\xc5\xf1\
\x8dK%\xb2\x112\x02G\xddzl\x07n9\xd6-\
\xa0\x11.]\xb7\x1e\xef\xc6\xadG\xb7\xf4\x81\xeb\xa3t\
\xfeH7>}l+n?\xbe\x0d\xb7\x9f\xd8\x8e;\
Nl\x97\xc7O\x1f\xdf\x8e\xf3\xc7\xb6\x8a>u\xa4[\
\x80\xbd\xf9\xc0z\x9c\xdb\xb7\x16\xe7\xf6\xac\xc6\xcd{\xd7\
\xe0\xda\xadK\xb1k\xee\x18\x9c\xdb\xbe\x087lY\x80\
\x1b\xb6\xcc\xc7\xb9m\x8bq\xe3\xd6\xc5\xb8\xa1{!\xce\
m[\x82\x1bw,\xc7\x8d;W\xe1\xdc\xee.\xf9;\
\xb7\xee\xdf \xba\xe5\x00\xbf\x9f\xcd\xb8\xf9\xd8\x16\xdc|\
|\x8b<\xdetl3\xce\x1d\xdd\x8csG6\xe2\xdc\
\xe1\x8d\xb8e\xffz\xd1\x8d\xfb\xd7\xe3\xba\xbdkp\xcd\
\xee.\x5c\xb3[E\xb3\x13\x9b\x96\xe0\xe6C\x9bq`\
\xcb\x0a\xb9\x9ft\xd7*\xc0\x8c\x90\x19\xcfb\x03AF\
\xc0\xb8\x81\xc5i\xa9A8\xe0\x96*\xb5\xc7m\x93\x02\
\x96\xcbb\xc2\x94\xf6\x06\xccl\xcd\xa8^\xc6\x12\xc8J\
A3Bf<\x8f\x95\x16<~[\xb0Je\x84l\
 \xe0\xa82\x9b\xd5\x0c\xcaj5\xc3b\xae\x85\xd5b\
\x86\xddf\x85\xd3n\x83\xc7a\x87\xd7\xa5\xceZ\xac\x16\
\x06x\xb9L\xc0\xdc\xaa\xb0A\xd8\x08\x1a\xef\xc5\xbcn\
\xa7\xa4e\x04\xe4\xbf\x9a*R\xfd\x01\xd26\xc4\xf4\xb3\
\xfd.\xfd\x1c\xedQ+\xf7W\x96U\xc8z\x9c\x8a\xea\
JTVW\xa0\xaaJ\xefk\xac\x80\x85\xbf\xd8\xcar\
X+\xca\xf1\xcd/=\x84w\x7f\xf2\x87\xf8\x97\xd7\xbf\
\x84\x9f\x7f\xfb\x0fpz\xe7\x1a\x1c\x5c\xbfH@;\xbd\
k\x0d\xce\xee]\x8f\xab\xf6\xae\xc7\xa9\x9d\xabqt\xd3\
\x12\x1c\x5c\xb7\x00\xbb\x96\xcf\xc4\x815\xf3%\xad<\xb3\
\xbd\x0b\xe7\x0em\xc1\xf9\xde]8\x7fr'>ub\
\x9b\x02\xecD7>ub+>u\x9c\xea\xc6m\xc7\
\xb7\xe2|\xcf6\xa5\x13\xdb\x04(%\xc2\xa5\x01\xa6C\
fP\xe1\xf3\x8ew\xe3\xf6\x13Jw\x9c\xe8\xc6\x9d\xc7\
\x95\xee\xea\xd9&\x90\x1e[;\x17w\xf2\xff8\xbc^\
t\xc7\xb1\xcd\xb8\xbbg+>s\xa2\x1bw\xf1\xef\x1e\
\xdb\x82\xf3G7\xe3\xb6#J\xe7\x8fv\xe36\x82{\
\xac[\xbe\xde[\x8ew\x0bd\x8c\xc47\x1e\xd9\x84\x1b\
\x8f*\x9dc\x1a\xbc\x7f=n\xda\xb7\x1e\xe7\xf6\xaf\xc7\
\xcd\x077\xe0\xc6\x03\x1b\xd0\xbbm\x15v\xaf\x9a\x8be\
\x93\x87\xe1\xa1\x9b\x8e\xe0\x99\x07n\x83\x95P\xb0e\xad\
\xa6ZZ\xd7\xd8\x98\xcd\xeb\x92\xd2\x14\x91S\x12l\xe0\
\xd6\xc5\xacB\xf6;W\x96I)\x9f\xd7A\x94\xdbf\
\x92\x16=zy\xcc\x19\xd6\x84\xa9\xad\xc5i\xfc>\xc0\
}B\xc8\xf4\x08\xc6\xc7\xc1 \x1b\xec\xe3F\x95\xde\x97\
\x95\x96\xf5\x0b\x90\xe9\x85\x0a\x9e\xa5\xf4\xc7\x80\x9f#\xfd\
^\xb9\xe3*H\x8b^\xba\x040\x96\xea\xbd\x1e8\x1c\
6\x89tF8J\xa1\xf9mU\x0a\x8f\x11\xb4\xd2\x8f\
\x0d\xf4\xe7\x85G\xde\xa3qiEU9\xaaX\xcag\
JRU.UE\xfe\xa2\x9d\x95\x95r\xb7v\xcb\xa9\
\xdd\xf8\xcd?\xfd\x15>\xfc\x87?\xc1\x87\xff\xf8\xe7\xf8\
\xa3g\xee\xc6\xce\x153qb\xeb2)\x82\x9c\xdc\xd1\
\x853\xbb\xd7\xe2\xba\x83\x9bp\xee\xe86\xdcp\xb8\x1b\
\xd7\x1d\xda,\x1f\xeb\xd9\xb6R`\xdb\xb3r6\xf6\xae\
\x9c\x8dS\xdbV\xe0\xba\xfd\xebp\xd3\x91M\xb8\xadg\
\x1bn?\xb5Ct\xbew\xbb\xd2I\xed\xb1WE)\
F\xabR\xdd\xd9\xb3\xa3\x8f\x0a\x7f\xd6\xb3\x0dw\x9e\xec\
V\xea\xe9\xc6gNlQ\xea\xe9\xc6mG6\xe1\xf8\
\xday\xb8\xbbg;\xee8\xbeYt'\xff\xac\x97\x10\
n\xc5\x1d'\xb6\xe2\x8e\xe3\xdd\x22\xc2\xf6\xe9\xa3\x9b\x05\
\xda\xf3\xc7\xb7\xe26\xfdEA\x17#\x1a\xa3\xf1\xf1-\
\x92\xf2\x12B\x02\xc9\x08z\xcd\x8e\x95\x02\xf3\xb6\x05\x13\
\xb1~\xdeDl^<M*\xb2\xff\xf1\xfa\xd7p\xe9\
\x81s\xa8eCxM\x95\xb8\x87I\xe5\xb0\xdf\xf9\xab\
\x08\x99^\x88\xa2\xf4\x05\xeal$`\xf5\x97nT\x84\
\xcc\xef\xb1\xcb\xef\x8b\xfd\x8dC\xf3\x09\xcc\x1eV\x8f\x19\
\x9dYL\xef\xc8`Z\x1b\xef\xce\x92*\x8d\x14\x0d\x0c\
\x99\xb1\xaa\xa8\xc3\xf3Q\x91l\xb0\x8f\x1b\x01+\x8d^\
\xa5\x90\xe9*#X\x04\x8dg)\xbd\xfc\xeea)\xde\
\xad\xa2\x93\x8f\x91J\x7f\xf4(\xd7`\x02\xa6\xff=\xab\
\xa5V\x9e\xc4\xa5`\x94B\xf3\xbb\xaa\x14\xa2\x8f\xd3\xc0\
\x10\xaa\x959\xb5\x15\xaa\x5c\xef\xa8\xaa\x84\x8b\xedTU\
U\x22[e%\xbc\x0e+\x16\xcf\x9e\x8a\x07\xef\xb8\x1a\
o|\xf3i|\xf8\x8b\xbf\xc0\xe7n\xd8\x83\x83\xeb\xe7\
\xe0X7\xab\x8d\xcbpr\xc7J\x9c\xdd\xb3F\x22\x1a\
u\xddA\xbe\xdao\xc5\xcd\xc7w\xe0\xd6\x9e]\xb8\xe9\
\xd8v\x5c\xbdo\x03N\xed\xe8\xc2\xf1-\xcb\xb0g\xd5\
,\x1cZ7\x1f\xbd\xddKqj\xfb2\x5c\xb7\x7f-\
n>\xb2\x09\x9f\xee\xdd\x8e;\xcf\xec\xc2]gv\xe3\
\xee\xd3\xbbq\xf7\xa9\xdd\xf8\xcc\xc9]\xf8L\xef.\xdc\
\xd5\xbb\x13w\xf5\xec\x90\xf7\x0b\x1f\xd7\xde\x16\x9d\xde\x85\
\xcf\x9e\xd9\xa1tz\x07>wj\xbb\xe8\x9e\xd3\x84q\
\xbb\x14U\xee=\xb3[>\xf6\xd9S\xdbq\xf7\xc9m\
\x9a\xb6\xe3\xae\xdem\xb8\xb3g[\xe1\xf1N\x82\xd7\xbb\
\x0d\xb7\x9f\xdc\x86\xdb{w\xc8\x0b\x02\xa5\xbf\x00\xf0m\
\xc2v\xe3\x81\xf58\xd5\xbd\x04\x87\xd6\xcc\xc6\xce%\x93\
\xb0}\xd1\x04\x1c\xe8\x9a\x89\xe3\x9b\x17\xe3\xd4\xce.\x1c\
\x5c3\x1b\xf7_\xbb\x0f\xf8?\xdf\xc4]\xe7\x0e\xc1T\
V\x86\xa9\x8d\x19\x0c\x8fy\x10d\x94*/\x83\xa5\xb2\
ojX\x0a\x99\x0e\x98\x114\x97\x9d{\xefT4\xa3\
c0\xb3\x0e6z\xd3\x22\xa0%\x19\x94\x19\xb0q\x8c\
fC\xd8\x94\x9e\x13\xf0\xd8\xa4\xceH7\xb1%\x85\x09\
-\x0a0\x1d8\xbd\xf01X\xb1C\x07\xaf4\x95,\
\x05l\xa0\x8f\xe9\xe0\x95F4\x89d\x84\x8b\xd2#\x9a\
\x0e\x8f.\xfdc\x12\xe9\xb4h\xc7\xcf\xe7Rk\xa6a\
\x0a\x04]\xc5'v),\xff\x15\xf5\x87f`\xe9\x16\
r\x85\xff_\xfb\x9a\xe8{n\xe1\x82\x81\x8a*\xb8+\
\xab\xe1\xad\xaa\x86\xbf\xb2\x0a\xfe\xcaj\xf8*\xab$]\
\x8c\x86\x02\x08\xf8=p\xd8mh\xcc\xa5\xb1y\xf5l\
\x5c\x7fb\x1b\xba\x97\xcd\xc2\xe1\xcdKpf\xd7*\x9c\
\xde\xdd%\xa9\xe3\xa9\x9dk$\x82]\xb3\x7f#\xae=\
\xb0I`\xa3\xae?\xb4E\xa2\x1ca\xbb\xe5\xc4N\x81\
\xef\xc6\xc3[q\xd5\x9e\xf58\xd1\xbdB\xd2LvH\
\xec[=\x17\x07\xd6\xce\xc1\x91\x0d\xf3qz;+\x98\
\xabq\xfd\xde5\xb8q\xff:\xdczd\x93\xa4\x91w\
\xf6\x12\xa2=\xf8\xdc\xd9\xbd\xb8\xf7\xaa\xfd\xf8\xfc\xd5\x07\
\xe4\xf1\x9e\xb3{q\xcfU{4\xed\xc6=gw\x8a\
\xee\xbd\x8a0\xeeD\xef\x86\x05\xb8\xff\xaa\xbd\xb8\xf7\xec\
.\xdcsv\x17>wf\xa7\x00y\xcfU\xbbp\xef\
\xd5{\xf1\xb9\xb3\xbbE\x9f=\xb3\x0b\x9f9\xb5\x03w\
2\xaa2Z\x1d\xde\x80s\x07\xd6\xe1\xea=\xab\xd0\xb3\
c)\x8elZ\x84}k\xe7a\xf7\xaaY\xd8\xbdj\
&\xf6u\xcd\xc2\x89-\x8bq\xf5\xee\xd5\xb8~?+\
\xaekqfg\x17\x8ew/\xc7\xde\x15S\xf1\x17\x97\
\xce\x03\xbf\xfck\xf4\x1e\xec\x96H\xb6~X\x06\xbb\xc7\
f\xb1\xba=\x82\xf1I\x17B\xe6jI\xf9\x18\x8d\xec\
\x86\xe86\x18`2\xe1^S!p\x11\xb2\x80\xcf\x01\
\xa7\xb5\xa6\xb0\x92V6f\xd2\x83\xb3\xaaR\xf6\x84\xa7\
\x03.q\x91\xe2\xb2\xca\xd1\x0dl\x06\xe6\xa8KJv\
7\xd0\x9dzj[\x06\x93\xf9>\x81kJ`|c\
B\x1c\x8c\x8di\xe4\xa8\x01\xa0\x1bH\x83\xc1V\xfa\xe7\
:h\x02\x99\x1e\xc9\x5cN\xbb<\xea\x1f\xa3\xf81\xa6\
\x83<\xb3\x99\xcd&\x98L\xd5\xa8\xacT\xd1a`\xfd\
\xfe!\xa3J\x81\x1aH\xca;\x9f\xce\xc6<\x8b)\xd5\
\x94W\xc0Z^\x09WE\x15\xbc\x15\x84\xcb\x84@\x85\
\x09\xc1\x8a*\x04\xcb\xab\x10\xa8\xa8\x82\xb5\xbc\x1c\xe1\x90\
\x1f\x99\xba\x04\x92\x998\x22\xf10\x9c\x1e\x07\xfc\x01/\
\x92\xe1 r!?\xa6\x0dk\xc3\xdaySqd\xf3\
\x0a\x89V\xd7\x1f\xdc\x82\xeb\x0fn\x16\xc8\xf8>#\xdb\
\xd5{7\x08x\x04\x8e\xe9\xe4\xb9\xa3[\x05:\xc2\xf6\
\xa9\xde\xdd\x22\x89x\xc7w\xc8\xe7\x9c\xdd\xbdV`\xbd\
j\xcfZiQ:\xbai!\x0e\xb3\xbc\xbfa\x01\x8e\
oX\x80\x93\x9b\x16\xe1\x14\xa3\xc5\xe6\xc5\xb8q\xcfZ\
I\x17\xef\xbf\xf6\x90A\x07\xf1\xf9k\xf6\xe2\xf3\xd7\xec\
\xc1}\xd7\xee\xc5\xdd\xa7w\xe0\xf4\xe6Ex\xf8\xbaC\
\xf8\xfc\xd5\xbb\x05\xac{\xae\xde-\x7f~G\xcf\x16\x1c\
[7\x1b=\x1b\xe7\xe1\xe4\xe6\x05\xe8\xdd4_\xde>\
\xbe~\x0e\x8e\xaf\x9b#\x7f\xd6\xbbi\x1ez\xbb\x17\xa2\
w\xd7R\x9c\xdd\xcb\xd4\xb8\x1b7\x1e\xd9./\x1a7\
\x1f\xed\xc6\x0dL\x15\xf7\xad\xc3U\xbbW\xcb\xd7{\xa2\
{)\xf6\xad\x99\x8f\xf3'6\xe3\x83\x9f}\x0d\xaf\xfe\
\xf1\xc3\xe8\xac\xcf\x22Z[\x83-\xa3\xe2\xd862\x8c\
\xed\xa3\xa3\xd8=.\x81\xcd#\xe2\x98\x94\xf1\xcb\x00,\
#\x9d\xa5\xbc\x5c\x9a\x81\x07\x03L\x97\xa5\xa6B\xd2E\
\x16B\xf8\xe8\xe6bv\xab\x05\x0e\xb3\x196\x93IF\
\xa9\xaa\xe5w\xad\xe0\xe3\xf4Gmy9,U\xb4\x05\
\xac\x92\xedC-\x09\xae\x04cd\xab\xc3T^l\xb7\
\xd3\xce0\x8d\xc9\xadiLi%|iLb\xe4k\
N\x09\x80c\xd9\x99\xff\x09\x9a\x85K?>\x18\x9ce\
L\xf7<n\x05\x15\xdf\xae\xaab\xd9\xbbR\xceX\x8c\
T\x04\x87\x11\xa1\xff\x93^-\xea\xeb\x0f\x99\x02\xa2\xf4\
\xf3\x7f\x1f*\x85\xaaTz/#\x17\x09\xd4\x96U\xc2\
ZV\x05g\x85\x09\xbe\xcaZ\xf8+j\x10\xa4\xcaM\
\x08\x95\x9b\x10.\xafA\xb8\xbcZ \xb3\x95\x97#\xc8\
u\xa9\xd9\x04\x92\xe9XQ\x99\x18\xb2\xd94|\x0e\xbb\
\x9a\xec.+C\xc8fAG:\x86\xf9\xe3\x86a\xdb\
\xb2\xd98\xde\xbd\x12\xd7\xee\xdf$\x11\x8b\xd0]\xb3o\
\xa3\x02n\x9f\x02NE\xbaM\x12\xe5\x08\x1eUL1\
w\xe3\xb6\x93{q\xfe\xd4>\xdc~f?\xee\xba\xea\
 \xee>\xb3\x1f\xf7\x9e\xde\x8f{N\xef\xc7gO\xee\
\xc5\xdd\xbd{p\xfe\xc86\xdcz`3n\xe4\x85\xf8\
\xce\xd5x\xf8\xc6\xa3\xb8\xff\xda\xc3x\xe0\xbaC\xb8\xef\
\xda}\xa2\xfb\xaf\xdb'\x90\x9d\xe9^\x82\x0b7\x1c\xc1\
\xfd\x1a|:\x80\xc7\xd7\xcf\xc2\x8d\xfbV\xe3\xce\xdem\
\xb8\xa3g\xab<\xde\xc5\x14\xf2\xe4v\x89h\xba\xee<\
\xbd\x03\xe7O\xf2|\xb6\x1d\xb7\x1c\xdd!\xf7\x7f\xbc\x1f\
d\xe4\xbajw\x17\xce\xec\xe4\x05\xfdJ\x9c\xd8\xbe\x1a\
G\xb6\xaf\xc1\xce\x0d\xf3\xf0\xc0m\xbd8\x7fj\x17\x86\
7Fa7U\xa3\xde\xeb\xc2\xee\x89u\xd81&\x86\
\xedc\xe2\xd8>&\x86]\xe3\x12\xd8?)\x8d\xed\xe3\
2\x98\x9e\x0f\xc1o\xaaV@|\x04`\x22Z\x0cT\
UH\xea\xc83\x1a\x9d\xc9\xfa\xd4\x0a\xb4b\x1c\x8f4\
^\x97]\xd6y9\xa4\x90W\x0b\x13w\xdcU\xd0\x89\
\xbaL\xc0vV\xab9\xb6l\xd0-\x03\xb9\xc3\xf3q\
\x8ck\xc9\xc8\xb2\x93\xe9\x9d4\xef\xc9\x0ax\x93Z\xd2\
\x98\xd8\x9c\xc2\xb8\x86\xb8\xac\x15\x1b\xf9\x11@\x95\xde\xb5\
\x0d\x94\x86\x96\xc9\xbd\x17\xdb^\xb4hVkR\xcb\xf7\
\x0aOl\x0d\xa8\xfeO\xf8\x8fV\xe9\xe7\xff>T\x0a\
\x95\xc0\xcc\xf3\xa06>\xc3\xcf!d\x04\xccQV\x0d\
o\x85\x09\x81J3B\x95\x16\x84+j\x11\x16\xb8\x94\
\x22\xe5\xea\xfd@e\xb5@\x16\xf0\xb9\x91\xadK\x22\x95\
\x89\x8b\xd2\xdac&\x9bB\xbe\xae\x0e.\x87\x135U\
U\xa8\xadT;\x00\x98\xae\x88\xff\x9f\xdd\x8a\xd6d\x14\
\xd3\x86\xb7\xa1k\xd6D\xec[\xbb\x18'w\xac\xc5\xd5\
\xfb\x08V\xb7\xc0u\xdd\x81\xcd\x02\x1c\xc1\xbbz\xdfz\
\x5c{`#\xae;\xb4E`\x93(q|\x87\xa4\x97\
\xb7\x9e\xd8\x89O\xf7\xec\xc6g{\xf7\xe1\x9e\xd3\xfbp\
\xef\xd9\xbd\xb8\xef\xaa\xfd\xb8\xff\xeaCx\xf8\xfa\xe3\xb8\
x\xcbi\x9c\xd9\xbc\x0c\xf7\x9c\xdd\x8f\x07\xaf?\x8a\x07\
\xaf?\x8c\x07n\xd8/z\xe8\xc6\x03\xf8\xcc\xa9\xed8\
\xdb\xbd\x18\x17\x08\xa1!\xc2}\xe6\xd46\x9c\xda\xb2\x00\
\xf7]\xbb_\xd2L=]\xbc\xfb\xf4N\x81\x8c\xc0I\
\xc5\xf2\xf8\x16\xdcv\x8cW\x0f\x9bp\xfd\xc1\x0d\xb8v\
\x9f\xba\x84\xbff\xefz\x5c\xb3w\x1d\xae\xda\xbf\x0e\xa7\
\xf7\xac\xc6\xe1\xcd\x8b\xb1q\xd9,L\x1e\xd5\x81\x96,\
\xbd\xe5\xc3b\x9b\x9e\xcdDeyC\xce\xed\xc0\xba!\
1\xec\x1c\x9d\xc0\xee\xf1)\xec\x1c\x9b\xc4\x0e\x11\xa3Z\
\x0c\x87\xa7\xe5\xb0m|\x1eM\x01\xa7<\xbf$5\xd4\
 \xab)\x85L[\xaa\xce4\x91~\x1e4\xb1e\x13\
D\xd0P\x98+\x16\xe4\xd4\xf9-\xe8s\xc0\xe7u\xc0\
\xe3\xa1\xecp\xd8\xcd\xb0\x99k\xe4\xef\xd3-Xe9\
\x15*\xcb\xe1\xd1\xc1nC}\x94V\x02\x09Lj\xcb\
bZgN\xd2\xca\xb1\xf5\xb1\xfe\x90\xd5)\xe9{\xfd\
t\xe9\x11n\xb8((\x8fC3\x01i\xb6/\xe3\x19\
\x84O\xce\xea\xea*\xf1\x03'h}\x8b\x19\x8cX\x83\
G\xa6>O\xf8\x01\xfe\xfc\xff\xb9\x0ap\xb1\xb8A\x87\
\xd9*8\xcbk\x10\x10\x88\xcc\x08\x89\x08\x99\x06Z\x89\
\x08\x99\xbd\xac\x1c>\xaf\x13u\xb9\x94D3\x8a\xc0\xd5\
\xe5\xd2\xa8\xab\xcb\xa0!_\x8f\x5c\xb6N\x16\x1d\x9a\xaa\
\xaa`\xa9\xa9\x96\x9d\xc3|\xa4o\x89~N\xa8\xa1\xbb\
m\xad\x091\xaf\x1b-\xa98&\x0fk\xc7\x92\xa9\xe3\
\xb0~\xc1\x0c\xec]\xbb\x14'\xb6\xad\x11\xf8n:\xb6\
\x0d\x9f\xeaa\xa9\x7f7n\xeb\xdd\x83O\xf5\xec\x16\xc0\
n\xed\xd9\x89\xf3\xbd\xbbq\xd7\xc9\xbdr\x1e\xe3\x99J\
\xce[W\xef\x91\xf4\xf0\xb1\x9bNJ4\xe3\x9f=|\
\xe31<t\xc3\x11<x\xe3~\xd1\xc37\x1d\xc4]\
'\xb7\xe2\xec\xb6\xc5x\xf4\xdc1)D\xe8\x90\xdd\xd9\
\xdb\x8d\xabw,\xc1\xfd\xd7\xed/\x9c\xcb\x08\x18#\x17\
!cd\xbb\xfd\xc4\x16\xd1\xf9c\x9b\xa5\xa4\x7fKO\
7n8\xba\x09\xd7\x1e\xdc\x80\x9e\xed\xab\xb0c\xc5\x1c\
,\x9e6\x16\xa3\x9a\x95\x1d\x83\xc3T)\xdf3;\x81\
ru)ds9\xe4s\x09\xb1\xe6k\xf4{\xb0q\
X\x16+\xea\x03\xd8\xd8\x1e\xc1\x9eqY\xec\x9f\x94\xc3\
\x9e\x89q\xec\x99\x10\xc3\x9e\x09\x09\x1c\x9a\x9a\xc3\xc1\xe9\
\xcd\xe8\x8cx\x94Y-\xed\xfc\xb4\xc8\xc5\xb7\x07\x82L\
\x9f\xb2\xa8ed\x13\xd8\x18\xd5J\xaa\xdeR\xa8cf\
f\x17y\xddv\x99U\xe3\xaa/v,\x11D\xc2\xe7\
\xe6\xfe\x04\x1a\xe2\x9a\xaa\xa4qA\x06\x7f\xcb9hL\
\xdbv':RA\x0c\xcb\x06\x8a\xd2\xcb\xf2\x1caI\
y\x0bb\x97}{\x82\x8d\xf4l\xaaw\x16\xd4\x92p\
\xa3)\xc6\xfe_+\xca&\xb4\xe4\x11w*\xd0*\xb8\
\xb0\x81\x83u\x1e\x17\xecvK\x1f\xd0\xfa=\xb95\xfd\
\x8fC\xa6/t+\xab\x84\xbd\xa2\x06\x1e9s\x99\x05\
*\x05\x98\x92\x82\x8c\x8f\x03@V^.kM\xfb@\
\x96+B\x96\xcfe\xd1X_\x8fd<!\xd1\x8c\xab\
u\x09Y?\xd5\x9a`\xae\xa9\x16\x10M\xe5\x15\x92\x0e\
\xf1pN\x9f\x13z\x9c\xc4=n4%\xa3\x18\xdd\x9a\
\xc7\x9cq\xc3\xb0f\xdeT\xec\xecZ\x80#\xec\xfd\xdb\
\xb5\x1e7\x1d\xdf\x85;\xce\x1c\xc4\xed\xbd{p\xe7\xa9\
]\xb8\x9b\x85\x0b\x82v\xd5n\xdc\x7f\xed\x01\x5c8w\
\x14\xb7\x1cX\x87{\xce\xee\x1b\x102\x96\xf5\xaf\xd9\xb9\
\x0c\x8f\xdcx\x14\xf7i\x91\x8ci\xe4\xed'6\xe3\xda\
]\xcb\xf0\xe0\x0d\x07$\x92\xe9E\x0f\x01\x8c\xf7m\xa7\
w\xe0S'\xb7I\x81\xe6\xd8\x96.l\xefZ\x84e\
\xb3&a\xe2\xb0Vt\xd4%\x90f\xf3w\x0d_\x8c\
\xca\xc4\x8f\x83\x97\xf7lI\xf3:lh\xacK\xa3\xbe\
.#?\xa7\xfa\x5cB\xba\x84\x12\xd6Z\xec\x98\xd0\x80\
\x9d\xe3\xeb\xb0qh\x0a\xab\x9b#\xe8\x1e\x9e\xc2\xc1)\
\xf582\xbd\x0e\x07\xa6$\xb1{B\x1c\xfb'ep\
pj#&g\x03pWW*\xd8h\x1f1\x08d\
\xba\x8c\xb0\xd9\xb9^\xc9a\xd3\x1a#4\xc8\x5c\xac'\
(\xc8(i\x98p\xd9\xa5\x82\xcc3\x9d\xcbi\x91\x96\
-\xbb\xad\x16\x0e{-l\xb6ZX\xccU\xf2<\xb7\
YL\xf2\xc2Q\x1fs\xa35\xc9*f\x89\x12n4\
'\x5c\x05\x09Lq\x17\x1ac\x0e4q\xd2\xc1\xa0\xc6\
\x88\x1d\xf5\x84l\xaa\x98\x96\xa6\xd1\x10p\xa3\x86\xb0h\
\xe9#\xab\x886\x9b\x05\xe5\x15\xfd\x9f\xd4F\xfdOB\
\xc6\xff\xb3\xa6\x9c\xcd\xa5\xd5pig/\x01\x8cP\x95\
\x15\x01+B\xa6\x8b\xef+\x05\xf9w\xcb+$\x97'\
d\x8c`\x84\x8co\xe7\xf2\x19\xe4rY\xe4s\x19\xd4\
\xe7\xeb\xd0\xda\xd2\x84h8,C\xa1\xc6h\xa6\xcbV\
k*\xc8Q[[\x90\xbd\xb6V\x0e\xe9\x96j:\xe1\
V\xa1\xb6\xa2R\xae\x13X\xd6f'\x84\xdfZ\x8b\x04\
\x97$F\x03X3w\x0a\xee8\xbd\x1f\xb7\x9f\xda\x89\
;\x19m\xfa@v\x04\xb7\x1c\x1c\x18\xb2Gn>$\
\x11\xebZBv\xc3\x91>\x90\xddvt\x03\xae\xdb\xbd\
\x5c\x83LE1\x02v{O7\xee8\xb9\x15G7\
/C{2\x82\x8c\xc3\x8e\xb0\xd9\x02gu\x15l\xf4\
M)+\x87\xb3\xa2\x12\x9e\xea\x1a\xf8kk\xe1\xabU\
\xf3`v+\xbf\xc7jd\xe2\x11\x81,\x9fM#'\
/F\x098\xac&x\xab\xaa\xb0nd\x0a\xbb\xc7\xa7\
q`Z\x1e\xfb\xa64b\xd3\xb04\xd6\xb5\xc5\xb1s\
L\x0e\xc7f6\xe1\xf0\xf4\x0c\xf6L`dK\xe2\xd0\
\xd4<6\x8dLaH\xc8!\x93\xea\xfaJ\xae\xeaA\
 +\x85\x8d\xbf\x0f~=n\xbb\x15>\x97] \xf3\
\xb2\x97V\x93\x9f\xcd\x14.;<R4\xa9\x85\xb9\xb6\
\x0aUl\x22\xd7w\x97S|\xf1\xb0\x98\xd0\x90\xe1\x1a\
\xa6\x08\x1aS^4&\xddhL\xf5UC\xd2\x85\xfa\
\x84\xb3\xa0\xc2\xfbq\xeeN\xe0\xa2\x12\xa5\xfa\xb0M\xa2\
\x18w\x93\x97M\xcd\x87@\xcdl\x8acd&,\xdd\
\xd2|\x02\xb3{\x83UE\x82\xf6Q\xe9\xe2\xff\x94\x08\
\x18[\xa6\xac\x02X\x0d<\xe5&\xf8\x19\x99*j\xfb\
\xc050dE\x85*L\xf0V\xaa\xad5\x04K\x07\
\xad.o\x84,\x8b\x86\xfa\x1c\x9a\x9a\xea\xd1\xd2\xd2$\
\xf7\x84\xec\xdc/\x8dd} 3\xd7\x8a\xc7I\xa9\x5c\
\x16\x0b\xdcV+<v;<6\x1b\xbcV\x8bZ\xdb\
Z\xabv\xac\xa5|N\xdc|t;n?\xb9\x1b\x9f\
>\xb9\x0bw\x9e\xde\x85\xcf]\xb5\x1b\xf7]\xb3\x0f\x8f\
\xdcx\x047\xee\xed\x92\xfb\xb2\x87n(B\xf6\xd0\xb9\
\x03\xb8p\xcba\xdc\xd9\xbb\x05Wm_\x22\x9f\xa7C\
\xf6\xc0\xf5\xfbq\xeb\xe1u\x02\x19\xdf\xfe\xec\x19\xed\x1c\
\xd6\xc3.\x8f\xcd\xb8\xfd\xaa\x9d\x98:\xb2Q\x22.\xe1\
\x08\x98j\x11\xa8\xadE\x90\xfe,\x9a\xf8\xbe\xdf\xc4\xb5\
\xb2&8-&X\xe9\xcf\xe1u\xa19\x9fE}&\
%\x80\xe5$\xa2%`\xb7\xd4H\xb5v~k\x18\xfb\
\xc7\xa5\xb0o|\x14\xfb'\xa7qhz\x03\xf6N\xca\
c\xcb\x88\x0cV\xb7D\xb1sl\x0c\x07\xa6\xa6\xb0w\
b\x12{&\xa4\xb1oR\x16\x07&g\xb1yt\x16\
s\xdb\xd3h\x8b\x05\xe4\x05\x88g\xb4\xc1 +\x05\x8e\
\x8f,\xa0XM|\xc1SVq|[\xd2\xfa\xaaJ\
\x19{\xe2\x0er\xf9\x5cML\x11\x09\x1a{s\xeb\x13\
\x01t\xa45\xab\xed\xa4\x0fMI\x8f@\xf4q\x22d\
\xf9X\x110#du\x013\xfe/\xf8}Y\x16d\
\x81\x95\xde\x00\x00\x00\x00IEND\xaeB`\x82\
\x00\x00:\xee\
\x00\
\x00\x01\x00\x03\x00\x10\x10\x00\x00\x01\x00 \x00h\x04\x00\
\x006\x00\x00\x00  \x00\x00\x01\x00 \x00\xa8\x10\x00\
\x00\x9e\x04\x00\x0000\x00\x00\x01\x00 \x00\xa8%\x00\
\x00F\x15\x00\x00(\x00\x00\x00\x10\x00\x00\x00 \x00\x00\
\x00\x01\x00 \x00\x00\x00\x00\x00\x00\x04\x00\x00\xc3\x0e\x00\
\x00\xc3\x0e\x00\x00\x00\x00\x00\x00\x00\x00\x00\x00\x08\x0a\x0c\
\xff\x02\x03\x03\xff\x00\x00\x00\xff\x01\x00\x03\xff\x10\x10\x1c\
\xff7?I\xffHSc\xff^m\x85\xffbu\x90\
\xffXj\x82\xff?M_\xff\x15!7\xff\x09\x0d\x15\
\xff\x12\x18#\xff\x16 .\xff\x15\x223\xff\x12\x1a'\
\xff\x0d\x11\x18\xff\x02\x02\x02\xff\x00\x00\x01\xff\x14\x19 \
\xffPa{\xff[t\x9a\xffa}\xa0\xffc\x7f\x9d\
\xffb\x7f\xa3\xffEWt\xff\x0d\x12\x1c\xff\x16\x1e-\
\xff\x1e*<\xff\x1a&8\xff\x16#4\xff\x1b'=\
\xff\x1a%7\xff\x0d\x11\x18\xff\x04\x05\x08\xff\x06\x0a\x13\
\xffBXw\xff\x8a\xb3\xda\xff\xa3\xd1\xf1\xff\xaa\xd9\xf7\
\xff\xa4\xd2\xf3\xffo\x91\xaf\xff\x1f*<\xff\x15\x1d+\
\xff\x19\x22-\xff\x18\x22.\xff\x15 -\xff\x18\x221\
\xff\x0f\x13\x1a\xff\x0b\x10\x16\xff\x07\x0a\x0f\xff\x1c(6\
\xff\x87\xad\xca\xff\xb0\xde\xfb\xff\xb2\xe0\xfa\xff\xb3\xe0\xf9\
\xff\xb0\xdf\xfa\xff\xab\xda\xf9\xff_|\x96\xff\x0e\x14\x1f\
\xff\x11\x17\x1e\xff\x10\x17\x1d\xff\x0f\x19\x1e\xff\x13\x1d#\
\xff\x10\x13\x17\xff\x05\x05\x07\xff\x15\x1d)\xffm\x8e\xaa\
\xff\xae\xdc\xfa\xff\xb5\xe1\xfa\xff\xb8\xe3\xf9\xff\xb4\xde\xf5\
\xff\xb5\xe0\xf8\xff\xb2\xe0\xfb\xff\x94\xbd\xdc\xff#0A\
\xff\x0a\x0e\x15\xff\x14\x1c$\xff\x11\x1b\x22\xff\x0d\x13\x15\
\xff\x0c\x0f\x12\xff\x07\x08\x0b\xff(6I\xff\x9c\xc9\xea\
\xff\xb2\xe0\xfa\xff\xb7\xe1\xfa\xff\xb8\xe3\xf8\xff\xb0\xdb\xf1\
\xff\xb6\xe0\xf7\xff\xb4\xe1\xfa\xff\xa6\xd4\xf3\xffBYu\
\xff\x05\x08\x0f\xff\x13\x1a\x22\xff\x11\x17\x1f\xff\x0f\x13\x14\
\xff\x06\x06\x07\xff\x07\x08\x0b\xff#/@\xff\x9b\xc6\xe7\
\xff\xb1\xe0\xfb\xff\xb6\xe2\xfb\xff\xb8\xe2\xf9\xff\xb7\xe2\xf8\
\xff\xb7\xe1\xf9\xff\xb4\xe1\xfb\xff\xaa\xd8\xf8\xffD[s\
\xff\x02\x04\x0b\xff\x05\x05\x07\xff\x0b\x0d\x10\xff\x10\x13\x14\
\xff\x0a\x0a\x0b\xff\x06\x07\x0a\xff\x1c&3\xff\x92\xbe\xdf\
\xff\xa6\xd4\xf2\xff\xa6\xd1\xeb\xff\xb4\xe0\xf9\xff\xb3\xdd\xf6\
\xff\xb1\xdc\xf5\xff\x9b\xc0\xda\xff\x9b\xc5\xe3\xff>Re\
\xff\x04\x05\x0a\xff\x0b\x0c\x0f\xff\x17 +\xff\x0c\x0e\x0f\
\xff\x0f\x10\x11\xff\x06\x07\x09\xff\x12\x19#\xff\x83\xa9\xc7\
\xffs\x80\x93\xffccu\xff\xa6\xca\xe2\xff\xb4\xe2\xfd\
\xff\xa1\xc2\xd9\xffNJ[\xffo{\x8e\xffBWi\
\xff\x08\x09\x0e\xff\x12\x17\x1e\xff\x1b&6\xff\x09\x0a\x0b\
\xff\x15\x17\x19\xff\x0a\x0b\x0d\xff\x07\x0a\x12\xffc|\x94\
\xffEBL\xff5)4\xff\x8a\xa7\xc1\xff\xaf\xdf\xfe\
\xff\x80\x9d\xb8\xff'!0\xffCIX\xff8IY\
\xff\x0d\x0f\x13\xff\x17\x1f)\xff\x19%5\xff\x10\x13\x16\
\xff\x1c\x1e \xff\x1a\x1c\x1f\xff\x06\x09\x0c\xff.;R\
\xffCRi\xffAPe\xffg\x87\xa7\xff\x8e\xba\xe0\
\xffq\x94\xb7\xffVo\x8b\xff]x\x94\xff\x19!,\
\xff\x0f\x11\x15\xff\x0f\x14\x1b\xff\x14\x1e*\xff\x0f\x15\x19\
\xff\x1c\x1e\x1f\xff$(*\xff\x14\x17\x18\xff\x1c$.\
\xffPk\x8e\xff\x7f\xa9\xd0\xffm\x8f\xb1\xffHa\x82\
\xffx\x9e\xc7\xff}\xa3\xc4\xff7H`\xff\x08\x0b\x11\
\xff\x11\x12\x15\xff\x09\x0a\x0b\xff\x0c\x0e\x11\xff\x0e\x15\x1c\
\xff\x18\x1b\x1d\xff&+,\xff\x1d!\x22\xff\x13\x17\x18\
\xff\x1b )\xff;Nh\xffx\x9d\xc3\xff5DV\
\xff<Om\xffg\x89\xad\xff\x1b#,\xff\x0b\x0d\x0f\
\xff\x1a\x1c\x1f\xff\x17\x1a\x1e\xff\x12\x17 \xff\x0d\x15\x1e\
\xff\x14\x18\x1c\xff%)+\xff%)+\xff\x15\x18\x19\
\xff\x1c \x22\xff\x1c!&\xff0AY\xff4DW\
\xff\x1e$*\xff/?W\xff\x15\x1b#\xff\x19\x1b\x1e\
\xff\x1f!#\xff\x17\x1e(\xff\x14\x1f/\xff\x0d\x15\x1f\
\xff\x0b\x0d\x10\xff!%&\xff)-0\xff\x18\x1b\x1c\
\xff\x18\x1b\x1c\xff#()\xff\x19\x1e!\xff\x13\x18\x1f\
\xff\x1f#%\xff\x18\x1b\x1f\xff\x07\x09\x0a\xff\x1b\x1d\x1f\
\xff\x17\x1a\x1d\xff\x11\x1a%\xff\x12\x1e.\xff\x0c\x12\x19\
\xff\x10\x12\x13\xff #%\xff'+.\xff\x22%'\
\xff\x13\x13\x15\xff\x22&'\xff%*+\xff\x14\x17\x19\
\xff\x16\x18\x1a\xff\x22%(\xff\x0d\x0e\x10\xff\x16\x17\x18\
\xff\x0f\x12\x15\xff\x0c\x13\x1c\xff\x0e\x1a(\xff\x00\x00\x00\
\x00\x00\x00\x00\x00\x00\x00\x00\x00\x00\x00\x00\x00\x00\x00\x00\
\x00\x00\x00\x00\x00\x00\x00\x00\x00\x00\x00\x00\x00\x00\x00\x00\
\x00\x00\x00\x00\x00\x00\x00\x00\x00\x00\x00\x00\x00\x00\x00\x00\
\x00\x00\x00\x00\x00\x00\x00\x00\x00\x00\x00\x00\x00(\x00\x00\
\x00 \x00\x00\x00@\x00\x00\x00\x01\x00 \x00\x00\x00\x00\
\x00\x00\x10\x00\x00\xc3\x0e\x00\x00\xc3\x0e\x00\x00\x00\x00\x00\
\x00\x00\x00\x00\x00\x0a\x0d\x12\xff\x02\x03\x03\xff\x00\x00\x00\
\xff\x00\x00\x00\xff\x00\x00\x00\xff\x00\x00\x00\xff\x00\x00\x00\
\xff\x04\x01\x09\xff\x08\x01\x16\xff\x0b\x09\x18\xff\x1c\x1f \
\xff\x16\x18\x1d\xff\x22&0\xff5=J\xffNZk\
\xffj{\x94\xffn\x82\x9b\xffh~\x97\xffdx\x91\
\xffHVi\xff-5B\xff\x22)3\xff\x1e3Z\
\xff\x17+L\xff\x04\x09\x11\xff\x04\x06\x09\xff\x0b\x0d\x10\
\xff\x0a\x0d\x12\xff\x0c\x11\x17\xff\x15 .\xff\x13!/\
\xff\x11\x1e-\xff\x0c\x0d\x0e\xff\x0b\x0c\x0d\xff\x06\x07\x07\
\xff\x00\x00\x00\xff\x00\x00\x00\xff\x00\x00\x00\xff\x01\x01\x01\
\xff\x01\x01\x02\xff\x02\x00\x07\xff\x1b\x1f*\xffKXc\
\xffMZk\xff\x5ck~\xffaq\x86\xffdt\x8c\
\xffgx\x92\xffg{\x96\xffcw\x93\xffbv\x90\
\xff`s\x89\xffYj\x7f\xffQbu\xff\x18$:\
\xff\x04\x09\x13\xff\x04\x07\x0a\xff\x0f\x14\x1d\xff\x16\x1e,\
\xff\x19\x221\xff\x1a%6\xff\x19%7\xff\x18$6\
\xff\x17#5\xff\x0b\x10\x17\xff\x0c\x12\x19\xff\x0d\x10\x14\
\xff\x05\x05\x06\xff\x00\x00\x00\xff\x01\x01\x01\xff\x01\x01\x01\
\xff\x01\x01\x02\xff\x00\x01\x02\xff,6?\xffcu\x89\
\xff\x5ck\x82\xff\x5cn\x89\xffZo\x8f\xffUk\x91\
\xffK`\x84\xff;Lh\xff7Gc\xffF\x5c\x7f\
\xffSl\x94\xffSi\x8c\xffM[q\xff\x10\x14\x1e\
\xff\x03\x05\x0c\xff\x0c\x10\x17\xff\x1c';\xff\x1f,B\
\xff\x1e*=\xff\x1a&8\xff\x19%7\xff\x17#5\
\xff\x14 2\xff\x15!5\xff\x16#7\xff\x16 /\
\xff\x0e\x10\x15\xff\x03\x03\x03\xff\x01\x01\x01\xff\x01\x01\x01\
\xff\x01\x02\x04\xff\x01\x04\x08\xff\x19 *\xffFUi\
\xffQk\x94\xffUt\xa6\xffTs\xa4\xff]}\xa6\
\xffj\x8c\xae\xff|\xa0\xbe\xff\x82\xa7\xc6\xfft\x97\xb7\
\xffb\x82\xac\xffNi\x96\xff*6I\xff\x0a\x10\x1b\
\xff\x08\x0a\x13\xff\x17\x1e.\xff -C\xff\x1d*<\
\xff\x1e*;\xff\x1b(9\xff\x19%7\xff\x17$5\
\xff\x15!3\xff\x1d(B\xff\x1d*C\xff\x1f-D\
\xff\x1a$5\xff\x0b\x0d\x10\xff\x01\x01\x01\xff\x02\x01\x02\
\xff\x04\x06\x09\xff\x03\x06\x0d\xff\x08\x0a\x15\xff\x1e(;\
\xffPm\x9f\xffc\x84\xb1\xff\x87\xae\xd2\xff\xa1\xcf\xef\
\xff\xa9\xd9\xf9\xff\xab\xda\xfb\xff\xab\xda\xfa\xff\xa9\xd8\xf9\
\xff\xa1\xce\xf0\xff|\xa2\xc5\xff&5J\xff\x08\x11\x1e\
\xff\x13\x1a(\xff!,B\xff\x17!1\xff\x16\x1f*\
\xff\x1d)9\xff\x1b'6\xff\x18%4\xff\x17$3\
\xff\x16\x220\xff\x1c(@\xff\x18!3\xff\x1a%6\
\xff /E\xff\x1b)9\xff\x08\x0b\x10\xff\x05\x04\x06\
\xff\x07\x0a\x0f\xff\x04\x08\x10\xff\x08\x0e\x18\xff\x19&:\
\xffl\x8e\xb4\xff\x9d\xc9\xeb\xff\xaa\xd9\xfa\xff\xab\xda\xf9\
\xff\xad\xdb\xf9\xff\xad\xdc\xf9\xff\xad\xdb\xf9\xff\xab\xda\xf9\
\xff\xa9\xd8\xf8\xff\xa6\xd7\xf8\xff\x82\xa8\xc8\xff*9N\
\xff\x22-A\xff\x14\x1c*\xff\x09\x0d\x14\xff\x17\x1f(\
\xff\x1c%0\xff\x16\x1d%\xff\x16\x1f*\xff\x16\x1f+\
\xff\x13\x1c&\xff\x1b(=\xff\x18\x222\xff\x0b\x0e\x12\
\xff\x0c\x11\x18\xff\x18\x220\xff\x11\x17\x22\xff\x09\x0a\x0d\
\xff\x07\x0b\x12\xff\x06\x0c\x15\xff\x0b\x15#\xffRm\x84\
\xff\xa3\xd1\xf1\xff\xab\xda\xf9\xff\xae\xdc\xf9\xff\xaf\xde\xf9\
\xff\xb0\xde\xf9\xff\xb0\xdf\xf9\xff\xb0\xdf\xf9\xff\xb0\xde\xf9\
\xff\xae\xdc\xf9\xff\xaa\xda\xf9\xff\xa7\xd8\xfa\xffx\x9a\xb9\
\xff\x1e)<\xff\x07\x0d\x16\xff\x0d\x11\x18\xff\x16\x1e'\
\xff\x13\x19 \xff\x0d\x12\x15\xff\x12\x1c\x22\xff\x11\x1a \
\xff\x0d\x17\x1d\xff\x18\x221\xff\x1a$3\xff\x13\x17\x1d\
\xff\x05\x05\x04\xff\x01\x02\x02\xff\x04\x06\x09\xff\x0c\x0f\x14\
\xff\x06\x0b\x13\xff\x08\x0f\x1b\xff9Mc\xff\x9c\xc8\xe8\
\xff\xac\xdb\xfa\xff\xaf\xdd\xf9\xff\xb0\xdf\xfa\xff\xb3\xe0\xf9\
\xff\xb4\xe1\xf9\xff\xb5\xe2\xf9\xff\xb5\xe2\xf9\xff\xb2\xe1\xf9\
\xff\xb0\xdf\xf9\xff\xae\xdd\xf9\xff\xaa\xda\xf9\xff\xa4\xd2\xf4\
\xffJay\xff\x08\x0f\x1d\xff\x0f\x15\x1e\xff\x16\x1e'\
\xff\x09\x0c\x10\xff\x0e\x12\x17\xff\x12\x1c!\xff\x0e\x19\x1c\
\xff\x0b\x16\x19\xff\x12\x1c#\xff\x14\x1e%\xff\x15\x1a \
\xff\x0c\x0c\x0e\xff\x01\x01\x02\xff\x05\x07\x09\xff\x0d\x11\x16\
\xff\x07\x0d\x17\xff\x1c(9\xff\x83\xa8\xc6\xff\xaa\xda\xfb\
\xff\xae\xdc\xf9\xff\xb3\xe0\xf9\xff\xb5\xe1\xfa\xff\xb7\xe2\xfa\
\xff\xb9\xe3\xfa\xff\xb9\xe4\xfa\xff\xb8\xe2\xf9\xff\xb6\xe1\xf9\
\xff\xb4\xe1\xfa\xff\xb1\xdf\xfa\xff\xae\xdd\xf9\xff\xac\xdb\xfb\
\xff\x83\xa8\xc6\xff\x15\x1e.\xff\x13\x19$\xff\x13\x1b$\
\xff\x03\x06\x0a\xff\x12\x17\x1e\xff\x16\x1f)\xff\x10\x1a!\
\xff\x0a\x14\x18\xff\x0f\x1a\x1e\xff\x12\x1d \xff\x14\x1c!\
\xff\x10\x10\x12\xff\x03\x03\x04\xff\x09\x0b\x0f\xff\x0a\x0e\x13\
\xff+:P\xff\x80\xa5\xc6\xff\xa5\xd3\xf4\xff\xac\xdb\xf9\
\xff\xb1\xde\xfa\xff\xb6\xe1\xfa\xff\xb7\xe3\xfa\xff\xb9\xe4\xf9\
\xff\xb9\xe4\xf9\xff\xb4\xde\xf4\xff\xb0\xdb\xf1\xff\xb7\xe2\xf8\
\xff\xb8\xe2\xfa\xff\xb3\xe1\xfa\xff\xb1\xdf\xf9\xff\xac\xdb\xf9\
\xff\x9d\xc8\xea\xff/?S\xff\x12\x1a'\xff\x0a\x10\x19\
\xff\x03\x06\x0a\xff\x14\x1b#\xff\x1c&1\xff\x16 )\
\xff\x0d\x16\x1c\xff\x0e\x16\x19\xff\x11\x1b\x1d\xff\x14\x1c \
\xff\x10\x11\x13\xff\x04\x03\x06\xff\x0c\x0e\x13\xff\x07\x0b\x12\
\xff?Ur\xff\x9d\xcc\xf1\xff\xaa\xd8\xf7\xff\xae\xdd\xf9\
\xff\xb2\xe0\xfa\xff\xb6\xe1\xfa\xff\xb8\xe2\xf9\xff\xb9\xe4\xf9\
\xff\xb9\xe4\xf9\xff\xa9\xd4\xeb\xff\x9b\xc4\xdf\xff\xb1\xdb\xf2\
\xff\xb8\xe2\xfa\xff\xb4\xe1\xf9\xff\xb1\xe0\xf9\xff\xad\xdb\xf9\
\xff\xa6\xd4\xf5\xffWt\x96\xff\x1b'=\xff\x03\x07\x0f\
\xff\x04\x06\x0a\xff\x14\x1d&\xff\x1d)6\xff\x1a%1\
\xff\x13\x1b$\xff\x0c\x10\x11\xff\x07\x0a\x0a\xff\x09\x0c\x0e\
\xff\x0c\x0c\x0e\xff\x06\x06\x08\xff\x0d\x10\x15\xff\x05\x0a\x13\
\xff1E`\xff\x96\xc3\xe6\xff\xac\xda\xf8\xff\xb0\xde\xfa\
\xff\xb4\xe0\xf9\xff\xb7\xe1\xfa\xff\xb8\xe1\xf9\xff\xb8\xe3\xf9\
\xff\xb9\xe4\xf9\xff\xb9\xe4\xf9\xff\xb8\xe3\xf8\xff\xb8\xe3\xf9\
\xff\xb8\xe1\xfa\xff\xb6\xe1\xf9\xff\xb2\xe0\xf9\xff\xae\xdc\xf9\
\xff\xa9\xd8\xf7\xffk\x8c\xb1\xff$4Q\xff\x02\x05\x0d\
\xff\x04\x05\x09\xff\x12\x18\x1f\xff\x14\x1c#\xff\x0e\x12\x18\
\xff\x09\x0c\x10\xff\x13\x18\x1a\xff\x0b\x0e\x0f\xff\x01\x01\x02\
\xff\x05\x04\x06\xff\x08\x08\x0a\xff\x0d\x0f\x14\xff\x05\x09\x11\
\xff2D]\xff\x9c\xca\xec\xff\xad\xda\xf9\xff\xb0\xde\xf9\
\xff\xb1\xe0\xf9\xff\xb6\xe1\xfa\xff\xb8\xe1\xfa\xff\xb8\xe1\xfa\
\xff\xb9\xe3\xf9\xff\xb9\xe4\xf9\xff\xb9\xe4\xf9\xff\xb8\xe3\xf9\
\xff\xb8\xe1\xfa\xff\xb6\xe1\xf9\xff\xb3\xdf\xf9\xff\xae\xdb\xf9\
\xff\xaa\xd8\xf9\xffo\x91\xb4\xff\x15\x226\xff\x02\x05\x0d\
\xff\x04\x05\x09\xff\x04\x05\x06\xff\x01\x01\x01\xff\x02\x02\x02\
\xff\x09\x0a\x0b\xff\x13\x1a\x1c\xff\x11\x15\x17\xff\x08\x09\x0a\
\xff\x02\x01\x03\xff\x08\x08\x0a\xff\x0b\x0d\x13\xff\x05\x08\x10\
\xff*:O\xff\x9a\xc6\xe9\xff\xac\xda\xfa\xff\xad\xdc\xfa\
\xff\xb0\xdf\xfa\xff\xb3\xe0\xfa\xff\xb6\xe1\xf9\xff\xb8\xe1\xfa\
\xff\xb8\xe2\xf9\xff\xb9\xe4\xf9\xff\xb6\xe1\xf7\xff\xb6\xe2\xf9\
\xff\xb8\xe1\xfa\xff\xb3\xe0\xf9\xff\xb0\xdd\xf9\xff\xac\xda\xf9\
\xff\xaa\xd8\xfa\xffn\x90\xaf\xff\x0c\x15#\xff\x03\x06\x0e\
\xff\x05\x07\x0b\xff\x03\x03\x04\xff\x03\x03\x03\xff\x0e\x0f\x10\
\xff\x13\x19 \xff\x12\x17\x18\xff\x12\x16\x17\xff\x0e\x0f\x10\
\xff\x02\x01\x02\xff\x09\x09\x0b\xff\x08\x0b\x0f\xff\x04\x08\x10\
\xff#1D\xff\x95\xc1\xe4\xff\xaa\xd9\xf9\xff\xab\xda\xfa\
\xff\xae\xde\xfa\xff\xb0\xe0\xfb\xff\xb3\xe1\xfa\xff\xb4\xe1\xf9\
\xff\xb6\xe1\xfa\xff\xb9\xe2\xfa\xff\xa1\xca\xe6\xff\xb1\xdd\xf6\
\xff\xb4\xe1\xfa\xff\xb0\xdf\xfa\xff\xad\xdd\xfa\xff\xaa\xda\xfa\
\xff\xa8\xd8\xf9\xffi\x89\xa3\xff\x0a\x0f\x1a\xff\x04\x06\x0e\
\xff\x08\x0a\x0e\xff\x03\x02\x04\xff\x0c\x0d\x0f\xff\x15\x1a \
\xff\x19%4\xff\x0d\x0f\x10\xff\x0d\x0f\x10\xff\x10\x11\x12\
\xff\x05\x05\x05\xff\x0a\x0b\x0d\xff\x06\x08\x0b\xff\x05\x08\x0f\
\xff\x1d'6\xff\x8c\xb7\xd9\xff\xa4\xd6\xf8\xff\xa5\xd7\xf8\
\xff\xa1\xcf\xec\xff\x9c\xc8\xe3\xff\xa7\xd4\xee\xff\xb0\xde\xf8\
\xff\xb6\xe0\xfa\xff\xb8\xe1\xfa\xff\xb4\xdd\xf7\xff\xb3\xe0\xf9\
\xff\xb0\xdc\xf6\xff\x98\xbc\xd5\xff{\x98\xb0\xff\x8e\xb2\xcc\
\xff\xa2\xd0\xf1\xffi\x8a\xa4\xff\x0a\x0d\x18\xff\x04\x07\x0f\
\xff\x0a\x0c\x10\xff\x06\x05\x08\xff\x12\x15\x19\xff\x19$1\
\xff\x19&6\xff\x0f\x11\x12\xff\x0f\x11\x11\xff\x11\x12\x13\
\xff\x08\x09\x09\xff\x0b\x0c\x0e\xff\x04\x06\x09\xff\x04\x07\x0e\
\xff\x15\x1c'\xff\x81\xaa\xcb\xff\x9f\xcf\xf5\xff\x8f\xb2\xce\
\xffnv\x87\xffZ[o\xffu\x82\x99\xff\xad\xd2\xea\
\xff\xb1\xdf\xfa\xff\xb4\xe0\xfa\xff\xb3\xe0\xfa\xff\xb2\xe0\xfa\
\xff\xab\xc9\xde\xffigx\xff@8I\xffXVd\
\xff\x99\xb8\xd2\xffl\x90\xac\xff\x0a\x0f\x18\xff\x06\x09\x10\
\xff\x0c\x0f\x12\xff\x0b\x0c\x0e\xff\x14\x19!\xff\x1d)9\
\xff\x19%5\xff\x08\x0a\x0a\xff\x0b\x0d\x0e\xff\x17\x1a\x1b\
\xff\x09\x0a\x0b\xff\x0c\x0d\x0f\xff\x03\x05\x07\xff\x03\x06\x0c\
\xff\x0c\x10\x1b\xffp\x95\xb3\xff\x9e\xc8\xe9\xffz\x84\x91\
\xffE6@\xffO:F\xffMCV\xff\x9d\xb4\xc9\
\xff\xb1\xdf\xfb\xff\xb0\xde\xfa\xff\xb0\xde\xf9\xff\xb3\xe0\xfb\
\xff\x89\x9a\xae\xff<2C\xff6,:\xff=0:\
\xff\x97\xa9\xba\xffu\x9b\xb9\xff\x0a\x10\x19\xff\x08\x0b\x11\
\xff\x0f\x12\x15\xff\x0f\x12\x14\xff\x17\x1f+\xff\x1d);\
\xff\x19%5\xff\x02\x03\x03\xff\x03\x04\x04\xff\x18\x1a\x1c\
\xff\x15\x17\x1a\xff\x0c\x0d\x0d\xff\x02\x03\x03\xff\x02\x05\x0a\
\xff\x06\x07\x11\xffYv\x91\xff\xad\xd5\xf2\xff_`i\
\xff.\x22*\xff:,5\xffC3@\xff\x85\x93\xa7\
\xff\xaf\xdd\xfb\xff\xad\xdc\xf9\xff\xae\xdc\xf9\xff\xaf\xdc\xfa\
\xfft\x84\x9b\xff*#7\xff*\x22-\xff'\x1d%\
\xffjz\x8d\xffw\x9e\xbc\xff\x0c\x11\x1b\xff\x09\x0c\x11\
\xff\x14\x17\x1b\xff\x12\x16\x1a\xff\x19$2\xff\x1b(7\
\xff\x19$2\xff\x11\x12\x13\xff\x07\x08\x08\xff\x12\x13\x15\
\xff\x1e!%\xff\x12\x14\x16\xff\x02\x03\x03\xff\x02\x04\x07\
\xff\x02\x04\x0b\xff6Ha\xff\x87\xa8\xc8\xffFFR\
\xff(\x1c#\xff* *\xff,%2\xffhy\x92\
\xff\xa1\xd1\xf2\xff\xaa\xda\xf9\xff\xaa\xd9\xf9\xff\x9e\xc9\xe8\
\xffYl\x87\xff\x22\x1f/\xff\x22\x1a%\xff\x1b\x14\x1d\
\xffAN`\xffYt\x8a\xff\x06\x0a\x12\xff\x0c\x0f\x13\
\xff\x17\x19\x1d\xff\x14\x19\x1f\xff\x1a&4\xff\x19%3\
\xff\x17\x220\xff\x0f\x11\x13\xff\x15\x17\x18\xff\x12\x14\x15\
\xff \x22$\xff\x1f\x22%\xff\x0d\x0f\x12\xff\x01\x03\x06\
\xff\x02\x04\x0a\xff\x19\x225\xffCUr\xff)-:\
\xff\x1a\x15\x1d\xff\x1c\x17\x22\xff! /\xffUj\x84\
\xff\x89\xb5\xd8\xff\x9d\xcb\xee\xff\xa5\xd6\xf7\xff\x86\xac\xcb\
\xffH^v\xff.;P\xff0<M\xff@Re\
\xffh\x84\x9e\xff0=M\xff\x01\x03\x0a\xff\x0e\x11\x15\
\xff\x16\x18\x1c\xff\x14\x1a!\xff\x1a%3\xff\x19$3\
\xff\x16!/\xff\x0d\x13\x16\xff\x11\x13\x16\xff\x1c\x1e \
\xff\x22#%\xff#&)\xff\x1d $\xff\x08\x0b\x0c\
\xff\x05\x09\x0a\xff\x15\x1b$\xffAW\x80\xffVp\x92\
\xff\x5cy\x94\xffUq\x8b\xffZw\x92\xffc\x83\xa5\
\xffd\x89\xaa\xffp\x97\xc5\xff\x96\xc4\xea\xfft\x9b\xc7\
\xffh\x8a\xb5\xffx\x9f\xc5\xff\x81\xa7\xca\xff\x8a\xb5\xde\
\xffy\x9e\xc2\xff\x0f\x14\x1f\xff\x02\x05\x0a\xff\x11\x14\x18\
\xff\x13\x16\x19\xff\x04\x05\x06\xff\x08\x0b\x0e\xff\x13\x1a#\
\xff\x16!.\xff\x0e\x16\x1b\xff\x0f\x14\x17\xff\x1a\x1b\x1b\
\xff#$&\xff$(*\xff\x22&*\xff\x19\x1d\x1f\
\xff\x07\x0a\x0b\xff\x15\x1a\x1c\xff4D_\xffWu\xa6\
\xff\x83\xaf\xdc\xff\x94\xc4\xec\xff~\xa9\xd1\xffk\x91\xbe\
\xffLe\x82\xff<Sw\xffi\x8e\xbe\xff\x88\xb4\xde\
\xff\x85\xb1\xda\xff\x97\xc6\xec\xffx\x9b\xbb\xffQl\x93\
\xff@Vu\xff\x02\x05\x0b\xff\x03\x06\x09\xff\x16\x18\x1c\
\xff\x10\x11\x14\xff\x00\x01\x00\xff\x01\x01\x01\xff\x04\x05\x06\
\xff\x0e\x13\x1a\xff\x0e\x15\x1c\xff\x10\x16\x1a\xff\x12\x14\x15\
\xff!#$\xff%*,\xff$)+\xff\x1e!#\
\xff\x13\x16\x17\xff\x0c\x0f\x10\xff\x1b #\xff%1E\
\xffHc\x8b\xff|\xa5\xcd\xff\x91\xbb\xe0\xff\x92\xbd\xe1\
\xffs\x95\xb3\xff#/@\xff8Mo\xffb\x83\xaf\
\xff\x82\xa8\xc9\xff\x8a\xb2\xd2\xffi\x89\xa3\xff\x1e'7\
\xff\x14\x1a)\xff\x02\x04\x09\xff\x05\x07\x09\xff\x1a\x1b\x1f\
\xff\x0b\x0c\x0e\xff\x09\x0b\x0c\xff\x12\x14\x17\xff\x10\x11\x13\
\xff\x0b\x0c\x0d\xff\x0e\x14\x1d\xff\x10\x17\x1d\xff\x11\x14\x16\
\xff\x1f\x22\x22\xff&*,\xff(-/\xff\x1e\x22#\
\xff\x1a\x1e\x1f\xff\x0e\x11\x12\xff\x15\x19\x1c\xff\x1b\x1f%\
\xff\x16\x1b&\xff,;U\xff^|\xa2\xff\x8d\xb7\xde\
\xff\x8b\xb6\xda\xff0=M\xff\x1d%2\xff4Hi\
\xffWu\xa2\xff~\xa6\xca\xfft\x99\xb7\xff\x16\x1d&\
\xff\x11\x14\x18\xff\x03\x06\x08\xff\x09\x0a\x0c\xff\x1d\x1e!\
\xff\x15\x16\x19\xff\x1b\x1e!\xff\x18\x1a\x1d\xff\x10\x13\x17\
\xff\x0f\x13\x1a\xff\x0e\x14\x1f\xff\x0e\x15\x1b\xff\x11\x15\x19\
\xff\x1e !\xff%)*\xff).0\xff&+,\
\xff\x16\x19\x1a\xff\x1a\x1d\x1e\xff\x0f\x12\x14\xff\x1e\x22'\
\xff\x1e!(\xff\x15\x19$\xff0A`\xffj\x8e\xbc\
\xff\x8f\xbc\xe7\xffI^s\xff\x1e#+\xff\x1b\x22-\
\xff:Nr\xffh\x8c\xbf\xffy\xa1\xc7\xff\x16\x1e(\
\xff\x16\x19\x1d\xff\x0c\x0e\x11\xff\x0c\x0d\x0f\xff \x22%\
\xff \x22%\xff\x1c\x1e\x22\xff\x11\x14\x18\xff\x12\x1a%\
\xff\x14\x1e-\xff\x0d\x16 \xff\x0c\x13\x1a\xff\x0f\x14\x19\
\xff\x1b\x1d\x1e\xff$')\xff(-/\xff)./\
\xff\x1d\x22#\xff\x13\x16\x17\xff\x16\x1a\x1b\xff\x17\x1b\x1d\
\xff\x22'+\xff\x1f#(\xff\x11\x15\x1c\xff&3N\
\xff\x5c~\xad\xffWu\x93\xff\x1f&-\xff\x1e#*\
\xff\x18\x1d'\xff6Im\xffUt\xa0\xff\x14\x1b$\
\xff\x12\x15\x18\xff\x18\x1a\x1e\xff\x14\x15\x18\xff\x22#&\
\xff \x22%\xff\x19\x1e#\xff\x15\x1f-\xff\x16!1\
\xff\x13\x1e-\xff\x0f\x19$\xff\x0c\x13\x1b\xff\x0e\x14\x1a\
\xff\x16\x18\x1a\xff#'(\xff',.\xff+.2\
\xff(,.\xff\x0f\x12\x13\xff\x17\x1b\x1c\xff\x16\x19\x1a\
\xff $&\xff#()\xff\x1f$&\xff\x0c\x10\x15\
\xff\x1c'<\xff>V{\xff#,4\xff\x1f&(\
\xff\x1e#%\xff\x12\x18\x1e\xff(8Q\xff\x0d\x12\x1a\
\xff\x0c\x0e\x0f\xff\x1f!%\xff\x1f $\xff!#%\
\xff\x1d\x1f!\xff\x14\x1a\x22\xff\x17\x222\xff\x14 0\
\xff\x12\x1d-\xff\x10\x19%\xff\x0d\x14\x1d\xff\x0a\x10\x15\
\xff\x0b\x0c\x0d\xff!$%\xff'+.\xff+.2\
\xff*.1\xff\x1b\x1f \xff\x0b\x0d\x0e\xff\x1b\x1f \
\xff\x1a\x1d\x1e\xff$)*\xff$)*\xff\x1e#$\
\xff\x08\x0c\x0e\xff\x12\x19&\xff '.\xff\x22&(\
\xff!&'\xff\x1d!#\xff\x0c\x0f\x14\xff\x03\x05\x08\
\xff\x06\x07\x08\xff\x1d\x1f\x22\xff \x22%\xff\x1f!\x22\
\xff\x16\x19\x1b\xff\x0f\x16\x1f\xff\x16!0\xff\x15\x222\
\xff\x11\x1c-\xff\x11\x1a'\xff\x0d\x14\x1d\xff\x04\x05\x07\
\xff\x05\x05\x06\xff\x1b\x1e\x1f\xff&+-\xff(,0\
\xff*.0\xff&*+\xff\x0d\x0e\x10\xff\x13\x14\x15\
\xff\x1c !\xff\x22'(\xff&+,\xff%*+\
\xff\x1c!#\xff\x06\x09\x0c\xff\x08\x0a\x0c\xff\x1e \x22\
\xff#&)\xff#&*\xff\x19\x1b\x1f\xff\x03\x04\x05\
\xff\x02\x02\x02\xff\x19\x1a\x1b\xff \x22%\xff\x1a\x1b\x1d\
\xff\x0e\x13\x17\xff\x0e\x15\x1e\xff\x12\x1b(\xff\x14 0\
\xff\x10\x1a+\xff\x11\x1a'\xff\x09\x0e\x14\xff\x08\x09\x09\
\xff\x16\x18\x19\xff\x1f!\x22\xff$(+\xff&*-\
\xff(,/\xff)./\xff\x1d !\xff\x08\x07\x08\
\xff\x1b\x1c\x1e\xff\x22&'\xff%+,\xff&+,\
\xff%*,\xff\x1b\x1e!\xff\x05\x06\x09\xff\x0d\x0e\x11\
\xff#&)\xff#')\xff\x22%)\xff\x0e\x10\x12\
\xff\x01\x01\x01\xff\x14\x16\x17\xff\x1e #\xff\x10\x12\x13\
\xff\x0c\x10\x14\xff\x0e\x14\x1c\xff\x0d\x15\x1f\xff\x10\x1c*\
\xff\x0e\x1b*\xff\x0f\x16!\xff\x09\x0b\x0d\xff\x12\x14\x15\
\xff\x18\x1a\x1b\xff\x1d\x1f!\xff!$(\xff%(,\
\xff&)-\xff(,.\xff$**\xff\x10\x11\x12\
\xff\x0c\x0a\x0c\xff!$%\xff#()\xff%*+\
\xff%*+\xff%)*\xff\x18\x1a\x1c\xff\x05\x05\x07\
\xff\x1d !\xff%)+\xff#&*\xff\x1a\x1d \
\xff\x03\x04\x05\xff\x14\x15\x16\xff\x1b\x1d\x1e\xff\x0d\x0f\x0f\
\xff\x0a\x0e\x11\xff\x0b\x11\x19\xff\x0b\x11\x1a\xff\x0d\x18$\
\xff\x0e\x1b+\xff\x00\x00\x00\x00\x00\x00\x00\x00\x00\x00\x00\
\x00\x00\x00\x00\x00\x00\x00\x00\x00\x00\x00\x00\x00\x00\x00\x00\
\x00\x00\x00\x00\x00\x00\x00\x00\x00\x00\x00\x00\x00\x00\x00\x00\
\x00\x00\x00\x00\x00\x00\x00\x00\x00\x00\x00\x00\x00\x00\x00\x00\
\x00\x00\x00\x00\x00\x00\x00\x00\x00\x00\x00\x00\x00\x00\x00\x00\
\x00\x00\x00\x00\x00\x00\x00\x00\x00\x00\x00\x00\x00\x00\x00\x00\
\x00\x00\x00\x00\x00\x00\x00\x00\x00\x00\x00\x00\x00\x00\x00\x00\
\x00\x00\x00\x00\x00\x00\x00\x00\x00\x00\x00\x00\x00\x00\x00\x00\
\x00\x00\x00\x00\x00(\x00\x00\x000\x00\x00\x00`\x00\x00\
\x00\x01\x00 \x00\x00\x00\x00\x00\x00$\x00\x00\xc3\x0e\x00\
\x00\xc3\x0e\x00\x00\x00\x00\x00\x00\x00\x00\x00\x00\x0e\x13\x1d\
\xff\x05\x07\x08\xff\x00\x01\x00\xff\x00\x00\x00\xff\x00\x00\x00\
\xff\x00\x00\x00\xff\x00\x00\x00\xff\x00\x00\x00\xff\x00\x00\x00\
\xff\x00\x00\x00\xff\x01\x01\x03\xff\x06\x01\x10\xff\x09\x01\x18\
\xff\x08\x01\x19\xff\x0d\x0c\x18\xff\x1f$#\xff\x1c\x1d\x1e\
\xff\x06\x07\x0b\xff\x09\x0b\x10\xff\x14\x16\x1e\xff#'1\
\xff5<J\xff]l\x80\xffm\x80\x9a\xffo\x83\x9c\
\xffj\x80\x99\xffh}\x97\xffh}\x96\xffVh}\
\xff07G\xff\x1b\x1f,\xff\x12\x16\x1c\xff\x18\x1b \
\xff\x1b.S\xff\x22>m\xff\x1b2V\xff\x08\x0f\x1c\
\xff\x00\x02\x06\xff\x03\x04\x08\xff\x09\x0b\x0f\xff\x0c\x0f\x11\
\xff\x08\x0b\x0e\xff\x04\x06\x08\xff\x0e\x15\x1c\xff\x13 -\
\xff\x11\x1f,\xff\x10\x1d*\xff\x0d\x1a)\xff\x0b\x0d\x0e\
\xff\x07\x08\x08\xff\x03\x04\x04\xff\x01\x02\x02\xff\x00\x01\x01\
\xff\x00\x00\x00\xff\x00\x00\x00\xff\x00\x00\x00\xff\x00\x00\x00\
\xff\x00\x00\x00\xff\x01\x01\x01\xff\x02\x01\x04\xff\x05\x01\x0f\
\xff\x06\x01\x16\xff\x0c\x0c\x16\xff %%\xff!%-\
\xff08E\xffGRb\xffVct\xff]l~\
\xffds\x87\xfffv\x8f\xffiy\x94\xffn\x81\x9b\
\xffi~\x97\xffh}\x97\xffbw\x90\xffau\x8e\
\xff^q\x86\xffVex\xffESb\xff<HU\
\xff\x1c0V\xff\x18-Q\xff\x08\x0e\x1b\xff\x00\x02\x06\
\xff\x04\x07\x0b\xff\x0b\x0c\x10\xff\x0d\x0f\x14\xff\x0d\x11\x16\
\xff\x10\x15\x1e\xff\x15\x1c(\xff\x1a$4\xff\x19%7\
\xff\x18$6\xff\x18$5\xff\x16#4\xff\x0d\x0f\x10\
\xff\x0e\x10\x11\xff\x0f\x10\x12\xff\x0a\x0c\x0d\xff\x02\x02\x03\
\xff\x00\x00\x00\xff\x00\x00\x00\xff\x00\x00\x00\xff\x00\x00\x00\
\xff\x01\x01\x01\xff\x01\x01\x01\xff\x01\x01\x01\xff\x01\x01\x03\
\xff\x01\x01\x09\xff+2=\xffl\x7f\x8d\xffSbu\
\xff^m\x81\xff`o\x83\xff`q\x85\xffas\x88\
\xffcu\x8c\xffev\x8f\xffhy\x92\xffh|\x96\
\xffbv\x91\xffdx\x94\xffcw\x91\xffbt\x8d\
\xff`s\x87\xff\x5cn\x83\xffUg~\xffas\x86\
\xff\x17 3\xff\x04\x07\x12\xff\x02\x04\x09\xff\x03\x06\x0a\
\xff\x0a\x0f\x13\xff\x14\x1b(\xff\x1a$6\xff\x1d(9\
\xff\x1e);\xff\x1c(:\xff\x1a&8\xff\x19%7\
\xff\x18$6\xff\x18$6\xff\x17#5\xff\x08\x0b\x0f\
\xff\x09\x0c\x11\xff\x0a\x0d\x11\xff\x0e\x10\x14\xff\x09\x0b\x0c\
\xff\x01\x01\x01\xff\x00\x00\x00\xff\x00\x00\x00\xff\x01\x01\x01\
\xff\x01\x01\x01\xff\x01\x01\x01\xff\x00\x01\x02\xff\x02\x03\x04\
\xff\x00\x02\x03\xffDQ\x5c\xffo\x84\x98\xffVdy\
\xffao\x84\xffaq\x87\xff_q\x88\xff\x5co\x89\
\xffYl\x8a\xffXl\x8e\xffTj\x8d\xffH[{\
\xff6Ea\xff<Nl\xffLc\x87\xffTk\x92\
\xffUk\x8e\xffUi\x89\xffVg\x81\xffQ^r\
\xff\x10\x14\x1e\xff\x03\x05\x0d\xff\x03\x05\x0c\xff\x07\x0b\x0f\
\xff\x12\x18\x22\xff ,B\xff\x1f,B\xff\x1f+?\
\xff\x1d);\xff\x1a&8\xff\x19%7\xff\x18$6\
\xff\x18$6\xff\x16\x224\xff\x14 2\xff\x0e\x19&\
\xff\x10\x1b(\xff\x11\x1c*\xff\x0f\x16 \xff\x0e\x11\x14\
\xff\x07\x08\x09\xff\x01\x01\x01\xff\x01\x01\x01\xff\x01\x01\x01\
\xff\x01\x01\x01\xff\x01\x01\x01\xff\x00\x01\x03\xff\x01\x04\x06\
\xff\x01\x04\x07\xff3?J\xffWh|\xffVe|\
\xffWi\x88\xffUj\x90\xffTn\x99\xffUq\xa1\
\xffPm\xa0\xffD]\x8b\xff4Jm\xff2E^\
\xff:Me\xff<Nh\xff8Lj\xffB\x5c\x85\
\xffTq\xa6\xffQo\xa2\xffJ]z\xffDQe\
\xff\x10\x15 \xff\x05\x07\x10\xff\x05\x07\x10\xff\x0d\x10\x16\
\xff\x1c%8\xff\x1f,C\xff\x1e+@\xff\x1f+=\
\xff\x1e*<\xff\x1b'9\xff\x1a&8\xff\x19%7\
\xff\x18$6\xff\x15!3\xff\x13\x1f1\xff\x17#:\
\xff\x17$:\xff\x18%;\xff\x1a'<\xff\x14\x1b&\
\xff\x0e\x0e\x12\xff\x05\x05\x06\xff\x01\x01\x01\xff\x01\x01\x01\
\xff\x01\x01\x01\xff\x01\x00\x02\xff\x01\x02\x05\xff\x01\x05\x09\
\xff\x02\x05\x0c\xff\x1d#/\xffDP`\xffEYz\
\xffTt\xa7\xffXz\xb0\xffUw\xad\xffQp\xa0\
\xff[z\xa0\xffq\x93\xb4\xff\x89\xb1\xd0\xff\x9b\xc7\xe6\
\xff\xa2\xcf\xf0\xff\xa0\xcd\xf0\xff\x96\xc1\xe2\xffz\x9e\xbd\
\xffb\x7f\xa7\xffUs\xa7\xff6Fe\xff\x1b%3\
\xff\x08\x10\x1b\xff\x06\x0b\x14\xff\x0a\x0c\x15\xff\x16\x1c*\
\xff!-D\xff\x1f-B\xff\x1d*<\xff\x1e*:\
\xff\x1e*;\xff\x1c(9\xff\x1a&8\xff\x19%6\
\xff\x18$5\xff\x16#4\xff\x15\x222\xff\x1c(A\
\xff\x1d)B\xff\x1d)B\xff\x1e-C\xff\x1f-C\
\xff\x15\x1b'\xff\x0b\x0c\x0d\xff\x02\x02\x02\xff\x01\x01\x01\
\xff\x01\x00\x01\xff\x03\x03\x05\xff\x04\x05\x09\xff\x02\x05\x0b\
\xff\x04\x06\x10\xff\x09\x0b\x16\xff\x16\x1b(\xff;Ot\
\xffZz\xb2\xffTs\xa7\xff]}\xa4\xff\x86\xac\xce\
\xff\xa2\xce\xef\xff\xa7\xd8\xf9\xff\xa8\xd8\xf9\xff\xa9\xd8\xf8\
\xff\xa8\xd8\xf8\xff\xa8\xd7\xf7\xff\xa7\xd7\xf7\xff\xa7\xd6\xf8\
\xff\xa0\xcc\xef\xff\x84\xaa\xd0\xff7Jf\xff\x0c\x15%\
\xff\x09\x12!\xff\x08\x0f\x1a\xff\x12\x16#\xff\x22,B\
\xff!.D\xff\x19%6\xff\x13\x1a$\xff\x1c'6\
\xff\x1d*:\xff\x1c(8\xff\x1a&6\xff\x18%5\
\xff\x17%5\xff\x16$3\xff\x15\x221\xff\x1d)C\
\xff\x1d(A\xff\x1f)B\xff\x1f-C\xff .E\
\xff!/E\xff\x16\x1e)\xff\x06\x07\x08\xff\x01\x00\x01\
\xff\x01\x00\x01\xff\x07\x08\x0a\xff\x05\x08\x0c\xff\x03\x06\x0d\
\xff\x05\x09\x13\xff\x0a\x0d\x19\xff\x0b\x11\x1f\xff7Lr\
\xffXv\xa8\xffv\x9a\xbe\xff\x9f\xcc\xed\xff\xa9\xd8\xf9\
\xff\xa9\xd8\xf8\xff\xa9\xd8\xf8\xff\xaa\xd9\xf9\xff\xab\xd9\xf9\
\xff\xab\xda\xf9\xff\xaa\xd9\xf8\xff\xaa\xd9\xf9\xff\xa8\xd7\xf7\
\xff\xa6\xd5\xf6\xff\xa4\xd5\xf6\xff\x8d\xb7\xd7\xff:Md\
\xff\x0d\x16'\xff\x10\x18'\xff!,@\xff$0E\
\xff\x14\x1e-\xff\x09\x0d\x16\xff\x14\x1a!\xff\x1e(5\
\xff\x1c'5\xff\x1b%2\xff\x18\x22-\xff\x17#1\
\xff\x17#1\xff\x16\x22/\xff\x14\x1e*\xff\x1c)A\
\xff\x1b&:\xff\x12\x19$\xff\x17 /\xff\x1f+@\
\xff 1G\xff!2G\xff\x18#1\xff\x05\x06\x09\
\xff\x02\x01\x02\xff\x0c\x0e\x11\xff\x05\x08\x0e\xff\x04\x08\x10\
\xff\x06\x0c\x15\xff\x0a\x11\x1d\xff\x0d\x17%\xffBYy\
\xff\x8a\xb1\xd4\xff\xa7\xd5\xf6\xff\xa9\xd7\xf8\xff\xaa\xd9\xf8\
\xff\xac\xdb\xf9\xff\xad\xdb\xf9\xff\xae\xdc\xf9\xff\xae\xdc\xf9\
\xff\xae\xdd\xf9\xff\xad\xdc\xf9\xff\xac\xdb\xfa\xff\xab\xd9\xf9\
\xff\xaa\xd8\xf8\xff\xa6\xd6\xf7\xff\xa5\xd6\xf9\xff\x91\xbc\xde\
\xff6I`\xff#.D\xff'3H\xff\x13\x1c)\
\xff\x04\x07\x10\xff\x0a\x0d\x13\xff\x17\x1e&\xff\x1c%/\
\xff\x1b$.\xff\x15\x1a!\xff\x14\x1a\x22\xff\x16\x1e*\
\xff\x16\x1e*\xff\x14\x1c'\xff\x11\x19#\xff\x1a'=\
\xff\x1c)?\xff\x14\x1d+\xff\x08\x0a\x0d\xff\x09\x0c\x11\
\xff\x12\x1b'\xff\x1c);\xff#0E\xff\x0d\x12\x1a\
\xff\x05\x05\x06\xff\x0d\x10\x15\xff\x04\x07\x0f\xff\x05\x0b\x13\
\xff\x07\x0f\x19\xff\x0a\x14\x22\xff#4G\xff\x86\xac\xc9\
\xff\xa8\xd8\xf9\xff\xa9\xd8\xf8\xff\xab\xda\xf9\xff\xae\xdc\xf9\
\xff\xae\xdd\xf9\xff\xaf\xdd\xf9\xff\xb0\xdd\xf9\xff\xaf\xde\xf9\
\xff\xb0\xdf\xf9\xff\xb0\xdf\xf9\xff\xaf\xde\xfa\xff\xaf\xdc\xf9\
\xff\xad\xdb\xf9\xff\xaa\xda\xf9\xff\xa8\xd7\xf8\xff\xa6\xd6\xf9\
\xff\x87\xae\xce\xff0>U\xff\x15\x1e/\xff\x07\x0d\x16\
\xff\x07\x0a\x12\xff\x0e\x13\x19\xff\x15\x1e'\xff\x17 )\
\xff\x14\x1b\x22\xff\x0a\x0d\x10\xff\x12\x1a\x1f\xff\x12\x1b#\
\xff\x12\x1a\x22\xff\x10\x18 \xff\x0d\x16\x1e\xff\x19%8\
\xff\x1a&9\xff\x1b'8\xff\x12\x16\x1c\xff\x06\x06\x06\
\xff\x01\x01\x01\xff\x05\x06\x08\xff\x0d\x12\x19\xff\x09\x0c\x12\
\xff\x0a\x0c\x0f\xff\x0b\x0e\x15\xff\x04\x09\x11\xff\x07\x0d\x16\
\xff\x09\x12\x1f\xff\x18$7\xffw\x98\xb4\xff\xa9\xd9\xf9\
\xff\xa9\xd9\xf8\xff\xac\xdb\xf8\xff\xae\xdc\xf9\xff\xaf\xde\xf9\
\xff\xb1\xdf\xf8\xff\xb1\xe0\xf8\xff\xb1\xe0\xf9\xff\xb1\xe0\xf9\
\xff\xb1\xe1\xf9\xff\xb2\xe1\xf9\xff\xb1\xe0\xf8\xff\xb0\xdf\xf9\
\xff\xaf\xde\xf9\xff\xad\xdc\xf9\xff\xab\xda\xf9\xff\xa6\xd7\xf7\
\xff\xa5\xd5\xf8\xffh\x88\xa4\xff\x11\x19+\xff\x08\x10\x1c\
\xff\x0a\x0f\x18\xff\x0f\x15\x1d\xff\x15\x1e'\xff\x16\x1f&\
\xff\x0a\x0c\x0f\xff\x0a\x0c\x0f\xff\x12\x1c \xff\x11\x1c\x1f\
\xff\x0f\x1a\x1d\xff\x0d\x18\x1b\xff\x0a\x15\x1a\xff\x17 /\
\xff\x18!0\xff\x19#2\xff\x16\x1c%\xff\x0f\x0f\x11\
\xff\x03\x03\x03\xff\x00\x00\x01\xff\x00\x00\x01\xff\x02\x03\x05\
\xff\x0f\x13\x16\xff\x08\x0c\x13\xff\x05\x0b\x13\xff\x09\x10\x1c\
\xff\x0f\x18(\xffZv\x8f\xff\xa5\xd4\xf6\xff\xa9\xd8\xf8\
\xff\xad\xda\xf9\xff\xb0\xdd\xf9\xff\xb1\xdf\xfa\xff\xb1\xdf\xfa\
\xff\xb3\xe1\xf9\xff\xb5\xe1\xf9\xff\xb6\xe1\xfa\xff\xb6\xe2\xf9\
\xff\xb6\xe2\xfa\xff\xb5\xe2\xfa\xff\xb2\xe1\xf9\xff\xb1\xe1\xf9\
\xff\xb0\xdf\xf9\xff\xb0\xde\xf9\xff\xad\xdc\xf9\xff\xaa\xda\xf8\
\xff\xa8\xd7\xf9\xff\x9e\xca\xec\xff7J_\xff\x07\x10\x1f\
\xff\x0b\x11\x1c\xff\x10\x16\x1f\xff\x18 *\xff\x11\x16\x1d\
\xff\x02\x04\x07\xff\x0e\x10\x14\xff\x15\x1b#\xff\x11\x1b!\
\xff\x0f\x19\x1d\xff\x0c\x18\x1a\xff\x0a\x15\x19\xff\x12\x1b$\
\xff\x13\x1d&\xff\x15\x1e'\xff\x16\x1d%\xff\x12\x13\x16\
\xff\x0a\x09\x0a\xff\x01\x01\x01\xff\x00\x01\x02\xff\x05\x07\x0a\
\xff\x11\x15\x19\xff\x07\x0b\x13\xff\x08\x0d\x18\xff\x09\x10\x1d\
\xff2CX\xff\x9a\xc4\xe4\xff\xa8\xd6\xf8\xff\xaa\xd9\xf9\
\xff\xaf\xdc\xfa\xff\xb2\xdf\xf9\xff\xb3\xe1\xf9\xff\xb4\xe1\xfa\
\xff\xb7\xe1\xfa\xff\xb8\xe2\xfa\xff\xb9\xe3\xfa\xff\xb9\xe4\xfa\
\xff\xb9\xe3\xf9\xff\xb8\xe1\xfa\xff\xb6\xe1\xf9\xff\xb5\xe1\xf9\
\xff\xb3\xe0\xf9\xff\xb2\xdf\xfa\xff\xaf\xdd\xf9\xff\xad\xdc\xf9\
\xff\xaa\xd9\xf9\xff\xa9\xd7\xfa\xffo\x8f\xab\xff\x0e\x17(\
\xff\x0d\x12\x1e\xff\x14\x1b%\xff\x1b$/\xff\x07\x0c\x10\
\xff\x03\x05\x08\xff\x10\x14\x19\xff\x17\x1f)\xff\x13\x1c&\
\xff\x10\x19!\xff\x0c\x16\x1b\xff\x0a\x14\x17\xff\x0f\x1a\x1e\
\xff\x11\x1c\x1f\xff\x13\x1e\x22\xff\x16\x1e%\xff\x11\x14\x17\
\xff\x0f\x0e\x10\xff\x02\x02\x02\xff\x00\x02\x03\xff\x0a\x0c\x0f\
\xff\x0f\x13\x18\xff\x06\x0b\x13\xff\x11\x19)\xff1@V\
\xfft\x96\xb4\xff\xa9\xd8\xf9\xff\xa9\xd8\xf8\xff\xad\xdc\xf9\
\xff\xb0\xde\xfa\xff\xb4\xe1\xf9\xff\xb6\xe2\xfa\xff\xb7\xe2\xfa\
\xff\xb8\xe3\xfa\xff\xb9\xe4\xf9\xff\xb9\xe4\xf9\xff\xba\xe5\xfa\
\xff\xb6\xe0\xf6\xff\xb6\xe0\xf7\xff\xb8\xe2\xfa\xff\xb8\xe2\xfa\
\xff\xb6\xe1\xfa\xff\xb3\xe0\xfa\xff\xb0\xdf\xfa\xff\xaf\xdd\xf9\
\xff\xab\xda\xf8\xff\xa8\xd7\xf9\xff\x94\xbc\xdd\xff!/A\
\xff\x0c\x11\x1d\xff\x18!-\xff\x16\x1e)\xff\x01\x05\x09\
\xff\x04\x07\x0b\xff\x11\x15\x1b\xff\x1b$/\xff\x19\x22,\
\xff\x14\x1e'\xff\x0d\x17\x1e\xff\x09\x13\x16\xff\x0e\x19\x1d\
\xff\x10\x1c\x1e\xff\x12\x1d!\xff\x15\x1e$\xff\x12\x16\x1a\
\xff\x11\x10\x12\xff\x03\x02\x04\xff\x01\x02\x05\xff\x0e\x11\x15\
\xff\x0c\x10\x15\xff\x07\x0c\x15\xffI`\x82\xff\x9a\xc7\xec\
\xff\xa3\xd2\xf3\xff\xa8\xd8\xf8\xff\xab\xda\xf9\xff\xaf\xdd\xf9\
\xff\xb2\xdf\xfa\xff\xb6\xe1\xfa\xff\xb6\xe2\xfa\xff\xb8\xe3\xf9\
\xff\xb9\xe4\xf9\xff\xb9\xe4\xf9\xff\xb9\xe4\xf9\xff\xb5\xe0\xf5\
\xff\xb0\xdb\xf0\xff\xb3\xde\xf4\xff\xb8\xe3\xf9\xff\xb9\xe4\xf9\
\xff\xb8\xe2\xfa\xff\xb3\xe2\xfa\xff\xb2\xe1\xfa\xff\xb1\xde\xf9\
\xff\xad\xdb\xf8\xff\xa8\xd7\xf8\xff\xa2\xcf\xf2\xff>Rj\
\xff\x0b\x13 \xff\x18!0\xff\x0a\x10\x1a\xff\x00\x04\x09\
\xff\x05\x07\x0b\xff\x11\x16\x1c\xff\x1d'4\xff\x1c&2\
\xff\x19#-\xff\x11\x1b$\xff\x0c\x14\x19\xff\x0f\x18\x1c\
\xff\x11\x1b\x1e\xff\x12\x1d \xff\x14\x1d\x22\xff\x11\x17\x1a\
\xff\x11\x10\x12\xff\x03\x03\x05\xff\x02\x04\x07\xff\x11\x14\x19\
\xff\x0a\x0d\x14\xff\x09\x0f\x19\xffXt\x9b\xff\x9c\xcc\xf2\
\xff\xa3\xd1\xf1\xff\xab\xd9\xf9\xff\xad\xdc\xfa\xff\xb0\xde\xf9\
\xff\xb2\xe0\xfa\xff\xb6\xe1\xfa\xff\xb7\xe2\xfa\xff\xb8\xe3\xf9\
\xff\xb9\xe4\xf9\xff\xb9\xe4\xf9\xff\xb9\xe4\xf9\xff\xa6\xd1\xe7\
\xff\x94\xbb\xd8\xff\x8c\xb4\xd2\xff\xa9\xd3\xea\xff\xba\xe4\xfa\
\xff\xb7\xe1\xfa\xff\xb4\xe1\xf9\xff\xb3\xe1\xf9\xff\xb1\xdf\xf9\
\xff\xae\xdc\xf9\xff\xa9\xd8\xf9\xff\xa8\xd6\xf7\xffa\x80\x9e\
\xff'8W\xff\x13\x1c*\xff\x04\x09\x12\xff\x01\x04\x0a\
\xff\x05\x06\x0a\xff\x11\x17\x1e\xff\x1c)6\xff\x1c&3\
\xff\x1a%1\xff\x16 +\xff\x10\x17\x1f\xff\x0b\x0e\x11\
\xff\x0b\x10\x11\xff\x10\x16\x18\xff\x13\x1b\x1e\xff\x11\x17\x1a\
\xff\x10\x0f\x11\xff\x04\x03\x05\xff\x05\x07\x0a\xff\x11\x14\x1a\
\xff\x07\x0b\x13\xff\x08\x0e\x1a\xffId\x89\xff\x97\xc6\xe9\
\xff\xa7\xd5\xf5\xff\xab\xda\xf8\xff\xaf\xde\xf9\xff\xb1\xdf\xfa\
\xff\xb5\xe1\xf9\xff\xb7\xe1\xfa\xff\xb8\xe1\xfa\xff\xb8\xe1\xf9\
\xff\xb9\xe3\xf9\xff\xb9\xe4\xf9\xff\xb9\xe4\xf9\xff\xb8\xe4\xf9\
\xff\xb2\xdc\xf2\xff\xae\xd8\xef\xff\xb7\xe2\xf7\xff\xb8\xe2\xfa\
\xff\xb7\xe1\xfa\xff\xb6\xe0\xf9\xff\xb4\xe1\xf9\xff\xb0\xdf\xf9\
\xff\xae\xdd\xfa\xff\xaa\xd9\xf9\xff\xa9\xd9\xf9\xffq\x94\xb3\
\xffC_\x8e\xff\x18$9\xff\x03\x06\x0f\xff\x02\x04\x0a\
\xff\x05\x05\x09\xff\x12\x18\x1f\xff\x1d+8\xff\x1d)5\
\xff\x1b'3\xff\x18 +\xff\x11\x17\x1f\xff\x0f\x14\x16\
\xff\x07\x0a\x0a\xff\x02\x03\x03\xff\x05\x06\x07\xff\x07\x08\x0a\
\xff\x0d\x0c\x0e\xff\x05\x04\x06\xff\x09\x0a\x0d\xff\x10\x13\x18\
\xff\x05\x0a\x12\xff\x07\x0e\x1b\xff<Rt\xff\x90\xbc\xde\
\xff\xa9\xd7\xf7\xff\xad\xdb\xf8\xff\xb0\xde\xfa\xff\xb2\xe0\xfa\
\xff\xb5\xe1\xf9\xff\xb7\xe1\xfa\xff\xb8\xe1\xfa\xff\xb7\xe0\xf9\
\xff\xb8\xe2\xf9\xff\xb9\xe3\xf9\xff\xb9\xe4\xf9\xff\xb9\xe4\xf9\
\xff\xb9\xe4\xf9\xff\xba\xe5\xf9\xff\xb9\xe4\xf9\xff\xb8\xe2\xf9\
\xff\xb8\xe1\xfa\xff\xb7\xe0\xf9\xff\xb5\xe1\xf9\xff\xb1\xdf\xf9\
\xff\xaf\xdc\xf9\xff\xab\xd9\xf9\xff\xaa\xd9\xf9\xff{\x9f\xbe\
\xffC]\x8a\xff\x16#5\xff\x03\x06\x0f\xff\x02\x04\x0b\
\xff\x04\x05\x09\xff\x10\x15\x1a\xff\x15\x1c$\xff\x0e\x13\x18\
\xff\x09\x0c\x0f\xff\x05\x06\x09\xff\x04\x04\x06\xff\x14\x19\x1c\
\xff\x0f\x14\x15\xff\x07\x09\x0a\xff\x00\x00\x01\xff\x00\x00\x01\
\xff\x09\x08\x0a\xff\x05\x04\x06\xff\x0c\x0d\x10\xff\x0e\x10\x16\
\xff\x05\x0a\x12\xff\x07\x0d\x1a\xffBYy\xff\x9d\xcb\xee\
\xff\xa9\xd7\xf7\xff\xae\xdb\xf8\xff\xb1\xdd\xf9\xff\xb1\xe0\xf9\
\xff\xb2\xe1\xf9\xff\xb6\xe1\xfa\xff\xb8\xe1\xfa\xff\xb8\xe1\xfa\
\xff\xb8\xe1\xfa\xff\xb8\xe3\xf9\xff\xb9\xe4\xf9\xff\xb9\xe4\xf9\
\xff\xb8\xe3\xf8\xff\xb9\xe4\xf9\xff\xb9\xe4\xf9\xff\xb8\xe2\xf9\
\xff\xb8\xe1\xfa\xff\xb7\xe1\xf9\xff\xb6\xe0\xf8\xff\xb2\xdf\xf9\
\xff\xaf\xdc\xf9\xff\xab\xd8\xf9\xff\xaa\xd9\xfa\xff\x84\xab\xca\
\xff:Qx\xff\x0b\x14!\xff\x03\x07\x10\xff\x02\x04\x0b\
\xff\x04\x05\x09\xff\x05\x07\x08\xff\x01\x01\x01\xff\x00\x00\x00\
\xff\x00\x00\x00\xff\x02\x02\x03\xff\x09\x0a\x0b\xff\x14\x19\x1c\
\xff\x12\x17\x1a\xff\x0f\x12\x13\xff\x06\x06\x07\xff\x01\x00\x01\
\xff\x05\x05\x06\xff\x05\x05\x06\xff\x0f\x10\x14\xff\x0b\x0d\x13\
\xff\x06\x0a\x11\xff\x07\x0d\x18\xff;Pl\xff\x9c\xca\xee\
\xff\xa9\xd8\xf8\xff\xac\xda\xf9\xff\xaf\xdd\xf9\xff\xaf\xde\xf9\
\xff\xb1\xdf\xfa\xff\xb4\xe1\xfa\xff\xb7\xe1\xfa\xff\xb7\xe1\xfa\
\xff\xb8\xe1\xfa\xff\xb8\xe2\xf9\xff\xb9\xe3\xf9\xff\xb9\xe4\xf9\
\xff\xb9\xe4\xf9\xff\xb9\xe4\xf9\xff\xb8\xe3\xf9\xff\xb8\xe2\xfa\
\xff\xb8\xe1\xfa\xff\xb5\xe1\xf9\xff\xb3\xe0\xf9\xff\xb1\xde\xf9\
\xff\xaf\xdb\xf9\xff\xab\xd8\xf8\xff\xa9\xd7\xf9\xff\x89\xb3\xd4\
\xff,A^\xff\x06\x0f\x18\xff\x03\x07\x11\xff\x03\x05\x0b\
\xff\x05\x06\x09\xff\x04\x05\x05\xff\x01\x01\x01\xff\x00\x00\x00\
\xff\x05\x05\x05\xff\x0e\x0f\x10\xff\x0f\x13\x16\xff\x11\x19\x1c\
\xff\x13\x1a\x1c\xff\x0f\x13\x14\xff\x0e\x10\x11\xff\x01\x01\x03\
\xff\x02\x01\x03\xff\x04\x04\x05\xff\x10\x12\x15\xff\x07\x09\x0f\
\xff\x06\x09\x11\xff\x07\x0c\x16\xff/B[\xff\x98\xc6\xea\
\xff\xaa\xd8\xf9\xff\xab\xd9\xfa\xff\xac\xdb\xfa\xff\xaf\xde\xf9\
\xff\xb0\xdf\xfa\xff\xb1\xe0\xfa\xff\xb3\xe1\xf9\xff\xb6\xe1\xf9\
\xff\xb8\xe1\xfa\xff\xb8\xe2\xfa\xff\xb8\xe2\xf9\xff\xb9\xe4\xf9\
\xff\xb9\xe4\xf9\xff\xb6\xe1\xf7\xff\xb5\xe2\xf9\xff\xb7\xe1\xfa\
\xff\xb8\xe1\xfa\xff\xb4\xe0\xf9\xff\xb0\xdf\xf9\xff\xae\xdd\xf9\
\xff\xac\xda\xf9\xff\xaa\xd8\xf8\xff\xa8\xd7\xf8\xff\x8d\xb7\xd8\
\xff%4J\xff\x07\x0d\x16\xff\x04\x07\x10\xff\x02\x05\x0b\
\xff\x07\x08\x0c\xff\x04\x04\x05\xff\x01\x00\x01\xff\x04\x05\x05\
\xff\x11\x12\x13\xff\x11\x14\x17\xff\x15\x1f+\xff\x12\x18\x19\
\xff\x16\x1b\x1c\xff\x10\x13\x14\xff\x12\x14\x15\xff\x05\x05\x06\
\xff\x01\x00\x01\xff\x04\x04\x06\xff\x11\x12\x16\xff\x04\x07\x0c\
\xff\x04\x08\x10\xff\x07\x0c\x16\xff*:Q\xff\x96\xc3\xe8\
\xff\xa8\xd6\xf8\xff\xaa\xd9\xf9\xff\xab\xda\xfa\xff\xad\xdc\xfa\
\xff\xaf\xde\xfa\xff\xb0\xdf\xfa\xff\xb1\xe0\xfa\xff\xb5\xe1\xf9\
\xff\xb5\xe1\xf9\xff\xb5\xe1\xf9\xff\xb7\xe1\xfa\xff\xb9\xe3\xfa\
\xff\xb5\xdf\xf5\xff\x8e\xb6\xd6\xff\xb2\xde\xf7\xff\xb6\xe2\xfa\
\xff\xb5\xe0\xfa\xff\xb1\xde\xf9\xff\xae\xdd\xf9\xff\xac\xdb\xf9\
\xff\xaa\xd9\xf9\xff\xa8\xd7\xf7\xff\xa6\xd6\xf7\xff\x8c\xb5\xd4\
\xff\x1c(7\xff\x08\x0c\x15\xff\x04\x06\x10\xff\x03\x06\x0c\
\xff\x0a\x0c\x0f\xff\x02\x02\x03\xff\x02\x01\x03\xff\x0f\x10\x12\
\xff\x13\x15\x16\xff\x16\x1f*\xff\x19&6\xff\x0d\x0f\x10\
\xff\x0f\x14\x14\xff\x0f\x12\x13\xff\x11\x12\x13\xff\x0a\x0b\x0b\
\xff\x00\x00\x00\xff\x06\x07\x08\xff\x0f\x11\x14\xff\x03\x07\x0a\
\xff\x05\x08\x10\xff\x08\x0d\x16\xff#0C\xff\x91\xbc\xe0\
\xff\xa4\xd3\xf6\xff\xa8\xd8\xf8\xff\xa9\xd9\xf9\xff\xaa\xdb\xf9\
\xff\xac\xdd\xfa\xff\xae\xde\xfa\xff\xaf\xe0\xfa\xff\xb1\xe0\xf9\
\xff\xb2\xe0\xf9\xff\xb3\xe0\xf9\xff\xb7\xe1\xfa\xff\xb8\xe1\xfa\
\xff\xb6\xdf\xf7\xff\xa1\xca\xe6\xff\xb4\xe0\xf8\xff\xb3\xe0\xf9\
\xff\xb2\xdf\xfa\xff\xaf\xde\xf9\xff\xaa\xd9\xf5\xff\xa6\xd6\xf4\
\xff\xa8\xd8\xf7\xff\xa8\xd7\xf7\xff\xa4\xd5\xf6\xff\x8a\xb3\xd2\
\xff\x1a#0\xff\x08\x0b\x15\xff\x04\x06\x0f\xff\x05\x08\x0e\
\xff\x0c\x0d\x11\xff\x01\x00\x02\xff\x08\x08\x0b\xff\x13\x15\x17\
\xff\x15\x1c$\xff\x1a'6\xff\x19&6\xff\x0f\x11\x11\
\xff\x0c\x0e\x0f\xff\x0d\x0e\x0f\xff\x0f\x10\x11\xff\x10\x11\x12\
\xff\x01\x01\x00\xff\x08\x09\x0a\xff\x0e\x10\x12\xff\x02\x05\x07\
\xff\x05\x07\x0e\xff\x09\x0d\x15\xff\x1c%5\xff\x89\xb3\xd5\
\xff\xa0\xd2\xf6\xff\xa2\xd5\xf6\xff\xa3\xd6\xf8\xff\xa4\xd6\xf7\
\xff\x9b\xca\xe6\xff\x97\xc2\xdc\xff\x9d\xc8\xe2\xff\xa8\xd6\xf0\
\xff\xb0\xde\xf9\xff\xb2\xdf\xfa\xff\xb7\xe0\xfa\xff\xb8\xe1\xfa\
\xff\xb8\xe1\xfa\xff\xb8\xe2\xfb\xff\xb4\xe1\xf9\xff\xb2\xdf\xf9\
\xff\xad\xd9\xf3\xff\x9a\xbe\xd6\xffq\x89\xa0\xffe{\x92\
\xff~\x9c\xb3\xff\x97\xbd\xd9\xff\xa1\xd2\xf4\xff\x8c\xb8\xd8\
\xff\x1c&2\xff\x08\x0a\x14\xff\x03\x05\x0e\xff\x08\x0b\x10\
\xff\x0c\x0e\x11\xff\x02\x01\x03\xff\x10\x10\x13\xff\x13\x15\x1a\
\xff\x1c'5\xff\x19&5\xff\x19&6\xff\x0f\x11\x12\
\xff\x0d\x0f\x10\xff\x10\x11\x12\xff\x0c\x0c\x0e\xff\x14\x15\x16\
\xff\x02\x02\x02\xff\x0b\x0c\x0d\xff\x0d\x0d\x0f\xff\x01\x03\x06\
\xff\x03\x06\x0d\xff\x08\x0b\x13\xff\x14\x1b(\xff\x7f\xa7\xc7\
\xff\xa0\xd2\xf7\xff\xa0\xd1\xf7\xff\x9a\xc7\xe9\xff\x85\xa3\xb9\
\xffoz\x8a\xff[bw\xff^g~\xff\x8a\xa0\xb6\
\xff\xaa\xce\xe6\xff\xae\xdd\xf8\xff\xb3\xe0\xfa\xff\xb5\xe1\xfb\
\xff\xb5\xe0\xfa\xff\xb4\xe0\xfa\xff\xb2\xe0\xf9\xff\xb2\xde\xf8\
\xff\xb2\xd0\xe4\xff}\x81\x92\xffRHZ\xff=4F\
\xffLGV\xff\x87\x95\xa5\xff\x98\xbf\xdd\xff\x8c\xbb\xdd\
\xff +8\xff\x07\x0a\x13\xff\x03\x05\x0e\xff\x0c\x0f\x13\
\xff\x0c\x0e\x11\xff\x06\x06\x08\xff\x12\x14\x16\xff\x13\x19!\
\xff\x1e*;\xff\x1a'6\xff\x18%5\xff\x0f\x11\x12\
\xff\x0d\x0f\x10\xff\x12\x15\x15\xff\x14\x16\x17\xff\x13\x15\x16\
\xff\x04\x04\x04\xff\x0c\x0e\x10\xff\x0b\x0b\x0d\xff\x01\x03\x06\
\xff\x03\x06\x0d\xff\x07\x09\x12\xff\x0e\x12\x1d\xffp\x95\xb1\
\xff\x9d\xd0\xf8\xff\x97\xc1\xe6\xff\x8f\xa8\xbc\xffadp\
\xffVBN\xffU@P\xffF;Q\xff\x5c\x5cs\
\xff\xb3\xcb\xde\xff\xb1\xde\xf7\xff\xaf\xde\xfa\xff\xb1\xe0\xfa\
\xff\xb1\xe0\xfa\xff\xb0\xdf\xfa\xff\xaf\xde\xf9\xff\xb8\xe1\xfa\
\xff\x91\xa0\xb1\xffM@R\xffI;L\xff5.=\
\xff=0<\xffnlv\xff\xaa\xcd\xe5\xff\x8d\xbd\xe1\
\xff$1@\xff\x06\x09\x11\xff\x03\x06\x0d\xff\x10\x13\x17\
\xff\x0c\x0e\x11\xff\x0b\x0e\x10\xff\x10\x13\x16\xff\x18 -\
\xff\x1f*<\xff\x1b'8\xff\x17$4\xff\x07\x09\x09\
\xff\x04\x05\x06\xff\x0b\x0d\x0d\xff\x1a\x1d\x1e\xff\x13\x16\x18\
\xff\x03\x04\x04\xff\x0e\x10\x11\xff\x09\x0a\x0b\xff\x01\x03\x04\
\xff\x02\x05\x0b\xff\x05\x07\x11\xff\x09\x0c\x15\xff^|\x95\
\xff\x97\xc7\xef\xff\x9f\xc2\xde\xff\x95\xa3\xaf\xff@6>\
\xffB2<\xffN9C\xffS?K\xffA8L\
\xff\x8a\x97\xaa\xff\xb8\xe0\xf9\xff\xad\xdc\xfa\xff\xaf\xde\xfa\
\xff\xb0\xde\xfa\xff\xb0\xde\xf9\xff\xaf\xdd\xf9\xff\xb7\xdd\xf6\
\xfflq\x83\xff4,?\xff5,<\xff6+9\
\xff1&2\xffUGN\xff\xb2\xce\xdf\xff\x94\xc4\xe9\
\xff)8G\xff\x04\x07\x0e\xff\x04\x07\x0d\xff\x12\x15\x19\
\xff\x0d\x0f\x13\xff\x11\x14\x17\xff\x0f\x13\x17\xff\x1c&6\
\xff\x1d*;\xff\x1b'7\xff\x18#3\xff\x00\x01\x01\
\xff\x00\x00\x00\xff\x04\x05\x06\xff\x19\x1b\x1d\xff\x1b\x1e\x22\
\xff\x0e\x10\x12\xff\x0f\x10\x11\xff\x08\x08\x08\xff\x01\x02\x03\
\xff\x02\x05\x09\xff\x03\x05\x0f\xff\x06\x07\x11\xffH^s\
\xff\x98\xca\xf2\xff\xba\xdf\xf8\xffv}\x87\xff/#+\
\xff3'/\xff;-5\xffG5?\xffH7E\
\xffpu\x88\xff\xb8\xde\xf8\xff\xab\xda\xf9\xff\xad\xdc\xf9\
\xff\xaf\xdc\xf9\xff\xaf\xdc\xf9\xff\xac\xda\xf9\xff\xb2\xda\xf4\
\xff`f{\xff,%;\xff'\x223\xff+#-\
\xff(\x1f'\xff2(2\xff\x91\xaa\xbc\xff\x94\xc4\xe9\
\xff1AQ\xff\x02\x04\x0c\xff\x04\x08\x0d\xff\x14\x17\x1b\
\xff\x11\x14\x18\xff\x14\x17\x1a\xff\x11\x17\x1e\xff\x1c):\
\xff\x1b(8\xff\x1a&5\xff\x18#2\xff\x0b\x0c\x0e\
\xff\x02\x03\x03\xff\x00\x01\x01\xff\x13\x14\x16\xff\x1d #\
\xff\x1a\x1d!\xff\x0f\x10\x11\xff\x03\x03\x03\xff\x01\x02\x02\
\xff\x03\x05\x07\xff\x04\x06\x0c\xff\x04\x06\x0e\xff+8L\
\xff\x90\xbd\xe3\xff\xb3\xd4\xeb\xff_cl\xff)\x1c#\
\xff, (\xff,#+\xff0(2\xff7*7\
\xffij{\xff\xa9\xd0\xec\xff\xa8\xd8\xf9\xff\xab\xda\xf9\
\xff\xac\xdb\xfa\xff\xab\xda\xf9\xff\xab\xdb\xfb\xff\x9e\xc6\xe5\
\xffNVn\xff(#6\xff& /\xff) (\
\xff$\x1c\x22\xff$ *\xff_w\x90\xff\x8c\xbb\xdd\
\xff0AP\xff\x01\x03\x0b\xff\x06\x09\x0d\xff\x15\x18\x1c\
\xff\x16\x19\x1d\xff\x12\x15\x18\xff\x14\x1d'\xff\x1b(7\
\xff\x1a'5\xff\x19%3\xff\x17\x220\xff\x15\x16\x19\
\xff\x12\x14\x14\xff\x05\x05\x05\xff\x0b\x0b\x0c\xff\x1e #\
\xff\x1e!%\xff\x1a\x1d \xff\x08\x09\x0a\xff\x00\x01\x02\
\xff\x02\x04\x06\xff\x03\x05\x0b\xff\x03\x05\x0e\xff\x14\x1b,\
\xffq\x94\xbb\xff}\x9b\xbb\xffIN_\xff(\x1c\x22\
\xff)\x1e&\xff)\x1f(\xff)!-\xff'!0\
\xffNXp\xff\x8d\xb6\xd7\xff\xa5\xd6\xf8\xff\xa9\xd8\xf8\
\xff\xaa\xd9\xf9\xff\xa9\xd9\xf9\xff\xa1\xce\xec\xff\x89\xad\xcc\
\xffJXt\xff\x22!2\xff#\x1e+\xff#\x1b'\
\xff\x1e\x17!\xff\x19\x19#\xffDSc\xffm\x8d\xa3\
\xff\x14\x1b&\xff\x02\x04\x0c\xff\x07\x0a\x0f\xff\x17\x1a\x1d\
\xff\x17\x19\x1d\xff\x11\x14\x18\xff\x18$0\xff\x1a&5\
\xff\x19%3\xff\x18#2\xff\x16!/\xff\x0c\x0d\x10\
\xff\x16\x18\x19\xff\x16\x18\x1a\xff\x0a\x0a\x0b\xff\x1c\x1d\x1f\
\xff!#&\xff\x1f\x22&\xff\x18\x1a\x1d\xff\x05\x05\x08\
\xff\x01\x03\x05\xff\x02\x05\x09\xff\x03\x05\x0d\xff\x0a\x0e\x1b\
\xffATv\xffJ\x5cr\xff:BR\xff\x1f\x18\x1e\
\xff!\x18!\xff#\x1a%\xff&\x1f+\xff#\x221\
\xffIXt\xff}\xa0\xbf\xff\x8c\xba\xde\xff\xa5\xd3\xf4\
\xff\xa7\xd7\xf7\xff\xa6\xd6\xf8\xff\x94\xbd\xdb\xffRg\x80\
\xff -C\xff\x13\x1b.\xff\x12\x17'\xff\x13\x18$\
\xff\x1b!-\xff/<K\xffj\x84\x9c\xffL`t\
\xff\x03\x05\x0f\xff\x02\x05\x0c\xff\x09\x0c\x10\xff\x17\x1a\x1e\
\xff\x15\x18\x1c\xff\x14\x19\x1e\xff\x1d(7\xff\x1a%6\
\xff\x19$4\xff\x18\x222\xff\x16!/\xff\x0d\x11\x15\
\xff\x0c\x0e\x11\xff\x19\x1b\x1d\xff\x18\x1a\x1d\xff\x1b\x1c\x1e\
\xff\x22%&\xff\x22%(\xff #'\xff\x13\x15\x18\
\xff\x01\x04\x05\xff\x01\x05\x08\xff\x04\x08\x0c\xff\x06\x09\x0f\
\xff5Eg\xff3Ba\xff%0A\xff\x1c\x22/\
\xff\x17\x1b'\xff\x14\x19%\xff\x15\x1b(\xff#,<\
\xffK`x\xff~\xa4\xbf\xff~\xad\xd4\xff|\xa6\xd1\
\xff\xa2\xd1\xf4\xff\xa0\xd0\xf3\xff\x82\xad\xd3\xff\x81\xa5\xc8\
\xfft\x97\xb5\xffj\x8b\xa9\xffl\x8b\xa7\xffp\x91\xad\
\xff\x83\xaa\xca\xff\x93\xbf\xe4\xff\x8f\xb9\xde\xff\x22+9\
\xff\x02\x04\x0d\xff\x02\x05\x0a\xff\x0b\x0e\x12\xff\x18\x1b\x1f\
\xff\x14\x17\x1a\xff\x0a\x0c\x0e\xff\x11\x16\x1c\xff\x17\x1f+\
\xff\x1a$2\xff\x17\x220\xff\x15 .\xff\x0d\x16\x19\
\xff\x0d\x12\x15\xff\x10\x11\x12\xff\x1d \x22\xff\x1f!\x22\
\xff#%&\xff$'(\xff\x22%)\xff\x1f\x22&\
\xff\x0d\x10\x12\xff\x01\x04\x05\xff\x0c\x0e\x10\xff\x0d\x10\x10\
\xff-;U\xffNj\x9d\xffg\x87\xb3\xff\x81\xa7\xc9\
\xffz\xa1\xc2\xffv\x9c\xbc\xffv\x9d\xba\xff}\xa4\xc3\
\xffr\x98\xbd\xffSq\x98\xffb\x84\xa1\xff_\x85\xb8\
\xff|\xa2\xd0\xff\x9f\xcf\xf3\xffr\x9b\xc7\xffTq\xa6\
\xff]}\xad\xffj\x92\xbc\xff\x8a\xb4\xd9\xff|\xa2\xc8\
\xff~\xa7\xd2\xff\x98\xc5\xf0\xffd\x83\xa3\xff\x07\x0b\x14\
\xff\x03\x06\x0c\xff\x02\x05\x09\xff\x0f\x12\x16\xff\x19\x1c \
\xff\x11\x13\x16\xff\x01\x01\x01\xff\x01\x01\x00\xff\x03\x04\x05\
\xff\x0e\x12\x18\xff\x17!-\xff\x15!-\xff\x0c\x15\x19\
\xff\x10\x17\x1c\xff\x0d\x11\x13\xff\x19\x1b\x1b\xff !\x22\
\xff#&'\xff$()\xff#'*\xff\x22%)\
\xff\x1d!$\xff\x08\x0c\x0d\xff\x04\x08\x09\xff\x15\x1a\x1a\
\xff#,8\xffF_\x8a\xffSq\xa5\xffr\x98\xc6\
\xff\x90\xbf\xe9\xff\x92\xc1\xea\xff\x83\xaf\xd4\xffe\x8b\xb4\
\xffRs\xa3\xffXz\xa6\xff4F[\xff@X}\
\xffWx\xad\xffz\xa2\xcf\xff\x95\xc3\xeb\xffx\xa1\xcc\
\xff{\xa5\xcf\xff\x8e\xbb\xe2\xff\x9e\xcd\xf2\xffg\x86\xa3\
\xffIc\x8c\xff\x81\xab\xda\xff1B[\xff\x02\x04\x0c\
\xff\x03\x06\x0a\xff\x02\x05\x08\xff\x13\x15\x19\xff\x1b\x1d!\
\xff\x0d\x0e\x10\xff\x00\x01\x01\xff\x00\x01\x01\xff\x00\x00\x00\
\xff\x01\x01\x01\xff\x0b\x0d\x12\xff\x15\x1e)\xff\x0c\x14\x1b\
\xff\x10\x17\x1d\xff\x0f\x15\x18\xff\x11\x12\x13\xff!!\x22\
\xff\x22%&\xff$)+\xff%*-\xff!&)\
\xff $&\xff\x19\x1d\x1e\xff\x04\x07\x08\xff\x0d\x10\x11\
\xff\x1b  \xff!)2\xff:Nq\xffPo\xa2\
\xfft\x9e\xcc\xff\x95\xc7\xf0\xff\x97\xc7\xef\xff\x95\xc4\xeb\
\xff\x92\xc0\xe8\xff\x96\xc4\xeb\xffNd}\xff\x1f)<\
\xff8Ps\xffUw\xab\xffx\xa0\xce\xff\x9f\xce\xf4\
\xff\xa4\xd4\xf9\xff\xa2\xd3\xf7\xff\xa3\xd3\xf9\xffj\x89\xa4\
\xff\x1f':\xffBY\x83\xff\x13\x1b,\xff\x02\x04\x0c\
\xff\x02\x05\x09\xff\x03\x05\x08\xff\x18\x19\x1d\xff\x1b\x1c \
\xff\x08\x08\x0a\xff\x00\x00\x00\xff\x03\x04\x04\xff\x07\x08\x0a\
\xff\x07\x07\x07\xff\x05\x04\x03\xff\x08\x0a\x0c\xff\x0e\x14\x1b\
\xff\x10\x17\x1c\xff\x11\x18\x1c\xff\x0b\x0d\x0e\xff\x1c\x1d\x1e\
\xff!$%\xff%*,\xff',.\xff%*+\
\xff\x1a\x1c\x1f\xff #$\xff\x13\x16\x17\xff\x04\x07\x08\
\xff\x16\x1a\x1b\xff\x1c!$\xff\x17\x1d$\xff%3L\
\xffE_\x8a\xffk\x90\xba\xff\x8f\xba\xe0\xff\x91\xba\xde\
\xff\x88\xae\xd0\xff\x94\xbf\xe3\xffn\x8d\xab\xff\x22,<\
\xff\x1e(8\xff9Mp\xffNl\x9b\xffa\x7f\xa3\
\xffv\x98\xb6\xff{\x9d\xba\xff}\xa1\xbf\xffYu\x8c\
\xff\x11\x16 \xff\x1c\x220\xff\x08\x0b\x14\xff\x03\x05\x0b\
\xff\x02\x04\x06\xff\x06\x07\x09\xff\x1c\x1d \xff\x19\x1a\x1e\
\xff\x03\x04\x05\xff\x0a\x0b\x0c\xff\x16\x19\x1c\xff\x17\x1a\x1e\
\xff\x15\x17\x1a\xff\x11\x13\x15\xff\x0b\x0d\x0f\xff\x0e\x14\x1d\
\xff\x0e\x15\x1c\xff\x11\x18\x1f\xff\x0e\x12\x14\xff\x18\x19\x1a\
\xff\x22%&\xff&*+\xff(-.\xff(-.\
\xff\x1f$&\xff\x16\x19\x1a\xff $%\xff\x0b\x0e\x0f\
\xff\x0b\x0e\x0f\xff\x1b!%\xff\x1b!&\xff\x15\x19\x1f\
\xff\x12\x18$\xff'4L\xffD[|\xffc\x80\xa0\
\xff\x85\xad\xd0\xff\x9a\xc8\xef\xff\x87\xb0\xd2\xff+8H\
\xff )5\xff\x1b#0\xff8Mo\xffLi\x9b\
\xff[w\xa0\xffz\x9d\xbd\xff\x83\xae\xce\xffn\x90\xaa\
\xff\x10\x15\x1f\xff\x16\x19 \xff\x0d\x10\x15\xff\x03\x05\x09\
\xff\x02\x04\x05\xff\x09\x0b\x0c\xff\x1f $\xff\x17\x18\x1b\
\xff\x0f\x10\x13\xff\x1b\x1e\x22\xff\x1b\x1e\x22\xff\x18\x1b\x1f\
\xff\x13\x16\x1a\xff\x0f\x11\x15\xff\x0e\x10\x15\xff\x0d\x14\x1f\
\xff\x0e\x14\x1b\xff\x11\x17\x1d\xff\x10\x14\x18\xff\x17\x19\x19\
\xff!#%\xff$()\xff(-/\xff(-0\
\xff(-/\xff\x15\x18\x19\xff\x19\x1d\x1d\xff\x1c !\
\xff\x07\x0a\x0b\xff\x15\x19\x1c\xff\x1f#)\xff\x1f\x22*\
\xff\x17\x19!\xff\x11\x16\x22\xff5Gj\xff[|\xae\
\xff\x85\xb0\xdd\xff\x99\xc8\xf1\xff\x94\xc4\xec\xffARg\
\xff\x1f$0\xff\x1e%/\xff\x17\x1e+\xff=Rx\
\xffXy\xaf\xffv\x9d\xcc\xff\x97\xca\xf3\xff~\xa6\xc7\
\xff\x10\x16\x1f\xff\x11\x15\x1b\xff\x18\x1b\x1f\xff\x08\x0a\x0d\
\xff\x01\x03\x04\xff\x0d\x0f\x11\xff !%\xff\x1c\x1e!\
\xff\x1f!$\xff\x1d $\xff\x1b\x1c \xff\x11\x12\x14\
\xff\x0b\x0e\x11\xff\x10\x16\x1f\xff\x13\x1b)\xff\x0f\x16!\
\xff\x0d\x12\x1a\xff\x0f\x15\x1b\xff\x0e\x13\x19\xff\x16\x18\x1a\
\xff!#$\xff#&(\xff',/\xff).0\
\xff)./\xff\x22&'\xff\x0d\x10\x11\xff\x1f#$\
\xff\x16\x19\x1a\xff\x0a\x0d\x0e\xff\x1f#'\xff $+\
\xff $+\xff\x17\x1a!\xff\x0d\x10\x1b\xff-=[\
\xffTs\xa3\xffz\xa2\xd1\xff\x97\xc7\xf1\xffa}\x99\
\xff\x1f$.\xff &/\xff\x1d\x22*\xff\x15\x1c(\
\xff>Ry\xffWu\xab\xffs\x99\xcb\xff\x7f\xa8\xcd\
\xff\x13\x1b$\xff\x0c\x0f\x14\xff\x1b\x1e\x22\xff\x13\x16\x19\
\xff\x02\x03\x04\xff\x12\x13\x15\xff\x22#'\xff \x22$\
\xff \x22&\xff\x1d\x1f#\xff\x16\x17\x19\xff\x0c\x11\x16\
\xff\x15\x1e+\xff\x17\x221\xff\x14\x1e-\xff\x0e\x18\x22\
\xff\x0a\x12\x1a\xff\x0c\x14\x19\xff\x0e\x14\x1b\xff\x12\x15\x17\
\xff \x22#\xff#&(\xff&*-\xff).0\
\xff)./\xff(-.\xff\x16\x1a\x1b\xff\x0d\x10\x11\
\xff\x22&'\xff\x0d\x11\x11\xff\x15\x19\x1b\xff\x22')\
\xff!&*\xff!%+\xff\x17\x1a \xff\x09\x0d\x15\
\xff%2L\xffNj\x9a\xffm\x95\xc5\xffv\x9d\xbf\
\xff'1:\xff\x1f%,\xff\x1f%,\xff\x1b\x1f%\
\xff\x12\x17#\xff<Pv\xffTs\xaa\xffe\x87\xb1\
\xff\x17\x1f'\xff\x06\x09\x0c\xff\x19\x1c \xff\x1d\x1f#\
\xff\x09\x0a\x0c\xff\x16\x17\x1a\xff#$'\xff!#%\
\xff\x1f\x22%\xff\x1b\x1e\x22\xff\x15\x1c$\xff\x16 /\
\xff\x17!2\xff\x16 0\xff\x12\x1d+\xff\x10\x1a%\
\xff\x0c\x14\x1d\xff\x0c\x13\x19\xff\x0f\x15\x1c\xff\x0f\x12\x16\
\xff\x1c\x1f \xff#'(\xff$)+\xff).0\
\xff*.0\xff)./\xff$)*\xff\x08\x0b\x0c\
\xff\x16\x19\x1a\xff\x1e##\xff\x0d\x10\x11\xff $&\
\xff#'+\xff\x22'*\xff!&(\xff\x15\x19\x1e\
\xff\x06\x08\x11\xff\x1d&<\xffEa\x8d\xffX|\xab\
\xff.<M\xff\x1d#(\xff\x1e%*\xff %)\
\xff\x18\x1b \xff\x0e\x13\x1c\xff6Kn\xffFc\x90\
\xff\x10\x16\x1f\xff\x03\x05\x06\xff\x16\x18\x1b\xff\x1f\x22&\
\xff\x17\x18\x1c\xff\x1d\x1e\x22\xff\x22$'\xff!#%\
\xff\x1e!$\xff\x18\x1c!\xff\x17 .\xff\x17!2\
\xff\x15 1\xff\x14\x1f/\xff\x12\x1c+\xff\x11\x1b'\
\xff\x0d\x15\x1f\xff\x0c\x12\x1b\xff\x0f\x15\x1c\xff\x0e\x12\x18\
\xff\x18\x1a\x1b\xff#'(\xff%)+\xff(-0\
\xff,/3\xff+.1\xff)-/\xff\x16\x1a\x1a\
\xff\x05\x07\x08\xff\x1f#$\xff\x16\x19\x1a\xff\x15\x19\x1a\
\xff#()\xff\x22'(\xff#()\xff\x22'(\
\xff\x13\x17\x1b\xff\x02\x05\x0b\xff\x15\x1d,\xff?W\x81\
\xff3D_\xff\x1f$%\xff\x1f'(\xff &(\
\xff %'\xff\x14\x18\x1a\xff\x0a\x10\x16\xff-=Y\
\xff\x0f\x15\x1e\xff\x01\x03\x03\xff\x10\x11\x13\xff\x1f\x22&\
\xff !%\xff!\x22&\xff!#%\xff!#$\
\xff\x1b\x1e\x1f\xff\x12\x16\x1c\xff\x15\x1f,\xff\x17#3\
\xff\x15!1\xff\x12\x1e.\xff\x12\x1c-\xff\x11\x1a'\
\xff\x0e\x16!\xff\x0c\x12\x1b\xff\x0d\x14\x1b\xff\x09\x0d\x10\
\xff\x0f\x0f\x10\xff!%&\xff&*,\xff'+.\
\xff,/3\xff+.2\xff)-/\xff\x22''\
\xff\x06\x07\x08\xff\x10\x10\x12\xff\x22&'\xff\x11\x14\x15\
\xff\x1f#$\xff#()\xff$)*\xff$)*\
\xff\x22'(\xff\x0f\x14\x15\xff\x02\x05\x07\xff\x10\x15 \
\xff+8O\xff!'*\xff\x22'(\xff!'(\
\xff!&'\xff %&\xff\x11\x14\x17\xff\x06\x0a\x0f\
\xff\x05\x08\x0b\xff\x01\x02\x03\xff\x09\x09\x0a\xff\x1e #\
\xff!\x22'\xff\x1f!$\xff\x1f!\x22\xff\x1f!\x22\
\xff\x15\x17\x19\xff\x0e\x14\x1c\xff\x13\x1d(\xff\x18$4\
\xff\x17#3\xff\x12\x1e.\xff\x11\x1b,\xff\x11\x1a(\
\xff\x0f\x17#\xff\x0c\x13\x1c\xff\x0a\x0e\x13\xff\x02\x02\x03\
\xff\x04\x05\x06\xff\x1c\x1f \xff%*+\xff&+.\
\xff)-1\xff+.2\xff)-/\xff',-\
\xff\x13\x16\x17\xff\x03\x03\x04\xff\x1b\x1d\x1e\xff\x1d!\x22\
\xff\x18\x1a\x1b\xff%*+\xff%*+\xff%*+\
\xff$)*\xff %'\xff\x0d\x10\x13\xff\x01\x03\x07\
\xff\x06\x0a\x0e\xff\x17\x1b\x1d\xff#%(\xff\x22&(\
\xff!&'\xff\x22&)\xff #'\xff\x0b\x0d\x11\
\xff\x01\x02\x04\xff\x01\x01\x02\xff\x03\x03\x04\xff\x1a\x1c\x1d\
\xff\x22#'\xff\x1f!$\xff\x1d\x1f \xff\x1b\x1d\x1e\
\xff\x0e\x12\x16\xff\x0e\x15\x1e\xff\x0f\x18#\xff\x16!1\
\xff\x17#3\xff\x12\x1e.\xff\x10\x1a+\xff\x11\x1a'\
\xff\x10\x19$\xff\x0b\x13\x1b\xff\x03\x04\x06\xff\x00\x00\x01\
\xff\x06\x06\x07\xff\x17\x19\x1a\xff#()\xff'+.\
\xff&+.\xff*-1\xff).0\xff(-.\
\xff!&'\xff\x07\x07\x09\xff\x0a\x08\x0a\xff!%&\
\xff\x19\x1d\x1e\xff!&'\xff%*+\xff&+,\
\xff&+,\xff$)+\xff\x1f$'\xff\x0b\x0d\x11\
\xff\x00\x04\x06\xff\x05\x07\x07\xff\x1a\x1b\x1d\xff#&)\
\xff#&)\xff#&*\xff\x22%)\xff\x1a\x1d \
\xff\x04\x05\x06\xff\x01\x01\x01\xff\x01\x01\x01\xff\x14\x15\x15\
\xff!#'\xff\x1e!$\xff\x1b\x1d\x1e\xff\x11\x13\x14\
\xff\x0c\x13\x18\xff\x0e\x15\x1d\xff\x0d\x14\x1e\xff\x12\x1c*\
\xff\x14 0\xff\x12\x1d-\xff\x0e\x19)\xff\x11\x1a'\
\xff\x10\x19'\xff\x08\x0b\x11\xff\x02\x02\x02\xff\x0c\x0e\x0e\
\xff\x19\x1b\x1c\xff\x1f!\x22\xff!$&\xff%*-\
\xff%*-\xff'*.\xff).0\xff)./\
\xff',-\xff\x16\x19\x1a\xff\x03\x01\x02\xff\x12\x12\x14\
\xff\x22&'\xff\x1e\x22#\xff%*+\xff&+,\
\xff&+,\xff%*,\xff$),\xff\x1e!%\
\xff\x08\x0b\x0e\xff\x00\x01\x04\xff\x09\x09\x0c\xff!#'\
\xff$'*\xff#&)\xff\x22%)\xff\x22%)\
\xff\x10\x11\x14\xff\x01\x01\x01\xff\x00\x00\x00\xff\x0f\x10\x11\
\xff\x1f\x22&\xff\x1e #\xff\x15\x17\x18\xff\x09\x0b\x0c\
\xff\x0d\x14\x19\xff\x0e\x14\x1c\xff\x0d\x13\x1c\xff\x0d\x17\x22\
\xff\x11\x1d+\xff\x11\x1c-\xff\x0c\x19(\xff\x11\x1a(\
\xff\x0e\x14\x1e\xff\x04\x05\x06\xff\x0e\x0f\x10\xff\x16\x18\x19\
\xff\x1a\x1c\x1d\xff\x1e \x22\xff #&\xff$'+\
\xff&)-\xff%(,\xff(,/\xff)-0\
\xff',-\xff\x22'(\xff\x0c\x0c\x0d\xff\x05\x02\x04\
\xff\x1c\x1b\x1d\xff#'(\xff#()\xff%*+\
\xff%*+\xff&+,\xff%*+\xff$(*\
\xff\x1d \x22\xff\x07\x08\x0b\xff\x01\x00\x03\xff\x15\x17\x19\
\xff&*+\xff$()\xff#&*\xff\x22%*\
\xff\x1c\x1f#\xff\x05\x06\x07\xff\x00\x00\x00\xff\x10\x11\x11\
\xff\x1f!\x22\xff\x1c\x1e\x1f\xff\x0e\x0f\x10\xff\x09\x0b\x0d\
\xff\x0c\x11\x15\xff\x0d\x13\x1b\xff\x0c\x11\x1a\xff\x0b\x13\x1c\
\xff\x0e\x19&\xff\x0f\x1c,\xff\x0d\x1b*\xff\x10\x19%\
\xff\x08\x0c\x11\xff\x0b\x0c\x0d\xff\x12\x14\x15\xff\x14\x16\x17\
\xff\x18\x1a\x1b\xff\x1b\x1d\x1e\xff\x1d $\xff!$(\
\xff%(,\xff&)-\xff%(,\xff(+.\
\xff&+,\xff%*+\xff\x1a\x1d\x1f\xff\x05\x02\x04\
\xff\x09\x07\x08\xff !#\xff!&'\xff#()\
\xff$)*\xff%*+\xff%*+\xff%)*\
\xff%)*\xff\x1b\x1d\x1f\xff\x03\x04\x06\xff\x07\x08\x09\
\xff#&'\xff&*+\xff$'+\xff#&*\
\xff!$(\xff\x0f\x11\x14\xff\x00\x00\x01\xff\x11\x12\x12\
\xff\x1d\x1e\x1f\xff\x19\x1b\x1c\xff\x0f\x10\x11\xff\x09\x0b\x0d\
\xff\x09\x0e\x12\xff\x0a\x10\x18\xff\x0b\x10\x19\xff\x09\x10\x19\
\xff\x0b\x15 \xff\x0e\x1b)\xff\x0e\x1b+\xff\x00\x00\x00\
\x00\x00\x00\x00\x00\x00\x00\x00\x00\x00\x00\x00\x00\x00\x00\x00\
\x00\x00\x00\x00\x00\x00\x00\x00\x00\x00\x00\x00\x00\x00\x00\x00\
\x00\x00\x00\x00\x00\x00\x00\x00\x00\x00\x00\x00\x00\x00\x00\x00\
\x00\x00\x00\x00\x00\x00\x00\x00\x00\x00\x00\x00\x00\x00\x00\x00\
\x00\x00\x00\x00\x00\x00\x00\x00\x00\x00\x00\x00\x00\x00\x00\x00\
\x00\x00\x00\x00\x00\x00\x00\x00\x00\x00\x00\x00\x00\x00\x00\x00\
\x00\x00\x00\x00\x00\x00\x00\x00\x00\x00\x00\x00\x00\x00\x00\x00\
\x00\x00\x00\x00\x00\x00\x00\x00\x00\x00\x00\x00\x00\x00\x00\x00\
\x00\x00\x00\x00\x00\x00\x00\x00\x00\x00\x00\x00\x00\x00\x00\x00\
\x00\x00\x00\x00\x00\x00\x00\x00\x00\x00\x00\x00\x00\x00\x00\x00\
\x00\x00\x00\x00\x00\x00\x00\x00\x00\x00\x00\x00\x00\x00\x00\x00\
\x00\x00\x00\x00\x00\x00\x00\x00\x00\x00\x00\x00\x00\x00\x00\x00\
\x00\x00\x00\x00\x00\x00\x00\x00\x00\x00\x00\x00\x00\x00\x00\x00\
\x00\x00\x00\x00\x00\x00\x00\x00\x00\x00\x00\x00\x00\x00\x00\x00\
\x00\x00\x00\x00\x00\x00\x00\x00\x00\x00\x00\x00\x00\x00\x00\x00\
\x00\x00\x00\x00\x00\x00\x00\x00\x00\x00\x00\x00\x00\x00\x00\x00\
\x00\x00\x00\x00\x00\x00\x00\x00\x00\x00\x00\x00\x00\x00\x00\x00\
\x00\x00\x00\x00\x00\x00\x00\x00\x00\x00\x00\x00\x00\x00\x00\x00\
\x00\x00\x00\x00\x00\x00\x00\x00\x00\x00\x00\x00\x00\x00\x00\x00\
\x00\x00\x00\x00\x00\x00\x00\x00\x00\x00\x00\x00\x00\x00\x00\x00\
\x00\x00\x00\x00\x00\x00\x00\x00\x00\x00\x00\x00\x00\x00\x00\x00\
\x00\x00\x00\x00\x00\x00\x00\x00\x00\x00\x00\x00\x00\x00\x00\x00\
\x00\x00\x00\x00\x00\x00\x00\x00\x00\x00\x00\x00\x00\x00\x00\x00\
\x00\x00\x00\x00\x00\x00\x00\x00\x00\x00\x00\x00\x00\
"

qt_resource_name = b"\
\x00\x06\
\x06\x8a\x9c\xb3\
\x00a\
\x00s\x00s\x00e\x00t\x00s\
\x00\x03\
\x00\x00x<\
\x00q\
\x00m\x00l\
\x00\x09\
\x06\xc7\x9b\x1c\
\x00a\
\x00b\x00o\x00u\x00t\x00.\x00q\x00m\x00l\
\x00\x0c\
\x0b\xdf\x22<\
\x00s\
\x00e\x00t\x00t\x00i\x00n\x00g\x00s\x00.\x00q\x00m\x00l\
\x00\x0b\
\x09\x8b\x9f\x5c\
\x00c\
\x00o\x00n\x00t\x00r\x00o\x00l\x00.\x00q\x00m\x00l\
\x00\x08\
\x08\x01Z\x5c\
\x00m\
\x00a\x00i\x00n\x00.\x00q\x00m\x00l\
\x00\x05\
\x00o\xa6S\
\x00i\
\x00c\x00o\x00n\x00s\
\x00\x06\
\x07\x03}\xc3\
\x00i\
\x00m\x00a\x00g\x00e\x00s\
\x00\x0a\
\x0a\x88NG\
\x00a\
\x00v\x00a\x00t\x00a\x00r\x00.\x00p\x00n\x00g\
\x00\x0b\
\x08\xe38\xe7\
\x00i\
\x00m\x00a\x00g\x00e\x00-\x000\x00.\x00p\x00n\x00g\
\x00\x08\
\x0aaB\x7f\
\x00i\
\x00c\x00o\x00n\x00.\x00i\x00c\x00o\
"

qt_resource_struct = b"\
\x00\x00\x00\x00\x00\x02\x00\x00\x00\x02\x00\x00\x00\x01\
\x00\x00\x00\x00\x00\x00\x00\x00\
\x00\x00\x00\x12\x00\x02\x00\x00\x00\x04\x00\x00\x00\x08\
\x00\x00\x00\x00\x00\x00\x00\x00\
\x00\x00\x00\x00\x00\x02\x00\x00\x00\x02\x00\x00\x00\x03\
\x00\x00\x00\x00\x00\x00\x00\x00\
\x00\x00\x00\x86\x00\x02\x00\x00\x00\x01\x00\x00\x00\x07\
\x00\x00\x00\x00\x00\x00\x00\x00\
\x00\x00\x00\x96\x00\x02\x00\x00\x00\x02\x00\x00\x00\x05\
\x00\x00\x00\x00\x00\x00\x00\x00\
\x00\x00\x00\xc2\x00\x00\x00\x00\x00\x01\x00\x01\xe9)\
\x00\x00\x01\x9d\xf6\xec\xac\x9b\
\x00\x00\x00\xa8\x00\x00\x00\x00\x00\x01\x00\x00Do\
\x00\x00\x01\x9d\xf6\xec\xc9\x93\
\x00\x00\x00\xde\x00\x00\x00\x00\x00\x01\x00\x02\xe8m\
\x00\x00\x01\x9d\xf6\xedO\xe4\
\x00\x00\x00\x1e\x00\x01\x00\x00\x00\x01\x00\x00\x00\x00\
\x00\x00\x01\x9d\xf6\xf4$\xa7\
\x00\x00\x00p\x00\x01\x00\x00\x00\x01\x00\x00\x10\xf9\
\x00\x00\x01\x9d\xf6\xf4\x02\xb4\
\x00\x00\x00T\x00\x01\x00\x00\x00\x01\x00\x00\x0b\xa0\
\x00\x00\x01\x9d\xf6\xf4h\x04\
\x00\x00\x006\x00\x01\x00\x00\x00\x01\x00\x00\x06<\
\x00\x00\x01\x9d\xf6\xf4J\xf3\
"

def qInitResources():
    QtCore.qRegisterResourceData(0x03, qt_resource_struct, qt_resource_name, qt_resource_data)

def qCleanupResources():
    QtCore.qUnregisterResourceData(0x03, qt_resource_struct, qt_resource_name, qt_resource_data)

qInitResources()
